date,rain,temperature,wind,city,latitude,longitude
2000-01-01,0.0,19.9,9.7,bhubaneswar,20.2961,85.8245
2000-01-02,0.0,18.9,12.0,bhubaneswar,20.2961,85.8245
2000-01-03,0.0,18.5,11.2,bhubaneswar,20.2961,85.8245
2000-01-04,0.0,18.1,10.9,bhubaneswar,20.2961,85.8245
2000-01-05,0.0,17.8,11.3,bhubaneswar,20.2961,85.8245
2000-01-06,0.0,18.2,8.0,bhubaneswar,20.2961,85.8245
2000-01-07,0.0,17.8,10.2,bhubaneswar,20.2961,85.8245
2000-01-08,0.0,18.4,9.7,bhubaneswar,20.2961,85.8245
2000-01-09,0.0,19.9,9.6,bhubaneswar,20.2961,85.8245
2000-01-10,0.0,20.6,8.7,bhubaneswar,20.2961,85.8245
2000-01-11,0.0,20.7,9.4,bhubaneswar,20.2961,85.8245
2000-01-12,0.0,21.0,9.5,bhubaneswar,20.2961,85.8245
2000-01-13,0.0,21.4,9.8,bhubaneswar,20.2961,85.8245
2000-01-14,0.0,22.9,11.6,bhubaneswar,20.2961,85.8245
2000-01-15,0.0,23.0,15.5,bhubaneswar,20.2961,85.8245
2000-01-16,0.0,23.6,7.2,bhubaneswar,20.2961,85.8245
2000-01-17,0.0,22.8,12.8,bhubaneswar,20.2961,85.8245
2000-01-18,0.0,20.8,12.8,bhubaneswar,20.2961,85.8245
2000-01-19,0.0,20.5,8.7,bhubaneswar,20.2961,85.8245
2000-01-20,0.0,23.0,10.3,bhubaneswar,20.2961,85.8245
2000-01-21,0.0,24.0,11.2,bhubaneswar,20.2961,85.8245
2000-01-22,0.0,23.8,15.5,bhubaneswar,20.2961,85.8245
2000-01-23,0.3,24.0,11.7,bhubaneswar,20.2961,85.8245
2000-01-24,0.0,23.0,12.0,bhubaneswar,20.2961,85.8245
2000-01-25,0.0,22.3,11.8,bhubaneswar,20.2961,85.8245
2000-01-26,0.0,21.9,8.4,bhubaneswar,20.2961,85.8245
2000-01-27,0.0,21.8,8.9,bhubaneswar,20.2961,85.8245
2000-01-28,0.0,22.3,11.0,bhubaneswar,20.2961,85.8245
2000-01-29,0.0,22.1,16.3,bhubaneswar,20.2961,85.8245
2000-01-30,0.0,20.7,11.0,bhubaneswar,20.2961,85.8245
2000-01-31,0.0,21.4,11.4,bhubaneswar,20.2961,85.8245
2000-02-01,0.0,21.9,18.4,bhubaneswar,20.2961,85.8245
2000-02-02,0.0,23.4,15.1,bhubaneswar,20.2961,85.8245
2000-02-03,0.0,24.5,12.3,bhubaneswar,20.2961,85.8245
2000-02-04,0.0,25.0,14.5,bhubaneswar,20.2961,85.8245
2000-02-05,0.4,25.3,19.9,bhubaneswar,20.2961,85.8245
2000-02-06,9.4,23.8,14.2,bhubaneswar,20.2961,85.8245
2000-02-07,1.6,22.4,10.5,bhubaneswar,20.2961,85.8245
2000-02-08,1.0,22.1,10.2,bhubaneswar,20.2961,85.8245
2000-02-09,4.0,22.3,6.7,bhubaneswar,20.2961,85.8245
2000-02-10,0.0,23.4,12.3,bhubaneswar,20.2961,85.8245
2000-02-11,0.2,24.4,17.1,bhubaneswar,20.2961,85.8245
2000-02-12,4.8,25.0,13.8,bhubaneswar,20.2961,85.8245
2000-02-13,1.2,23.2,14.7,bhubaneswar,20.2961,85.8245
2000-02-14,0.0,22.6,15.3,bhubaneswar,20.2961,85.8245
2000-02-15,0.0,22.2,12.7,bhubaneswar,20.2961,85.8245
2000-02-16,0.0,22.9,10.4,bhubaneswar,20.2961,85.8245
2000-02-17,7.7,23.7,13.0,bhubaneswar,20.2961,85.8245
2000-02-18,0.8,22.6,13.0,bhubaneswar,20.2961,85.8245
2000-02-19,0.5,22.4,10.2,bhubaneswar,20.2961,85.8245
2000-02-20,0.0,22.0,9.0,bhubaneswar,20.2961,85.8245
2000-02-21,0.2,23.2,11.5,bhubaneswar,20.2961,85.8245
2000-02-22,0.0,22.1,9.7,bhubaneswar,20.2961,85.8245
2000-02-23,0.0,23.3,8.3,bhubaneswar,20.2961,85.8245
2000-02-24,0.0,23.7,6.9,bhubaneswar,20.2961,85.8245
2000-02-25,0.2,23.2,6.5,bhubaneswar,20.2961,85.8245
2000-02-26,0.0,20.7,6.7,bhubaneswar,20.2961,85.8245
2000-02-27,0.0,22.9,12.3,bhubaneswar,20.2961,85.8245
2000-02-28,0.0,24.2,9.7,bhubaneswar,20.2961,85.8245
2000-02-29,0.0,25.0,11.7,bhubaneswar,20.2961,85.8245
2000-03-01,0.0,26.8,15.2,bhubaneswar,20.2961,85.8245
2000-03-02,0.0,27.7,18.8,bhubaneswar,20.2961,85.8245
2000-03-03,0.0,27.8,17.2,bhubaneswar,20.2961,85.8245
2000-03-04,0.0,27.7,18.3,bhubaneswar,20.2961,85.8245
2000-03-05,0.0,27.2,18.2,bhubaneswar,20.2961,85.8245
2000-03-06,0.0,27.5,16.0,bhubaneswar,20.2961,85.8245
2000-03-07,0.0,27.6,18.4,bhubaneswar,20.2961,85.8245
2000-03-08,0.0,27.9,17.1,bhubaneswar,20.2961,85.8245
2000-03-09,0.0,27.7,11.8,bhubaneswar,20.2961,85.8245
2000-03-10,0.0,27.2,11.5,bhubaneswar,20.2961,85.8245
2000-03-11,0.0,27.4,20.1,bhubaneswar,20.2961,85.8245
2000-03-12,0.0,28.2,19.9,bhubaneswar,20.2961,85.8245
2000-03-13,0.3,28.2,21.9,bhubaneswar,20.2961,85.8245
2000-03-14,0.2,28.2,19.7,bhubaneswar,20.2961,85.8245
2000-03-15,0.0,28.2,12.3,bhubaneswar,20.2961,85.8245
2000-03-16,0.0,28.0,11.2,bhubaneswar,20.2961,85.8245
2000-03-17,0.0,27.3,17.8,bhubaneswar,20.2961,85.8245
2000-03-18,0.1,27.9,19.8,bhubaneswar,20.2961,85.8245
2000-03-19,0.0,29.3,15.5,bhubaneswar,20.2961,85.8245
2000-03-20,0.0,28.1,12.9,bhubaneswar,20.2961,85.8245
2000-03-21,0.2,27.7,14.8,bhubaneswar,20.2961,85.8245
2000-03-22,0.0,27.5,15.9,bhubaneswar,20.2961,85.8245
2000-03-23,0.0,27.7,13.5,bhubaneswar,20.2961,85.8245
2000-03-24,0.0,28.1,12.0,bhubaneswar,20.2961,85.8245
2000-03-25,0.0,28.3,14.4,bhubaneswar,20.2961,85.8245
2000-03-26,0.0,28.4,13.5,bhubaneswar,20.2961,85.8245
2000-03-27,0.1,27.8,11.2,bhubaneswar,20.2961,85.8245
2000-03-28,0.0,27.9,15.1,bhubaneswar,20.2961,85.8245
2000-03-29,0.0,28.5,16.1,bhubaneswar,20.2961,85.8245
2000-03-30,0.0,28.0,18.0,bhubaneswar,20.2961,85.8245
2000-03-31,0.0,28.0,15.0,bhubaneswar,20.2961,85.8245
2000-04-01,0.0,29.1,16.8,bhubaneswar,20.2961,85.8245
2000-04-02,0.0,29.6,19.7,bhubaneswar,20.2961,85.8245
2000-04-03,0.0,30.0,19.2,bhubaneswar,20.2961,85.8245
2000-04-04,0.0,30.1,18.3,bhubaneswar,20.2961,85.8245
2000-04-05,0.0,30.1,21.3,bhubaneswar,20.2961,85.8245
2000-04-06,0.0,30.0,21.0,bhubaneswar,20.2961,85.8245
2000-04-07,0.0,30.4,20.5,bhubaneswar,20.2961,85.8245
2000-04-08,0.0,30.9,19.2,bhubaneswar,20.2961,85.8245
2000-04-09,0.0,31.5,21.4,bhubaneswar,20.2961,85.8245
2000-04-10,0.0,31.5,13.9,bhubaneswar,20.2961,85.8245
2000-04-11,0.0,30.4,19.1,bhubaneswar,20.2961,85.8245
2000-04-12,0.0,30.4,17.4,bhubaneswar,20.2961,85.8245
2000-04-13,0.0,30.1,18.4,bhubaneswar,20.2961,85.8245
2000-04-14,0.0,30.0,21.4,bhubaneswar,20.2961,85.8245
2000-04-15,5.1,29.8,21.3,bhubaneswar,20.2961,85.8245
2000-04-16,0.2,30.1,17.0,bhubaneswar,20.2961,85.8245
2000-04-17,0.0,30.4,16.3,bhubaneswar,20.2961,85.8245
2000-04-18,0.0,30.4,19.9,bhubaneswar,20.2961,85.8245
2000-04-19,0.0,30.8,16.8,bhubaneswar,20.2961,85.8245
2000-04-20,0.0,31.0,18.6,bhubaneswar,20.2961,85.8245
2000-04-21,0.0,31.6,18.1,bhubaneswar,20.2961,85.8245
2000-04-22,0.0,31.0,19.1,bhubaneswar,20.2961,85.8245
2000-04-23,0.0,31.3,18.0,bhubaneswar,20.2961,85.8245
2000-04-24,0.0,30.6,20.8,bhubaneswar,20.2961,85.8245
2000-04-25,0.0,31.1,19.8,bhubaneswar,20.2961,85.8245
2000-04-26,0.0,31.1,26.0,bhubaneswar,20.2961,85.8245
2000-04-27,0.0,30.8,21.2,bhubaneswar,20.2961,85.8245
2000-04-28,0.0,31.4,22.4,bhubaneswar,20.2961,85.8245
2000-04-29,0.0,31.1,25.2,bhubaneswar,20.2961,85.8245
2000-04-30,0.0,30.6,23.8,bhubaneswar,20.2961,85.8245
2000-05-01,0.0,31.0,23.4,bhubaneswar,20.2961,85.8245
2000-05-02,0.0,30.7,24.5,bhubaneswar,20.2961,85.8245
2000-05-03,6.7,30.1,24.8,bhubaneswar,20.2961,85.8245
2000-05-04,3.8,29.3,14.5,bhubaneswar,20.2961,85.8245
2000-05-05,1.9,28.9,15.5,bhubaneswar,20.2961,85.8245
2000-05-06,2.4,28.7,18.2,bhubaneswar,20.2961,85.8245
2000-05-07,4.5,28.9,14.0,bhubaneswar,20.2961,85.8245
2000-05-08,3.6,29.6,9.2,bhubaneswar,20.2961,85.8245
2000-05-09,4.0,29.9,13.8,bhubaneswar,20.2961,85.8245
2000-05-10,1.5,30.9,13.9,bhubaneswar,20.2961,85.8245
2000-05-11,0.6,31.8,12.0,bhubaneswar,20.2961,85.8245
2000-05-12,0.6,32.4,10.8,bhubaneswar,20.2961,85.8245
2000-05-13,1.0,32.8,11.6,bhubaneswar,20.2961,85.8245
2000-05-14,2.6,32.6,13.7,bhubaneswar,20.2961,85.8245
2000-05-15,1.5,32.6,13.5,bhubaneswar,20.2961,85.8245
2000-05-16,5.9,31.8,11.8,bhubaneswar,20.2961,85.8245
2000-05-17,0.4,32.2,15.3,bhubaneswar,20.2961,85.8245
2000-05-18,0.0,34.2,16.2,bhubaneswar,20.2961,85.8245
2000-05-19,2.2,33.6,16.9,bhubaneswar,20.2961,85.8245
2000-05-20,13.0,32.2,10.8,bhubaneswar,20.2961,85.8245
2000-05-21,12.0,29.7,7.2,bhubaneswar,20.2961,85.8245
2000-05-22,13.3,29.5,11.3,bhubaneswar,20.2961,85.8245
2000-05-23,5.5,29.6,13.8,bhubaneswar,20.2961,85.8245
2000-05-24,0.0,31.3,18.9,bhubaneswar,20.2961,85.8245
2000-05-25,0.0,31.5,22.2,bhubaneswar,20.2961,85.8245
2000-05-26,0.0,31.6,19.8,bhubaneswar,20.2961,85.8245
2000-05-27,0.0,31.9,24.4,bhubaneswar,20.2961,85.8245
2000-05-28,0.0,32.1,19.2,bhubaneswar,20.2961,85.8245
2000-05-29,0.0,32.2,15.1,bhubaneswar,20.2961,85.8245
2000-05-30,0.0,32.9,12.8,bhubaneswar,20.2961,85.8245
2000-05-31,6.8,31.9,10.8,bhubaneswar,20.2961,85.8245
2000-06-01,0.5,31.0,11.7,bhubaneswar,20.2961,85.8245
2000-06-02,9.9,30.4,13.2,bhubaneswar,20.2961,85.8245
2000-06-03,1.7,30.2,12.8,bhubaneswar,20.2961,85.8245
2000-06-04,12.3,28.0,16.6,bhubaneswar,20.2961,85.8245
2000-06-05,15.2,26.5,19.0,bhubaneswar,20.2961,85.8245
2000-06-06,7.8,28.0,24.5,bhubaneswar,20.2961,85.8245
2000-06-07,0.0,29.0,27.6,bhubaneswar,20.2961,85.8245
2000-06-08,1.6,28.9,24.5,bhubaneswar,20.2961,85.8245
2000-06-09,0.0,29.8,20.0,bhubaneswar,20.2961,85.8245
2000-06-10,8.4,29.6,17.8,bhubaneswar,20.2961,85.8245
2000-06-11,12.6,28.7,17.9,bhubaneswar,20.2961,85.8245
2000-06-12,0.9,29.0,13.1,bhubaneswar,20.2961,85.8245
2000-06-13,9.7,30.1,13.7,bhubaneswar,20.2961,85.8245
2000-06-14,12.2,28.8,16.3,bhubaneswar,20.2961,85.8245
2000-06-15,20.0,28.3,11.1,bhubaneswar,20.2961,85.8245
2000-06-16,14.4,26.7,9.4,bhubaneswar,20.2961,85.8245
2000-06-17,22.0,27.7,11.4,bhubaneswar,20.2961,85.8245
2000-06-18,12.6,26.1,10.3,bhubaneswar,20.2961,85.8245
2000-06-19,0.0,28.4,17.6,bhubaneswar,20.2961,85.8245
2000-06-20,1.0,28.7,21.3,bhubaneswar,20.2961,85.8245
2000-06-21,7.5,28.2,21.5,bhubaneswar,20.2961,85.8245
2000-06-22,8.4,28.3,17.7,bhubaneswar,20.2961,85.8245
2000-06-23,0.3,29.2,15.1,bhubaneswar,20.2961,85.8245
2000-06-24,0.6,30.5,13.2,bhubaneswar,20.2961,85.8245
2000-06-25,0.2,30.7,10.9,bhubaneswar,20.2961,85.8245
2000-06-26,0.9,30.5,13.4,bhubaneswar,20.2961,85.8245
2000-06-27,8.6,29.0,8.0,bhubaneswar,20.2961,85.8245
2000-06-28,14.4,27.3,13.8,bhubaneswar,20.2961,85.8245
2000-06-29,2.0,27.8,19.0,bhubaneswar,20.2961,85.8245
2000-06-30,7.3,27.8,17.6,bhubaneswar,20.2961,85.8245
2000-07-01,4.5,27.7,16.2,bhubaneswar,20.2961,85.8245
2000-07-02,6.9,27.7,11.7,bhubaneswar,20.2961,85.8245
2000-07-03,1.5,28.3,9.2,bhubaneswar,20.2961,85.8245
2000-07-04,1.0,28.5,9.7,bhubaneswar,20.2961,85.8245
2000-07-05,0.7,28.9,11.5,bhubaneswar,20.2961,85.8245
2000-07-06,3.0,28.9,10.6,bhubaneswar,20.2961,85.8245
2000-07-07,13.1,27.3,10.1,bhubaneswar,20.2961,85.8245
2000-07-08,7.9,27.4,9.4,bhubaneswar,20.2961,85.8245
2000-07-09,9.7,28.7,12.3,bhubaneswar,20.2961,85.8245
2000-07-10,14.8,28.2,13.0,bhubaneswar,20.2961,85.8245
2000-07-11,45.0,26.9,12.5,bhubaneswar,20.2961,85.8245
2000-07-12,15.5,26.9,17.7,bhubaneswar,20.2961,85.8245
2000-07-13,4.5,27.9,14.5,bhubaneswar,20.2961,85.8245
2000-07-14,4.0,28.2,16.2,bhubaneswar,20.2961,85.8245
2000-07-15,32.8,27.5,10.0,bhubaneswar,20.2961,85.8245
2000-07-16,98.0,25.6,13.7,bhubaneswar,20.2961,85.8245
2000-07-17,68.8,25.2,16.0,bhubaneswar,20.2961,85.8245
2000-07-18,9.7,25.7,17.6,bhubaneswar,20.2961,85.8245
2000-07-19,14.6,26.4,19.9,bhubaneswar,20.2961,85.8245
2000-07-20,0.7,28.3,18.0,bhubaneswar,20.2961,85.8245
2000-07-21,0.4,28.3,8.3,bhubaneswar,20.2961,85.8245
2000-07-22,1.6,28.8,13.8,bhubaneswar,20.2961,85.8245
2000-07-23,1.2,28.5,12.4,bhubaneswar,20.2961,85.8245
2000-07-24,0.5,28.8,14.6,bhubaneswar,20.2961,85.8245
2000-07-25,18.5,26.3,11.8,bhubaneswar,20.2961,85.8245
2000-07-26,3.0,27.4,14.6,bhubaneswar,20.2961,85.8245
2000-07-27,9.6,27.1,11.1,bhubaneswar,20.2961,85.8245
2000-07-28,0.0,28.3,11.3,bhubaneswar,20.2961,85.8245
2000-07-29,2.9,28.5,11.2,bhubaneswar,20.2961,85.8245
2000-07-30,2.1,28.7,11.9,bhubaneswar,20.2961,85.8245
2000-07-31,9.7,28.5,15.8,bhubaneswar,20.2961,85.8245
2000-08-01,3.0,28.5,17.7,bhubaneswar,20.2961,85.8245
2000-08-02,3.7,28.8,13.6,bhubaneswar,20.2961,85.8245
2000-08-03,0.0,29.2,12.6,bhubaneswar,20.2961,85.8245
2000-08-04,0.9,29.7,11.2,bhubaneswar,20.2961,85.8245
2000-08-05,0.2,29.0,12.4,bhubaneswar,20.2961,85.8245
2000-08-06,1.0,28.4,10.1,bhubaneswar,20.2961,85.8245
2000-08-07,8.6,28.1,13.3,bhubaneswar,20.2961,85.8245
2000-08-08,21.2,27.1,8.7,bhubaneswar,20.2961,85.8245
2000-08-09,19.6,27.0,12.8,bhubaneswar,20.2961,85.8245
2000-08-10,6.5,27.4,20.4,bhubaneswar,20.2961,85.8245
2000-08-11,0.4,27.9,20.5,bhubaneswar,20.2961,85.8245
2000-08-12,0.2,28.2,15.4,bhubaneswar,20.2961,85.8245
2000-08-13,6.6,28.3,15.1,bhubaneswar,20.2961,85.8245
2000-08-14,7.4,27.5,15.6,bhubaneswar,20.2961,85.8245
2000-08-15,10.1,28.1,13.1,bhubaneswar,20.2961,85.8245
2000-08-16,10.2,27.9,14.6,bhubaneswar,20.2961,85.8245
2000-08-17,17.9,27.1,15.1,bhubaneswar,20.2961,85.8245
2000-08-18,2.2,26.2,9.1,bhubaneswar,20.2961,85.8245
2000-08-19,6.9,26.9,10.4,bhubaneswar,20.2961,85.8245
2000-08-20,7.0,27.5,6.5,bhubaneswar,20.2961,85.8245
2000-08-21,2.8,27.5,11.7,bhubaneswar,20.2961,85.8245
2000-08-22,3.2,27.6,21.3,bhubaneswar,20.2961,85.8245
2000-08-23,4.0,27.5,19.8,bhubaneswar,20.2961,85.8245
2000-08-24,4.1,27.1,17.1,bhubaneswar,20.2961,85.8245
2000-08-25,8.5,26.7,15.3,bhubaneswar,20.2961,85.8245
2000-08-26,7.9,26.8,10.3,bhubaneswar,20.2961,85.8245
2000-08-27,3.5,27.4,13.4,bhubaneswar,20.2961,85.8245
2000-08-28,1.8,27.7,12.4,bhubaneswar,20.2961,85.8245
2000-08-29,24.7,26.8,13.4,bhubaneswar,20.2961,85.8245
2000-08-30,11.9,26.9,14.9,bhubaneswar,20.2961,85.8245
2000-08-31,9.4,26.7,17.5,bhubaneswar,20.2961,85.8245
2000-09-01,1.4,28.4,21.7,bhubaneswar,20.2961,85.8245
2000-09-02,9.3,27.2,17.8,bhubaneswar,20.2961,85.8245
2000-09-03,2.1,28.7,11.9,bhubaneswar,20.2961,85.8245
2000-09-04,1.7,28.5,11.5,bhubaneswar,20.2961,85.8245
2000-09-05,10.0,27.8,8.5,bhubaneswar,20.2961,85.8245
2000-09-06,10.7,27.6,11.4,bhubaneswar,20.2961,85.8245
2000-09-07,9.7,27.1,14.6,bhubaneswar,20.2961,85.8245
2000-09-08,0.1,28.0,11.9,bhubaneswar,20.2961,85.8245
2000-09-09,8.0,27.0,14.0,bhubaneswar,20.2961,85.8245
2000-09-10,2.1,27.8,15.2,bhubaneswar,20.2961,85.8245
2000-09-11,0.4,28.7,13.1,bhubaneswar,20.2961,85.8245
2000-09-12,0.2,28.8,12.0,bhubaneswar,20.2961,85.8245
2000-09-13,1.2,28.6,11.2,bhubaneswar,20.2961,85.8245
2000-09-14,0.8,27.7,12.9,bhubaneswar,20.2961,85.8245
2000-09-15,1.7,28.1,14.1,bhubaneswar,20.2961,85.8245
2000-09-16,12.7,27.7,14.0,bhubaneswar,20.2961,85.8245
2000-09-17,24.6,26.6,14.7,bhubaneswar,20.2961,85.8245
2000-09-18,35.4,25.5,15.4,bhubaneswar,20.2961,85.8245
2000-09-19,12.9,26.4,14.1,bhubaneswar,20.2961,85.8245
2000-09-20,6.1,26.9,16.6,bhubaneswar,20.2961,85.8245
2000-09-21,6.5,26.4,15.8,bhubaneswar,20.2961,85.8245
2000-09-22,3.1,27.4,10.8,bhubaneswar,20.2961,85.8245
2000-09-23,4.5,27.5,8.1,bhubaneswar,20.2961,85.8245
2000-09-24,8.6,26.7,9.0,bhubaneswar,20.2961,85.8245
2000-09-25,3.4,27.0,10.8,bhubaneswar,20.2961,85.8245
2000-09-26,5.4,27.0,10.9,bhubaneswar,20.2961,85.8245
2000-09-27,0.1,27.6,8.9,bhubaneswar,20.2961,85.8245
2000-09-28,1.2,28.2,6.6,bhubaneswar,20.2961,85.8245
2000-09-29,1.4,28.2,6.0,bhubaneswar,20.2961,85.8245
2000-09-30,0.0,28.4,7.1,bhubaneswar,20.2961,85.8245
2000-10-01,0.5,28.5,8.0,bhubaneswar,20.2961,85.8245
2000-10-02,0.2,27.9,7.9,bhubaneswar,20.2961,85.8245
2000-10-03,0.0,27.9,7.9,bhubaneswar,20.2961,85.8245
2000-10-04,0.0,27.9,7.2,bhubaneswar,20.2961,85.8245
2000-10-05,0.5,27.8,7.7,bhubaneswar,20.2961,85.8245
2000-10-06,5.2,26.9,12.4,bhubaneswar,20.2961,85.8245
2000-10-07,1.0,27.1,8.7,bhubaneswar,20.2961,85.8245
2000-10-08,1.1,27.6,7.6,bhubaneswar,20.2961,85.8245
2000-10-09,3.4,27.6,8.7,bhubaneswar,20.2961,85.8245
2000-10-10,6.2,27.4,6.8,bhubaneswar,20.2961,85.8245
2000-10-11,5.9,27.3,8.3,bhubaneswar,20.2961,85.8245
2000-10-12,6.4,27.2,8.0,bhubaneswar,20.2961,85.8245
2000-10-13,0.0,27.4,10.9,bhubaneswar,20.2961,85.8245
2000-10-14,0.0,26.2,11.3,bhubaneswar,20.2961,85.8245
2000-10-15,0.0,26.9,14.5,bhubaneswar,20.2961,85.8245
2000-10-16,4.9,26.3,18.7,bhubaneswar,20.2961,85.8245
2000-10-17,10.5,25.1,11.7,bhubaneswar,20.2961,85.8245
2000-10-18,0.2,26.4,10.8,bhubaneswar,20.2961,85.8245
2000-10-19,1.1,27.0,6.6,bhubaneswar,20.2961,85.8245
2000-10-20,0.2,27.4,9.2,bhubaneswar,20.2961,85.8245
2000-10-21,0.0,27.8,8.4,bhubaneswar,20.2961,85.8245
2000-10-22,0.0,27.4,9.4,bhubaneswar,20.2961,85.8245
2000-10-23,0.0,27.3,8.9,bhubaneswar,20.2961,85.8245
2000-10-24,0.0,26.9,8.6,bhubaneswar,20.2961,85.8245
2000-10-25,0.0,26.3,8.6,bhubaneswar,20.2961,85.8245
2000-10-26,0.0,26.5,19.2,bhubaneswar,20.2961,85.8245
2000-10-27,1.6,26.0,27.6,bhubaneswar,20.2961,85.8245
2000-10-28,0.0,25.9,13.9,bhubaneswar,20.2961,85.8245
2000-10-29,0.0,24.9,10.5,bhubaneswar,20.2961,85.8245
2000-10-30,0.0,24.8,9.1,bhubaneswar,20.2961,85.8245
2000-10-31,0.0,25.3,8.4,bhubaneswar,20.2961,85.8245
2000-11-01,0.0,24.8,10.7,bhubaneswar,20.2961,85.8245
2000-11-02,4.2,24.7,12.0,bhubaneswar,20.2961,85.8245
2000-11-03,0.6,25.2,8.3,bhubaneswar,20.2961,85.8245
2000-11-04,0.0,25.8,6.2,bhubaneswar,20.2961,85.8245
2000-11-05,0.0,25.7,7.7,bhubaneswar,20.2961,85.8245
2000-11-06,0.9,25.0,4.8,bhubaneswar,20.2961,85.8245
2000-11-07,0.0,24.7,7.9,bhubaneswar,20.2961,85.8245
2000-11-08,0.0,24.7,7.9,bhubaneswar,20.2961,85.8245
2000-11-09,0.0,24.6,8.9,bhubaneswar,20.2961,85.8245
2000-11-10,0.0,24.6,9.3,bhubaneswar,20.2961,85.8245
2000-11-11,0.0,24.6,8.9,bhubaneswar,20.2961,85.8245
2000-11-12,0.0,24.9,8.3,bhubaneswar,20.2961,85.8245
2000-11-13,0.0,24.5,8.6,bhubaneswar,20.2961,85.8245
2000-11-14,0.0,24.3,8.6,bhubaneswar,20.2961,85.8245
2000-11-15,0.0,23.7,9.0,bhubaneswar,20.2961,85.8245
2000-11-16,0.0,22.7,12.5,bhubaneswar,20.2961,85.8245
2000-11-17,0.0,22.9,8.3,bhubaneswar,20.2961,85.8245
2000-11-18,0.0,23.1,9.2,bhubaneswar,20.2961,85.8245
2000-11-19,0.0,23.8,8.4,bhubaneswar,20.2961,85.8245
2000-11-20,0.0,24.1,9.1,bhubaneswar,20.2961,85.8245
2000-11-21,0.0,23.6,8.4,bhubaneswar,20.2961,85.8245
2000-11-22,0.0,23.6,8.4,bhubaneswar,20.2961,85.8245
2000-11-23,0.0,23.3,8.8,bhubaneswar,20.2961,85.8245
2000-11-24,0.0,24.2,9.1,bhubaneswar,20.2961,85.8245
2000-11-25,0.0,23.8,9.0,bhubaneswar,20.2961,85.8245
2000-11-26,0.0,23.3,8.7,bhubaneswar,20.2961,85.8245
2000-11-27,0.0,22.6,14.5,bhubaneswar,20.2961,85.8245
2000-11-28,0.0,21.4,14.1,bhubaneswar,20.2961,85.8245
2000-11-29,0.0,23.1,11.3,bhubaneswar,20.2961,85.8245
2000-11-30,0.9,22.7,12.0,bhubaneswar,20.2961,85.8245
2000-12-01,0.0,22.6,12.5,bhubaneswar,20.2961,85.8245
2000-12-02,0.0,21.5,14.3,bhubaneswar,20.2961,85.8245
2000-12-03,0.0,19.7,14.1,bhubaneswar,20.2961,85.8245
2000-12-04,0.0,19.7,8.0,bhubaneswar,20.2961,85.8245
2000-12-05,0.0,19.4,10.1,bhubaneswar,20.2961,85.8245
2000-12-06,0.0,20.2,9.7,bhubaneswar,20.2961,85.8245
2000-12-07,0.0,19.9,9.6,bhubaneswar,20.2961,85.8245
2000-12-08,0.0,20.1,9.6,bhubaneswar,20.2961,85.8245
2000-12-09,0.0,20.8,9.4,bhubaneswar,20.2961,85.8245
2000-12-10,0.0,21.4,9.9,bhubaneswar,20.2961,85.8245
2000-12-11,0.0,21.8,10.3,bhubaneswar,20.2961,85.8245
2000-12-12,0.0,21.8,8.7,bhubaneswar,20.2961,85.8245
2000-12-13,0.0,21.1,9.0,bhubaneswar,20.2961,85.8245
2000-12-14,0.0,20.5,6.4,bhubaneswar,20.2961,85.8245
2000-12-15,0.0,20.1,8.0,bhubaneswar,20.2961,85.8245
2000-12-16,0.0,20.1,8.9,bhubaneswar,20.2961,85.8245
2000-12-17,0.0,20.6,8.8,bhubaneswar,20.2961,85.8245
2000-12-18,0.0,20.6,8.6,bhubaneswar,20.2961,85.8245
2000-12-19,0.0,21.3,9.3,bhubaneswar,20.2961,85.8245
2000-12-20,0.0,21.3,8.7,bhubaneswar,20.2961,85.8245
2000-12-21,0.0,20.3,11.3,bhubaneswar,20.2961,85.8245
2000-12-22,0.0,19.7,11.1,bhubaneswar,20.2961,85.8245
2000-12-23,0.0,19.6,10.0,bhubaneswar,20.2961,85.8245
2000-12-24,0.0,19.6,9.0,bhubaneswar,20.2961,85.8245
2000-12-25,0.0,20.0,8.7,bhubaneswar,20.2961,85.8245
2000-12-26,0.0,20.3,9.4,bhubaneswar,20.2961,85.8245
2000-12-27,0.0,20.1,12.3,bhubaneswar,20.2961,85.8245
2000-12-28,0.0,20.2,12.3,bhubaneswar,20.2961,85.8245
2000-12-29,0.0,20.2,9.7,bhubaneswar,20.2961,85.8245
2000-12-30,0.0,20.2,9.5,bhubaneswar,20.2961,85.8245
2000-12-31,0.0,20.6,9.2,bhubaneswar,20.2961,85.8245
2001-01-01,0.0,21.0,9.7,bhubaneswar,20.2961,85.8245
2001-01-02,1.0,22.1,8.4,bhubaneswar,20.2961,85.8245
2001-01-03,0.0,22.1,8.7,bhubaneswar,20.2961,85.8245
2001-01-04,0.0,21.3,11.1,bhubaneswar,20.2961,85.8245
2001-01-05,0.0,19.8,9.8,bhubaneswar,20.2961,85.8245
2001-01-06,0.0,18.6,13.8,bhubaneswar,20.2961,85.8245
2001-01-07,0.0,19.3,10.0,bhubaneswar,20.2961,85.8245
2001-01-08,0.0,20.4,12.0,bhubaneswar,20.2961,85.8245
2001-01-09,0.0,22.3,10.4,bhubaneswar,20.2961,85.8245
2001-01-10,0.0,21.2,10.7,bhubaneswar,20.2961,85.8245
2001-01-11,0.0,20.0,8.3,bhubaneswar,20.2961,85.8245
2001-01-12,0.0,20.2,10.0,bhubaneswar,20.2961,85.8245
2001-01-13,0.0,21.4,8.8,bhubaneswar,20.2961,85.8245
2001-01-14,0.0,21.8,10.9,bhubaneswar,20.2961,85.8245
2001-01-15,0.0,21.4,12.7,bhubaneswar,20.2961,85.8245
2001-01-16,0.0,21.0,9.7,bhubaneswar,20.2961,85.8245
2001-01-17,0.0,21.3,10.7,bhubaneswar,20.2961,85.8245
2001-01-18,0.0,21.0,9.6,bhubaneswar,20.2961,85.8245
2001-01-19,0.0,20.5,8.8,bhubaneswar,20.2961,85.8245
2001-01-20,0.0,20.4,9.2,bhubaneswar,20.2961,85.8245
2001-01-21,0.0,21.2,10.3,bhubaneswar,20.2961,85.8245
2001-01-22,0.0,21.9,12.2,bhubaneswar,20.2961,85.8245
2001-01-23,0.0,23.3,10.7,bhubaneswar,20.2961,85.8245
2001-01-24,0.0,22.5,13.3,bhubaneswar,20.2961,85.8245
2001-01-25,0.0,20.7,9.7,bhubaneswar,20.2961,85.8245
2001-01-26,0.0,20.3,10.1,bhubaneswar,20.2961,85.8245
2001-01-27,0.0,20.5,9.5,bhubaneswar,20.2961,85.8245
2001-01-28,0.0,21.3,10.4,bhubaneswar,20.2961,85.8245
2001-01-29,0.0,21.5,9.0,bhubaneswar,20.2961,85.8245
2001-01-30,0.0,22.8,10.9,bhubaneswar,20.2961,85.8245
2001-01-31,0.0,23.6,12.1,bhubaneswar,20.2961,85.8245
2001-02-01,0.0,24.3,12.3,bhubaneswar,20.2961,85.8245
2001-02-02,0.0,24.5,13.5,bhubaneswar,20.2961,85.8245
2001-02-03,0.0,24.2,12.7,bhubaneswar,20.2961,85.8245
2001-02-04,0.0,23.8,13.6,bhubaneswar,20.2961,85.8245
2001-02-05,0.0,24.6,14.8,bhubaneswar,20.2961,85.8245
2001-02-06,0.0,26.2,8.7,bhubaneswar,20.2961,85.8245
2001-02-07,0.0,24.9,11.5,bhubaneswar,20.2961,85.8245
2001-02-08,0.0,23.5,9.6,bhubaneswar,20.2961,85.8245
2001-02-09,0.0,23.3,9.7,bhubaneswar,20.2961,85.8245
2001-02-10,0.0,23.5,9.7,bhubaneswar,20.2961,85.8245
2001-02-11,0.0,24.0,8.8,bhubaneswar,20.2961,85.8245
2001-02-12,0.0,25.1,11.5,bhubaneswar,20.2961,85.8245
2001-02-13,0.0,24.9,15.2,bhubaneswar,20.2961,85.8245
2001-02-14,0.0,24.6,13.9,bhubaneswar,20.2961,85.8245
2001-02-15,0.0,23.7,16.0,bhubaneswar,20.2961,85.8245
2001-02-16,0.0,24.4,14.6,bhubaneswar,20.2961,85.8245
2001-02-17,0.0,25.6,14.7,bhubaneswar,20.2961,85.8245
2001-02-18,0.0,26.6,13.7,bhubaneswar,20.2961,85.8245
2001-02-19,0.0,27.2,13.3,bhubaneswar,20.2961,85.8245
2001-02-20,0.0,27.3,15.5,bhubaneswar,20.2961,85.8245
2001-02-21,1.7,27.2,16.5,bhubaneswar,20.2961,85.8245
2001-02-22,0.0,26.9,15.5,bhubaneswar,20.2961,85.8245
2001-02-23,0.0,25.9,13.3,bhubaneswar,20.2961,85.8245
2001-02-24,0.0,27.1,16.6,bhubaneswar,20.2961,85.8245
2001-02-25,0.0,28.1,20.7,bhubaneswar,20.2961,85.8245
2001-02-26,0.0,28.4,20.3,bhubaneswar,20.2961,85.8245
2001-02-27,1.5,27.2,10.7,bhubaneswar,20.2961,85.8245
2001-02-28,0.0,27.0,16.3,bhubaneswar,20.2961,85.8245
2001-03-01,0.0,26.6,15.1,bhubaneswar,20.2961,85.8245
2001-03-02,0.0,26.9,13.7,bhubaneswar,20.2961,85.8245
2001-03-03,0.2,27.5,12.5,bhubaneswar,20.2961,85.8245
2001-03-04,0.9,27.1,13.3,bhubaneswar,20.2961,85.8245
2001-03-05,0.1,26.3,11.4,bhubaneswar,20.2961,85.8245
2001-03-06,0.5,26.1,10.4,bhubaneswar,20.2961,85.8245
2001-03-07,0.0,27.2,14.1,bhubaneswar,20.2961,85.8245
2001-03-08,0.6,27.2,14.1,bhubaneswar,20.2961,85.8245
2001-03-09,1.1,26.5,7.2,bhubaneswar,20.2961,85.8245
2001-03-10,0.5,26.6,14.3,bhubaneswar,20.2961,85.8245
2001-03-11,1.1,26.5,13.3,bhubaneswar,20.2961,85.8245
2001-03-12,0.0,27.9,14.8,bhubaneswar,20.2961,85.8245
2001-03-13,0.1,28.5,13.1,bhubaneswar,20.2961,85.8245
2001-03-14,0.0,28.6,15.2,bhubaneswar,20.2961,85.8245
2001-03-15,0.0,28.5,16.9,bhubaneswar,20.2961,85.8245
2001-03-16,0.1,28.7,14.9,bhubaneswar,20.2961,85.8245
2001-03-17,0.4,29.2,12.4,bhubaneswar,20.2961,85.8245
2001-03-18,2.4,28.7,9.7,bhubaneswar,20.2961,85.8245
2001-03-19,0.0,29.3,15.3,bhubaneswar,20.2961,85.8245
2001-03-20,0.0,29.4,16.2,bhubaneswar,20.2961,85.8245
2001-03-21,0.8,29.9,18.0,bhubaneswar,20.2961,85.8245
2001-03-22,0.4,30.1,18.6,bhubaneswar,20.2961,85.8245
2001-03-23,6.4,28.6,13.0,bhubaneswar,20.2961,85.8245
2001-03-24,0.1,28.6,12.4,bhubaneswar,20.2961,85.8245
2001-03-25,3.6,28.6,12.8,bhubaneswar,20.2961,85.8245
2001-03-26,0.4,28.0,12.7,bhubaneswar,20.2961,85.8245
2001-03-27,0.2,29.2,16.2,bhubaneswar,20.2961,85.8245
2001-03-28,0.7,29.4,19.4,bhubaneswar,20.2961,85.8245
2001-03-29,0.3,29.5,20.0,bhubaneswar,20.2961,85.8245
2001-03-30,6.0,28.7,19.2,bhubaneswar,20.2961,85.8245
2001-03-31,2.3,28.2,17.1,bhubaneswar,20.2961,85.8245
2001-04-01,3.4,28.5,16.2,bhubaneswar,20.2961,85.8245
2001-04-02,3.9,28.3,15.4,bhubaneswar,20.2961,85.8245
2001-04-03,0.0,29.4,14.8,bhubaneswar,20.2961,85.8245
2001-04-04,0.0,29.9,11.8,bhubaneswar,20.2961,85.8245
2001-04-05,0.0,31.1,13.8,bhubaneswar,20.2961,85.8245
2001-04-06,0.5,31.6,10.3,bhubaneswar,20.2961,85.8245
2001-04-07,0.1,31.3,14.6,bhubaneswar,20.2961,85.8245
2001-04-08,0.0,31.4,16.9,bhubaneswar,20.2961,85.8245
2001-04-09,0.3,31.4,17.4,bhubaneswar,20.2961,85.8245
2001-04-10,0.5,31.4,18.2,bhubaneswar,20.2961,85.8245
2001-04-11,0.0,31.2,16.8,bhubaneswar,20.2961,85.8245
2001-04-12,0.0,30.2,20.7,bhubaneswar,20.2961,85.8245
2001-04-13,0.0,27.8,22.7,bhubaneswar,20.2961,85.8245
2001-04-14,11.3,26.9,15.5,bhubaneswar,20.2961,85.8245
2001-04-15,1.2,27.7,16.6,bhubaneswar,20.2961,85.8245
2001-04-16,0.8,28.9,17.3,bhubaneswar,20.2961,85.8245
2001-04-17,0.8,28.8,11.4,bhubaneswar,20.2961,85.8245
2001-04-18,2.7,28.6,8.8,bhubaneswar,20.2961,85.8245
2001-04-19,3.3,29.1,11.9,bhubaneswar,20.2961,85.8245
2001-04-20,0.0,31.0,12.8,bhubaneswar,20.2961,85.8245
2001-04-21,0.0,31.1,11.0,bhubaneswar,20.2961,85.8245
2001-04-22,0.0,30.8,11.3,bhubaneswar,20.2961,85.8245
2001-04-23,0.0,30.8,14.8,bhubaneswar,20.2961,85.8245
2001-04-24,0.0,30.5,18.2,bhubaneswar,20.2961,85.8245
2001-04-25,0.0,31.0,20.4,bhubaneswar,20.2961,85.8245
2001-04-26,0.0,30.6,22.7,bhubaneswar,20.2961,85.8245
2001-04-27,0.0,31.0,24.3,bhubaneswar,20.2961,85.8245
2001-04-28,0.0,31.7,22.4,bhubaneswar,20.2961,85.8245
2001-04-29,0.0,31.7,22.9,bhubaneswar,20.2961,85.8245
2001-04-30,0.0,31.6,24.5,bhubaneswar,20.2961,85.8245
2001-05-01,0.0,31.6,22.5,bhubaneswar,20.2961,85.8245
2001-05-02,0.0,31.5,19.3,bhubaneswar,20.2961,85.8245
2001-05-03,0.2,32.1,18.6,bhubaneswar,20.2961,85.8245
2001-05-04,0.0,31.8,17.3,bhubaneswar,20.2961,85.8245
2001-05-05,0.1,31.3,24.6,bhubaneswar,20.2961,85.8245
2001-05-06,0.1,31.5,25.3,bhubaneswar,20.2961,85.8245
2001-05-07,0.0,31.3,28.2,bhubaneswar,20.2961,85.8245
2001-05-08,0.0,32.4,24.1,bhubaneswar,20.2961,85.8245
2001-05-09,0.0,32.9,23.7,bhubaneswar,20.2961,85.8245
2001-05-10,0.0,33.3,22.0,bhubaneswar,20.2961,85.8245
2001-05-11,0.0,33.5,20.3,bhubaneswar,20.2961,85.8245
2001-05-12,0.8,33.2,11.3,bhubaneswar,20.2961,85.8245
2001-05-13,0.0,31.7,14.8,bhubaneswar,20.2961,85.8245
2001-05-14,0.8,31.7,13.2,bhubaneswar,20.2961,85.8245
2001-05-15,0.4,31.6,14.9,bhubaneswar,20.2961,85.8245
2001-05-16,0.5,31.4,13.7,bhubaneswar,20.2961,85.8245
2001-05-17,7.9,30.9,12.6,bhubaneswar,20.2961,85.8245
2001-05-18,1.5,31.6,12.6,bhubaneswar,20.2961,85.8245
2001-05-19,1.1,32.2,10.2,bhubaneswar,20.2961,85.8245
2001-05-20,0.3,32.9,14.3,bhubaneswar,20.2961,85.8245
2001-05-21,0.0,33.0,15.6,bhubaneswar,20.2961,85.8245
2001-05-22,2.4,33.3,14.0,bhubaneswar,20.2961,85.8245
2001-05-23,0.4,33.5,13.8,bhubaneswar,20.2961,85.8245
2001-05-24,0.0,34.1,17.3,bhubaneswar,20.2961,85.8245
2001-05-25,0.0,34.9,15.5,bhubaneswar,20.2961,85.8245
2001-05-26,0.0,34.8,13.3,bhubaneswar,20.2961,85.8245
2001-05-27,1.9,33.2,12.2,bhubaneswar,20.2961,85.8245
2001-05-28,1.1,31.3,15.1,bhubaneswar,20.2961,85.8245
2001-05-29,2.8,31.4,14.2,bhubaneswar,20.2961,85.8245
2001-05-30,0.7,31.5,15.1,bhubaneswar,20.2961,85.8245
2001-05-31,0.3,32.5,12.1,bhubaneswar,20.2961,85.8245
2001-06-01,2.8,32.0,11.4,bhubaneswar,20.2961,85.8245
2001-06-02,10.2,30.2,18.0,bhubaneswar,20.2961,85.8245
2001-06-03,12.1,28.4,18.8,bhubaneswar,20.2961,85.8245
2001-06-04,5.1,28.9,19.1,bhubaneswar,20.2961,85.8245
2001-06-05,1.0,29.4,16.2,bhubaneswar,20.2961,85.8245
2001-06-06,12.0,28.3,7.3,bhubaneswar,20.2961,85.8245
2001-06-07,12.9,28.0,12.9,bhubaneswar,20.2961,85.8245
2001-06-08,6.5,28.4,12.1,bhubaneswar,20.2961,85.8245
2001-06-09,12.7,28.1,10.0,bhubaneswar,20.2961,85.8245
2001-06-10,36.4,27.2,7.9,bhubaneswar,20.2961,85.8245
2001-06-11,40.0,26.5,13.7,bhubaneswar,20.2961,85.8245
2001-06-12,86.0,26.0,17.7,bhubaneswar,20.2961,85.8245
2001-06-13,4.4,27.3,19.5,bhubaneswar,20.2961,85.8245
2001-06-14,18.0,27.1,19.9,bhubaneswar,20.2961,85.8245
2001-06-15,3.8,27.1,21.0,bhubaneswar,20.2961,85.8245
2001-06-16,0.3,28.4,23.1,bhubaneswar,20.2961,85.8245
2001-06-17,5.4,28.2,17.1,bhubaneswar,20.2961,85.8245
2001-06-18,6.4,28.4,20.1,bhubaneswar,20.2961,85.8245
2001-06-19,5.0,28.7,20.0,bhubaneswar,20.2961,85.8245
2001-06-20,10.1,27.5,14.3,bhubaneswar,20.2961,85.8245
2001-06-21,2.2,29.1,16.5,bhubaneswar,20.2961,85.8245
2001-06-22,1.6,28.7,15.8,bhubaneswar,20.2961,85.8245
2001-06-23,6.3,28.0,15.8,bhubaneswar,20.2961,85.8245
2001-06-24,8.0,27.7,14.4,bhubaneswar,20.2961,85.8245
2001-06-25,10.5,28.6,12.6,bhubaneswar,20.2961,85.8245
2001-06-26,8.4,27.9,13.0,bhubaneswar,20.2961,85.8245
2001-06-27,7.2,27.5,15.6,bhubaneswar,20.2961,85.8245
2001-06-28,19.8,27.5,11.2,bhubaneswar,20.2961,85.8245
2001-06-29,49.9,26.0,14.3,bhubaneswar,20.2961,85.8245
2001-06-30,8.3,28.6,17.9,bhubaneswar,20.2961,85.8245
2001-07-01,1.1,29.0,14.2,bhubaneswar,20.2961,85.8245
2001-07-02,1.1,29.6,10.3,bhubaneswar,20.2961,85.8245
2001-07-03,35.2,27.2,13.0,bhubaneswar,20.2961,85.8245
2001-07-04,37.3,25.8,15.1,bhubaneswar,20.2961,85.8245
2001-07-05,14.5,26.8,11.7,bhubaneswar,20.2961,85.8245
2001-07-06,9.4,27.3,15.5,bhubaneswar,20.2961,85.8245
2001-07-07,27.3,27.3,17.2,bhubaneswar,20.2961,85.8245
2001-07-08,36.7,26.4,12.2,bhubaneswar,20.2961,85.8245
2001-07-09,9.3,27.0,16.0,bhubaneswar,20.2961,85.8245
2001-07-10,21.7,26.9,14.3,bhubaneswar,20.2961,85.8245
2001-07-11,13.9,27.1,13.0,bhubaneswar,20.2961,85.8245
2001-07-12,0.2,28.5,14.8,bhubaneswar,20.2961,85.8245
2001-07-13,1.9,28.5,13.5,bhubaneswar,20.2961,85.8245
2001-07-14,10.0,27.8,17.6,bhubaneswar,20.2961,85.8245
2001-07-15,14.0,26.3,16.2,bhubaneswar,20.2961,85.8245
2001-07-16,22.0,25.6,14.4,bhubaneswar,20.2961,85.8245
2001-07-17,30.9,25.2,14.5,bhubaneswar,20.2961,85.8245
2001-07-18,58.9,26.0,17.6,bhubaneswar,20.2961,85.8245
2001-07-19,59.9,26.1,15.9,bhubaneswar,20.2961,85.8245
2001-07-20,11.4,28.1,17.3,bhubaneswar,20.2961,85.8245
2001-07-21,10.5,26.8,12.8,bhubaneswar,20.2961,85.8245
2001-07-22,12.3,26.8,12.2,bhubaneswar,20.2961,85.8245
2001-07-23,5.5,26.9,13.1,bhubaneswar,20.2961,85.8245
2001-07-24,6.7,27.3,13.4,bhubaneswar,20.2961,85.8245
2001-07-25,13.2,27.8,11.9,bhubaneswar,20.2961,85.8245
2001-07-26,20.7,26.7,12.6,bhubaneswar,20.2961,85.8245
2001-07-27,5.1,28.3,16.1,bhubaneswar,20.2961,85.8245
2001-07-28,4.6,29.0,16.6,bhubaneswar,20.2961,85.8245
2001-07-29,3.0,28.9,18.1,bhubaneswar,20.2961,85.8245
2001-07-30,10.5,28.5,13.5,bhubaneswar,20.2961,85.8245
2001-07-31,14.8,28.5,14.5,bhubaneswar,20.2961,85.8245
2001-08-01,11.7,28.1,11.0,bhubaneswar,20.2961,85.8245
2001-08-02,31.0,27.1,10.8,bhubaneswar,20.2961,85.8245
2001-08-03,14.4,26.3,9.5,bhubaneswar,20.2961,85.8245
2001-08-04,11.0,26.5,14.5,bhubaneswar,20.2961,85.8245
2001-08-05,8.4,27.0,12.7,bhubaneswar,20.2961,85.8245
2001-08-06,2.0,27.5,13.8,bhubaneswar,20.2961,85.8245
2001-08-07,3.7,27.5,14.5,bhubaneswar,20.2961,85.8245
2001-08-08,10.5,27.2,10.0,bhubaneswar,20.2961,85.8245
2001-08-09,18.8,26.5,11.5,bhubaneswar,20.2961,85.8245
2001-08-10,8.3,26.7,10.6,bhubaneswar,20.2961,85.8245
2001-08-11,5.2,27.5,15.9,bhubaneswar,20.2961,85.8245
2001-08-12,18.2,27.4,12.7,bhubaneswar,20.2961,85.8245
2001-08-13,29.9,26.4,11.0,bhubaneswar,20.2961,85.8245
2001-08-14,13.9,26.2,12.3,bhubaneswar,20.2961,85.8245
2001-08-15,1.1,28.1,13.7,bhubaneswar,20.2961,85.8245
2001-08-16,5.1,27.5,10.2,bhubaneswar,20.2961,85.8245
2001-08-17,8.8,27.5,12.2,bhubaneswar,20.2961,85.8245
2001-08-18,33.3,26.1,12.7,bhubaneswar,20.2961,85.8245
2001-08-19,15.8,26.9,18.3,bhubaneswar,20.2961,85.8245
2001-08-20,19.4,27.1,11.9,bhubaneswar,20.2961,85.8245
2001-08-21,4.9,27.3,8.7,bhubaneswar,20.2961,85.8245
2001-08-22,6.9,27.4,10.6,bhubaneswar,20.2961,85.8245
2001-08-23,8.1,27.6,9.4,bhubaneswar,20.2961,85.8245
2001-08-24,10.3,27.3,7.4,bhubaneswar,20.2961,85.8245
2001-08-25,10.5,27.4,10.4,bhubaneswar,20.2961,85.8245
2001-08-26,4.7,28.6,9.4,bhubaneswar,20.2961,85.8245
2001-08-27,5.4,29.0,13.5,bhubaneswar,20.2961,85.8245
2001-08-28,3.5,28.9,15.9,bhubaneswar,20.2961,85.8245
2001-08-29,6.1,28.1,13.8,bhubaneswar,20.2961,85.8245
2001-08-30,56.9,25.6,13.4,bhubaneswar,20.2961,85.8245
2001-08-31,2.5,26.9,14.7,bhubaneswar,20.2961,85.8245
2001-09-01,1.2,28.4,12.2,bhubaneswar,20.2961,85.8245
2001-09-02,1.3,28.5,12.3,bhubaneswar,20.2961,85.8245
2001-09-03,7.7,28.0,9.3,bhubaneswar,20.2961,85.8245
2001-09-04,16.8,28.1,10.5,bhubaneswar,20.2961,85.8245
2001-09-05,12.7,28.1,11.3,bhubaneswar,20.2961,85.8245
2001-09-06,6.9,28.3,9.8,bhubaneswar,20.2961,85.8245
2001-09-07,4.4,28.4,8.7,bhubaneswar,20.2961,85.8245
2001-09-08,2.9,28.9,10.3,bhubaneswar,20.2961,85.8245
2001-09-09,1.8,29.2,11.0,bhubaneswar,20.2961,85.8245
2001-09-10,1.2,29.4,9.8,bhubaneswar,20.2961,85.8245
2001-09-11,6.9,28.2,8.5,bhubaneswar,20.2961,85.8245
2001-09-12,4.1,27.3,10.7,bhubaneswar,20.2961,85.8245
2001-09-13,2.1,28.0,15.2,bhubaneswar,20.2961,85.8245
2001-09-14,6.5,28.0,8.7,bhubaneswar,20.2961,85.8245
2001-09-15,6.2,27.5,9.4,bhubaneswar,20.2961,85.8245
2001-09-16,4.2,27.8,12.5,bhubaneswar,20.2961,85.8245
2001-09-17,12.0,26.9,10.2,bhubaneswar,20.2961,85.8245
2001-09-18,4.1,26.9,9.6,bhubaneswar,20.2961,85.8245
2001-09-19,1.0,28.8,8.7,bhubaneswar,20.2961,85.8245
2001-09-20,0.3,28.9,9.0,bhubaneswar,20.2961,85.8245
2001-09-21,0.7,28.8,8.7,bhubaneswar,20.2961,85.8245
2001-09-22,3.0,28.4,8.4,bhubaneswar,20.2961,85.8245
2001-09-23,15.3,27.4,9.1,bhubaneswar,20.2961,85.8245
2001-09-24,7.3,27.0,7.4,bhubaneswar,20.2961,85.8245
2001-09-25,7.0,27.2,10.7,bhubaneswar,20.2961,85.8245
2001-09-26,3.6,27.1,10.6,bhubaneswar,20.2961,85.8245
2001-09-27,6.7,27.2,13.6,bhubaneswar,20.2961,85.8245
2001-09-28,8.1,26.7,16.5,bhubaneswar,20.2961,85.8245
2001-09-29,15.2,26.1,24.0,bhubaneswar,20.2961,85.8245
2001-09-30,17.3,25.3,18.2,bhubaneswar,20.2961,85.8245
2001-10-01,6.2,26.0,17.0,bhubaneswar,20.2961,85.8245
2001-10-02,11.5,26.0,13.2,bhubaneswar,20.2961,85.8245
2001-10-03,9.1,25.9,13.0,bhubaneswar,20.2961,85.8245
2001-10-04,5.8,26.6,13.8,bhubaneswar,20.2961,85.8245
2001-10-05,5.8,26.7,12.7,bhubaneswar,20.2961,85.8245
2001-10-06,10.1,26.1,12.5,bhubaneswar,20.2961,85.8245
2001-10-07,2.7,26.7,9.9,bhubaneswar,20.2961,85.8245
2001-10-08,3.4,27.1,8.2,bhubaneswar,20.2961,85.8245
2001-10-09,0.5,27.8,8.7,bhubaneswar,20.2961,85.8245
2001-10-10,9.1,27.0,9.1,bhubaneswar,20.2961,85.8245
2001-10-11,0.0,27.7,8.9,bhubaneswar,20.2961,85.8245
2001-10-12,4.0,27.2,9.4,bhubaneswar,20.2961,85.8245
2001-10-13,9.7,26.7,12.0,bhubaneswar,20.2961,85.8245
2001-10-14,5.5,26.5,13.0,bhubaneswar,20.2961,85.8245
2001-10-15,13.0,26.0,13.5,bhubaneswar,20.2961,85.8245
2001-10-16,1.8,26.1,11.2,bhubaneswar,20.2961,85.8245
2001-10-17,10.2,25.5,8.9,bhubaneswar,20.2961,85.8245
2001-10-18,10.6,25.5,9.9,bhubaneswar,20.2961,85.8245
2001-10-19,0.0,26.3,11.8,bhubaneswar,20.2961,85.8245
2001-10-20,0.0,26.1,10.7,bhubaneswar,20.2961,85.8245
2001-10-21,0.0,25.8,10.7,bhubaneswar,20.2961,85.8245
2001-10-22,0.0,25.7,11.2,bhubaneswar,20.2961,85.8245
2001-10-23,0.0,26.6,9.4,bhubaneswar,20.2961,85.8245
2001-10-24,0.5,26.5,7.9,bhubaneswar,20.2961,85.8245
2001-10-25,0.0,26.6,6.5,bhubaneswar,20.2961,85.8245
2001-10-26,0.0,25.8,12.1,bhubaneswar,20.2961,85.8245
2001-10-27,0.0,25.7,11.6,bhubaneswar,20.2961,85.8245
2001-10-28,0.0,26.4,11.4,bhubaneswar,20.2961,85.8245
2001-10-29,0.7,26.0,17.3,bhubaneswar,20.2961,85.8245
2001-10-30,0.1,25.9,14.8,bhubaneswar,20.2961,85.8245
2001-10-31,0.0,26.3,11.9,bhubaneswar,20.2961,85.8245
2001-11-01,0.0,25.9,11.8,bhubaneswar,20.2961,85.8245
2001-11-02,0.0,25.3,10.7,bhubaneswar,20.2961,85.8245
2001-11-03,0.0,25.0,7.9,bhubaneswar,20.2961,85.8245
2001-11-04,0.0,25.4,8.3,bhubaneswar,20.2961,85.8245
2001-11-05,0.0,25.5,9.7,bhubaneswar,20.2961,85.8245
2001-11-06,1.8,25.0,11.3,bhubaneswar,20.2961,85.8245
2001-11-07,3.1,24.5,10.5,bhubaneswar,20.2961,85.8245
2001-11-08,1.8,24.2,14.9,bhubaneswar,20.2961,85.8245
2001-11-09,13.5,23.9,20.1,bhubaneswar,20.2961,85.8245
2001-11-10,43.3,21.8,20.8,bhubaneswar,20.2961,85.8245
2001-11-11,10.0,23.0,21.4,bhubaneswar,20.2961,85.8245
2001-11-12,26.2,22.6,21.7,bhubaneswar,20.2961,85.8245
2001-11-13,6.2,23.9,17.1,bhubaneswar,20.2961,85.8245
2001-11-14,1.6,24.5,13.5,bhubaneswar,20.2961,85.8245
2001-11-15,0.0,24.1,12.3,bhubaneswar,20.2961,85.8245
2001-11-16,0.0,23.6,10.3,bhubaneswar,20.2961,85.8245
2001-11-17,0.0,24.1,7.6,bhubaneswar,20.2961,85.8245
2001-11-18,0.0,24.6,6.5,bhubaneswar,20.2961,85.8245
2001-11-19,1.6,23.9,7.1,bhubaneswar,20.2961,85.8245
2001-11-20,0.0,23.5,9.5,bhubaneswar,20.2961,85.8245
2001-11-21,0.0,23.3,8.1,bhubaneswar,20.2961,85.8245
2001-11-22,0.0,23.3,7.6,bhubaneswar,20.2961,85.8245
2001-11-23,0.0,23.1,7.2,bhubaneswar,20.2961,85.8245
2001-11-24,0.1,22.9,8.0,bhubaneswar,20.2961,85.8245
2001-11-25,0.0,22.7,11.5,bhubaneswar,20.2961,85.8245
2001-11-26,0.0,21.9,11.7,bhubaneswar,20.2961,85.8245
2001-11-27,0.0,22.0,10.9,bhubaneswar,20.2961,85.8245
2001-11-28,1.0,22.1,7.7,bhubaneswar,20.2961,85.8245
2001-11-29,0.1,22.4,8.7,bhubaneswar,20.2961,85.8245
2001-11-30,0.0,22.0,7.9,bhubaneswar,20.2961,85.8245
2001-12-01,0.0,21.3,8.2,bhubaneswar,20.2961,85.8245
2001-12-02,0.0,20.9,8.8,bhubaneswar,20.2961,85.8245
2001-12-03,0.0,20.5,9.7,bhubaneswar,20.2961,85.8245
2001-12-04,0.0,20.4,9.4,bhubaneswar,20.2961,85.8245
2001-12-05,0.0,20.7,9.9,bhubaneswar,20.2961,85.8245
2001-12-06,0.0,20.8,10.0,bhubaneswar,20.2961,85.8245
2001-12-07,0.0,20.9,9.7,bhubaneswar,20.2961,85.8245
2001-12-08,0.0,21.4,9.5,bhubaneswar,20.2961,85.8245
2001-12-09,0.0,21.7,9.3,bhubaneswar,20.2961,85.8245
2001-12-10,0.0,21.4,8.3,bhubaneswar,20.2961,85.8245
2001-12-11,0.0,21.4,9.0,bhubaneswar,20.2961,85.8245
2001-12-12,0.0,21.6,8.2,bhubaneswar,20.2961,85.8245
2001-12-13,0.0,21.9,7.4,bhubaneswar,20.2961,85.8245
2001-12-14,0.0,20.4,13.0,bhubaneswar,20.2961,85.8245
2001-12-15,0.0,20.1,9.2,bhubaneswar,20.2961,85.8245
2001-12-16,0.0,20.4,8.8,bhubaneswar,20.2961,85.8245
2001-12-17,0.0,20.4,9.7,bhubaneswar,20.2961,85.8245
2001-12-18,0.0,19.7,11.5,bhubaneswar,20.2961,85.8245
2001-12-19,0.0,19.2,12.3,bhubaneswar,20.2961,85.8245
2001-12-20,0.0,19.1,13.3,bhubaneswar,20.2961,85.8245
2001-12-21,0.0,19.2,11.8,bhubaneswar,20.2961,85.8245
2001-12-22,0.0,19.5,12.5,bhubaneswar,20.2961,85.8245
2001-12-23,0.0,19.0,10.7,bhubaneswar,20.2961,85.8245
2001-12-24,0.0,18.6,9.0,bhubaneswar,20.2961,85.8245
2001-12-25,0.0,18.9,9.4,bhubaneswar,20.2961,85.8245
2001-12-26,0.0,19.0,9.3,bhubaneswar,20.2961,85.8245
2001-12-27,0.0,19.3,9.7,bhubaneswar,20.2961,85.8245
2001-12-28,0.0,19.3,9.7,bhubaneswar,20.2961,85.8245
2001-12-29,0.0,19.8,9.2,bhubaneswar,20.2961,85.8245
2001-12-30,0.0,20.5,8.9,bhubaneswar,20.2961,85.8245
2001-12-31,0.0,20.3,7.9,bhubaneswar,20.2961,85.8245
2002-01-01,0.0,19.2,13.0,bhubaneswar,20.2961,85.8245
2002-01-02,0.0,18.0,11.2,bhubaneswar,20.2961,85.8245
2002-01-03,0.0,17.6,13.4,bhubaneswar,20.2961,85.8245
2002-01-04,0.0,18.1,11.5,bhubaneswar,20.2961,85.8245
2002-01-05,0.0,18.8,11.5,bhubaneswar,20.2961,85.8245
2002-01-06,1.0,19.8,11.4,bhubaneswar,20.2961,85.8245
2002-01-07,7.4,19.2,7.7,bhubaneswar,20.2961,85.8245
2002-01-08,0.5,18.9,9.2,bhubaneswar,20.2961,85.8245
2002-01-09,0.0,19.9,9.2,bhubaneswar,20.2961,85.8245
2002-01-10,0.0,20.0,8.9,bhubaneswar,20.2961,85.8245
2002-01-11,0.0,20.2,9.4,bhubaneswar,20.2961,85.8245
2002-01-12,0.0,20.5,9.3,bhubaneswar,20.2961,85.8245
2002-01-13,0.0,20.6,9.4,bhubaneswar,20.2961,85.8245
2002-01-14,0.0,20.8,10.4,bhubaneswar,20.2961,85.8245
2002-01-15,0.0,21.6,11.5,bhubaneswar,20.2961,85.8245
2002-01-16,0.0,22.0,11.9,bhubaneswar,20.2961,85.8245
2002-01-17,0.0,21.6,14.1,bhubaneswar,20.2961,85.8245
2002-01-18,0.0,20.9,15.0,bhubaneswar,20.2961,85.8245
2002-01-19,0.0,21.3,11.3,bhubaneswar,20.2961,85.8245
2002-01-20,0.0,22.3,10.0,bhubaneswar,20.2961,85.8245
2002-01-21,0.0,22.7,8.4,bhubaneswar,20.2961,85.8245
2002-01-22,0.0,23.6,11.4,bhubaneswar,20.2961,85.8245
2002-01-23,0.4,24.6,10.7,bhubaneswar,20.2961,85.8245
2002-01-24,1.4,23.4,7.6,bhubaneswar,20.2961,85.8245
2002-01-25,0.0,22.2,13.3,bhubaneswar,20.2961,85.8245
2002-01-26,0.0,22.3,11.7,bhubaneswar,20.2961,85.8245
2002-01-27,2.1,23.1,18.7,bhubaneswar,20.2961,85.8245
2002-01-28,13.3,22.7,14.9,bhubaneswar,20.2961,85.8245
2002-01-29,8.2,19.6,16.1,bhubaneswar,20.2961,85.8245
2002-01-30,0.0,18.7,9.8,bhubaneswar,20.2961,85.8245
2002-01-31,0.0,19.4,14.6,bhubaneswar,20.2961,85.8245
2002-02-01,0.0,19.4,10.4,bhubaneswar,20.2961,85.8245
2002-02-02,0.0,20.0,8.4,bhubaneswar,20.2961,85.8245
2002-02-03,0.0,20.4,9.2,bhubaneswar,20.2961,85.8245
2002-02-04,0.0,20.8,8.3,bhubaneswar,20.2961,85.8245
2002-02-05,0.0,20.9,9.0,bhubaneswar,20.2961,85.8245
2002-02-06,0.0,22.4,11.9,bhubaneswar,20.2961,85.8245
2002-02-07,0.0,23.0,11.6,bhubaneswar,20.2961,85.8245
2002-02-08,0.0,23.0,11.1,bhubaneswar,20.2961,85.8245
2002-02-09,0.0,22.6,10.5,bhubaneswar,20.2961,85.8245
2002-02-10,0.0,22.7,11.5,bhubaneswar,20.2961,85.8245
2002-02-11,0.0,23.4,10.0,bhubaneswar,20.2961,85.8245
2002-02-12,0.0,23.7,7.9,bhubaneswar,20.2961,85.8245
2002-02-13,0.0,24.0,10.4,bhubaneswar,20.2961,85.8245
2002-02-14,0.0,23.9,11.7,bhubaneswar,20.2961,85.8245
2002-02-15,0.0,23.8,13.5,bhubaneswar,20.2961,85.8245
2002-02-16,0.0,23.9,10.8,bhubaneswar,20.2961,85.8245
2002-02-17,0.0,24.6,11.0,bhubaneswar,20.2961,85.8245
2002-02-18,0.0,25.5,12.3,bhubaneswar,20.2961,85.8245
2002-02-19,0.0,26.0,13.3,bhubaneswar,20.2961,85.8245
2002-02-20,0.0,26.3,12.6,bhubaneswar,20.2961,85.8245
2002-02-21,0.0,26.5,14.9,bhubaneswar,20.2961,85.8245
2002-02-22,0.0,26.7,13.4,bhubaneswar,20.2961,85.8245
2002-02-23,0.0,26.2,15.0,bhubaneswar,20.2961,85.8245
2002-02-24,0.0,26.9,13.7,bhubaneswar,20.2961,85.8245
2002-02-25,0.0,27.2,13.4,bhubaneswar,20.2961,85.8245
2002-02-26,0.0,26.5,13.8,bhubaneswar,20.2961,85.8245
2002-02-27,0.0,26.3,16.1,bhubaneswar,20.2961,85.8245
2002-02-28,0.0,26.2,13.7,bhubaneswar,20.2961,85.8245
2002-03-01,0.0,26.5,13.9,bhubaneswar,20.2961,85.8245
2002-03-02,0.0,27.4,12.6,bhubaneswar,20.2961,85.8245
2002-03-03,0.0,27.9,15.5,bhubaneswar,20.2961,85.8245
2002-03-04,0.8,27.5,16.7,bhubaneswar,20.2961,85.8245
2002-03-05,0.0,27.5,16.7,bhubaneswar,20.2961,85.8245
2002-03-06,0.0,27.6,16.9,bhubaneswar,20.2961,85.8245
2002-03-07,2.1,26.0,13.6,bhubaneswar,20.2961,85.8245
2002-03-08,0.4,26.0,14.2,bhubaneswar,20.2961,85.8245
2002-03-09,0.0,27.4,15.9,bhubaneswar,20.2961,85.8245
2002-03-10,0.0,28.8,14.7,bhubaneswar,20.2961,85.8245
2002-03-11,0.0,29.2,14.6,bhubaneswar,20.2961,85.8245
2002-03-12,0.0,28.7,13.2,bhubaneswar,20.2961,85.8245
2002-03-13,0.0,28.4,13.1,bhubaneswar,20.2961,85.8245
2002-03-14,0.0,28.6,14.5,bhubaneswar,20.2961,85.8245
2002-03-15,0.0,28.5,13.9,bhubaneswar,20.2961,85.8245
2002-03-16,0.0,28.4,12.5,bhubaneswar,20.2961,85.8245
2002-03-17,0.0,28.7,15.8,bhubaneswar,20.2961,85.8245
2002-03-18,0.0,28.5,12.7,bhubaneswar,20.2961,85.8245
2002-03-19,0.0,28.6,17.3,bhubaneswar,20.2961,85.8245
2002-03-20,0.0,28.2,20.6,bhubaneswar,20.2961,85.8245
2002-03-21,0.0,28.3,19.2,bhubaneswar,20.2961,85.8245
2002-03-22,1.1,28.9,16.0,bhubaneswar,20.2961,85.8245
2002-03-23,0.2,29.1,15.9,bhubaneswar,20.2961,85.8245
2002-03-24,0.1,29.3,22.4,bhubaneswar,20.2961,85.8245
2002-03-25,0.0,29.9,19.8,bhubaneswar,20.2961,85.8245
2002-03-26,0.0,29.3,25.4,bhubaneswar,20.2961,85.8245
2002-03-27,0.0,29.3,19.6,bhubaneswar,20.2961,85.8245
2002-03-28,0.0,29.3,15.2,bhubaneswar,20.2961,85.8245
2002-03-29,2.7,28.4,12.0,bhubaneswar,20.2961,85.8245
2002-03-30,0.0,29.2,14.3,bhubaneswar,20.2961,85.8245
2002-03-31,0.0,30.0,15.5,bhubaneswar,20.2961,85.8245
2002-04-01,0.0,29.5,21.9,bhubaneswar,20.2961,85.8245
2002-04-02,1.6,29.4,21.0,bhubaneswar,20.2961,85.8245
2002-04-03,0.5,29.6,24.2,bhubaneswar,20.2961,85.8245
2002-04-04,0.0,29.3,18.2,bhubaneswar,20.2961,85.8245
2002-04-05,0.3,29.5,17.0,bhubaneswar,20.2961,85.8245
2002-04-06,0.0,29.8,18.8,bhubaneswar,20.2961,85.8245
2002-04-07,0.0,30.3,14.7,bhubaneswar,20.2961,85.8245
2002-04-08,0.5,31.0,16.1,bhubaneswar,20.2961,85.8245
2002-04-09,0.0,30.7,14.1,bhubaneswar,20.2961,85.8245
2002-04-10,1.7,30.3,16.4,bhubaneswar,20.2961,85.8245
2002-04-11,0.8,29.0,13.3,bhubaneswar,20.2961,85.8245
2002-04-12,1.0,29.2,13.2,bhubaneswar,20.2961,85.8245
2002-04-13,0.2,29.3,13.7,bhubaneswar,20.2961,85.8245
2002-04-14,0.2,29.7,18.2,bhubaneswar,20.2961,85.8245
2002-04-15,0.0,30.2,22.6,bhubaneswar,20.2961,85.8245
2002-04-16,0.0,30.6,22.4,bhubaneswar,20.2961,85.8245
2002-04-17,0.0,30.8,21.2,bhubaneswar,20.2961,85.8245
2002-04-18,0.0,31.1,19.9,bhubaneswar,20.2961,85.8245
2002-04-19,0.0,31.1,20.9,bhubaneswar,20.2961,85.8245
2002-04-20,0.0,31.4,19.7,bhubaneswar,20.2961,85.8245
2002-04-21,0.0,32.0,15.1,bhubaneswar,20.2961,85.8245
2002-04-22,1.7,31.4,16.9,bhubaneswar,20.2961,85.8245
2002-04-23,0.0,30.8,19.4,bhubaneswar,20.2961,85.8245
2002-04-24,0.1,30.9,20.6,bhubaneswar,20.2961,85.8245
2002-04-25,0.0,30.7,23.3,bhubaneswar,20.2961,85.8245
2002-04-26,0.0,31.1,23.4,bhubaneswar,20.2961,85.8245
2002-04-27,0.0,31.5,16.6,bhubaneswar,20.2961,85.8245
2002-04-28,0.0,30.6,22.9,bhubaneswar,20.2961,85.8245
2002-04-29,0.0,30.7,22.9,bhubaneswar,20.2961,85.8245
2002-04-30,0.0,30.9,22.4,bhubaneswar,20.2961,85.8245
2002-05-01,0.0,30.4,21.8,bhubaneswar,20.2961,85.8245
2002-05-02,0.0,30.4,24.0,bhubaneswar,20.2961,85.8245
2002-05-03,0.0,30.7,18.7,bhubaneswar,20.2961,85.8245
2002-05-04,0.0,31.1,21.4,bhubaneswar,20.2961,85.8245
2002-05-05,0.0,31.9,23.9,bhubaneswar,20.2961,85.8245
2002-05-06,0.0,31.8,21.6,bhubaneswar,20.2961,85.8245
2002-05-07,0.0,32.5,20.3,bhubaneswar,20.2961,85.8245
2002-05-08,0.0,33.0,18.4,bhubaneswar,20.2961,85.8245
2002-05-09,0.3,33.4,15.0,bhubaneswar,20.2961,85.8245
2002-05-10,0.0,33.0,16.7,bhubaneswar,20.2961,85.8245
2002-05-11,0.0,33.2,15.3,bhubaneswar,20.2961,85.8245
2002-05-12,0.5,34.6,13.5,bhubaneswar,20.2961,85.8245
2002-05-13,0.0,33.7,14.3,bhubaneswar,20.2961,85.8245
2002-05-14,0.0,32.7,15.9,bhubaneswar,20.2961,85.8245
2002-05-15,6.3,31.6,11.5,bhubaneswar,20.2961,85.8245
2002-05-16,8.9,28.5,9.7,bhubaneswar,20.2961,85.8245
2002-05-17,0.2,30.4,10.8,bhubaneswar,20.2961,85.8245
2002-05-18,0.0,32.5,16.7,bhubaneswar,20.2961,85.8245
2002-05-19,0.0,34.4,19.8,bhubaneswar,20.2961,85.8245
2002-05-20,0.0,35.4,18.2,bhubaneswar,20.2961,85.8245
2002-05-21,0.0,34.3,21.0,bhubaneswar,20.2961,85.8245
2002-05-22,0.0,33.9,20.5,bhubaneswar,20.2961,85.8245
2002-05-23,0.0,33.5,22.1,bhubaneswar,20.2961,85.8245
2002-05-24,0.0,32.8,17.3,bhubaneswar,20.2961,85.8245
2002-05-25,0.6,31.9,20.4,bhubaneswar,20.2961,85.8245
2002-05-26,6.3,31.3,16.8,bhubaneswar,20.2961,85.8245
2002-05-27,0.3,31.3,19.4,bhubaneswar,20.2961,85.8245
2002-05-28,0.0,32.0,16.3,bhubaneswar,20.2961,85.8245
2002-05-29,0.0,32.1,14.2,bhubaneswar,20.2961,85.8245
2002-05-30,0.0,32.3,15.2,bhubaneswar,20.2961,85.8245
2002-05-31,2.7,31.1,18.4,bhubaneswar,20.2961,85.8245
2002-06-01,0.0,31.5,17.1,bhubaneswar,20.2961,85.8245
2002-06-02,2.6,31.7,16.1,bhubaneswar,20.2961,85.8245
2002-06-03,0.8,32.5,15.5,bhubaneswar,20.2961,85.8245
2002-06-04,5.5,32.0,16.9,bhubaneswar,20.2961,85.8245
2002-06-05,11.1,31.3,14.3,bhubaneswar,20.2961,85.8245
2002-06-06,1.2,31.4,15.1,bhubaneswar,20.2961,85.8245
2002-06-07,0.0,31.9,16.2,bhubaneswar,20.2961,85.8245
2002-06-08,6.0,32.4,16.4,bhubaneswar,20.2961,85.8245
2002-06-09,4.0,30.5,18.9,bhubaneswar,20.2961,85.8245
2002-06-10,8.7,29.2,17.3,bhubaneswar,20.2961,85.8245
2002-06-11,8.5,29.1,18.4,bhubaneswar,20.2961,85.8245
2002-06-12,4.8,29.3,17.4,bhubaneswar,20.2961,85.8245
2002-06-13,3.4,29.4,18.7,bhubaneswar,20.2961,85.8245
2002-06-14,2.6,31.3,17.9,bhubaneswar,20.2961,85.8245
2002-06-15,14.7,29.9,18.0,bhubaneswar,20.2961,85.8245
2002-06-16,8.7,31.0,16.4,bhubaneswar,20.2961,85.8245
2002-06-17,0.1,30.3,11.5,bhubaneswar,20.2961,85.8245
2002-06-18,7.9,30.0,12.9,bhubaneswar,20.2961,85.8245
2002-06-19,32.3,28.9,11.1,bhubaneswar,20.2961,85.8245
2002-06-20,25.4,28.7,13.5,bhubaneswar,20.2961,85.8245
2002-06-21,8.4,28.6,15.1,bhubaneswar,20.2961,85.8245
2002-06-22,4.7,29.1,18.6,bhubaneswar,20.2961,85.8245
2002-06-23,3.3,28.7,16.9,bhubaneswar,20.2961,85.8245
2002-06-24,8.4,28.4,14.7,bhubaneswar,20.2961,85.8245
2002-06-25,1.2,28.4,15.9,bhubaneswar,20.2961,85.8245
2002-06-26,0.4,29.3,21.3,bhubaneswar,20.2961,85.8245
2002-06-27,0.8,29.4,18.5,bhubaneswar,20.2961,85.8245
2002-06-28,5.8,29.3,12.5,bhubaneswar,20.2961,85.8245
2002-06-29,4.0,29.7,14.3,bhubaneswar,20.2961,85.8245
2002-06-30,2.1,30.6,15.0,bhubaneswar,20.2961,85.8245
2002-07-01,2.0,29.9,13.6,bhubaneswar,20.2961,85.8245
2002-07-02,3.7,29.1,13.2,bhubaneswar,20.2961,85.8245
2002-07-03,10.9,27.8,14.0,bhubaneswar,20.2961,85.8245
2002-07-04,2.6,29.6,16.6,bhubaneswar,20.2961,85.8245
2002-07-05,0.2,30.4,13.9,bhubaneswar,20.2961,85.8245
2002-07-06,3.6,29.6,11.2,bhubaneswar,20.2961,85.8245
2002-07-07,0.0,31.3,11.7,bhubaneswar,20.2961,85.8245
2002-07-08,0.0,31.3,13.8,bhubaneswar,20.2961,85.8245
2002-07-09,0.0,31.6,12.7,bhubaneswar,20.2961,85.8245
2002-07-10,1.2,31.2,12.9,bhubaneswar,20.2961,85.8245
2002-07-11,0.0,31.2,11.6,bhubaneswar,20.2961,85.8245
2002-07-12,2.7,31.1,9.9,bhubaneswar,20.2961,85.8245
2002-07-13,1.1,31.3,10.1,bhubaneswar,20.2961,85.8245
2002-07-14,11.5,30.6,9.7,bhubaneswar,20.2961,85.8245
2002-07-15,14.2,29.0,13.3,bhubaneswar,20.2961,85.8245
2002-07-16,30.6,28.1,17.6,bhubaneswar,20.2961,85.8245
2002-07-17,12.2,27.6,13.0,bhubaneswar,20.2961,85.8245
2002-07-18,3.3,27.6,13.1,bhubaneswar,20.2961,85.8245
2002-07-19,1.1,29.3,15.1,bhubaneswar,20.2961,85.8245
2002-07-20,2.9,28.9,14.8,bhubaneswar,20.2961,85.8245
2002-07-21,7.7,27.8,16.3,bhubaneswar,20.2961,85.8245
2002-07-22,2.3,27.9,13.3,bhubaneswar,20.2961,85.8245
2002-07-23,5.4,28.5,15.5,bhubaneswar,20.2961,85.8245
2002-07-24,2.0,29.4,19.9,bhubaneswar,20.2961,85.8245
2002-07-25,0.2,30.1,16.3,bhubaneswar,20.2961,85.8245
2002-07-26,0.5,30.2,15.3,bhubaneswar,20.2961,85.8245
2002-07-27,0.7,30.6,12.1,bhubaneswar,20.2961,85.8245
2002-07-28,7.1,29.9,11.1,bhubaneswar,20.2961,85.8245
2002-07-29,14.4,29.1,8.6,bhubaneswar,20.2961,85.8245
2002-07-30,12.8,27.4,9.7,bhubaneswar,20.2961,85.8245
2002-07-31,12.0,27.1,10.2,bhubaneswar,20.2961,85.8245
2002-08-01,3.0,28.4,13.8,bhubaneswar,20.2961,85.8245
2002-08-02,2.3,28.4,16.3,bhubaneswar,20.2961,85.8245
2002-08-03,21.8,27.3,14.8,bhubaneswar,20.2961,85.8245
2002-08-04,16.6,26.9,10.2,bhubaneswar,20.2961,85.8245
2002-08-05,8.3,27.3,10.6,bhubaneswar,20.2961,85.8245
2002-08-06,14.1,27.6,9.4,bhubaneswar,20.2961,85.8245
2002-08-07,5.6,27.8,14.0,bhubaneswar,20.2961,85.8245
2002-08-08,36.8,26.7,10.0,bhubaneswar,20.2961,85.8245
2002-08-09,13.5,26.6,15.0,bhubaneswar,20.2961,85.8245
2002-08-10,3.7,26.9,16.5,bhubaneswar,20.2961,85.8245
2002-08-11,6.0,27.9,18.5,bhubaneswar,20.2961,85.8245
2002-08-12,22.4,27.0,16.5,bhubaneswar,20.2961,85.8245
2002-08-13,17.6,26.2,15.6,bhubaneswar,20.2961,85.8245
2002-08-14,5.2,26.8,14.5,bhubaneswar,20.2961,85.8245
2002-08-15,6.8,26.9,14.8,bhubaneswar,20.2961,85.8245
2002-08-16,8.3,27.5,21.1,bhubaneswar,20.2961,85.8245
2002-08-17,7.0,27.7,19.8,bhubaneswar,20.2961,85.8245
2002-08-18,0.0,28.3,13.4,bhubaneswar,20.2961,85.8245
2002-08-19,1.0,28.4,13.1,bhubaneswar,20.2961,85.8245
2002-08-20,4.2,28.3,9.7,bhubaneswar,20.2961,85.8245
2002-08-21,15.0,26.9,7.6,bhubaneswar,20.2961,85.8245
2002-08-22,36.3,25.9,11.2,bhubaneswar,20.2961,85.8245
2002-08-23,9.0,25.9,18.9,bhubaneswar,20.2961,85.8245
2002-08-24,1.2,27.5,21.2,bhubaneswar,20.2961,85.8245
2002-08-25,0.6,27.9,16.9,bhubaneswar,20.2961,85.8245
2002-08-26,5.4,28.6,9.1,bhubaneswar,20.2961,85.8245
2002-08-27,15.4,27.9,13.6,bhubaneswar,20.2961,85.8245
2002-08-28,39.5,25.8,11.4,bhubaneswar,20.2961,85.8245
2002-08-29,17.0,25.9,6.6,bhubaneswar,20.2961,85.8245
2002-08-30,5.0,26.4,9.2,bhubaneswar,20.2961,85.8245
2002-08-31,10.0,27.0,6.4,bhubaneswar,20.2961,85.8245
2002-09-01,16.2,26.0,10.5,bhubaneswar,20.2961,85.8245
2002-09-02,7.2,27.2,14.9,bhubaneswar,20.2961,85.8245
2002-09-03,6.9,27.5,15.9,bhubaneswar,20.2961,85.8245
2002-09-04,13.7,27.5,12.8,bhubaneswar,20.2961,85.8245
2002-09-05,14.8,26.9,9.0,bhubaneswar,20.2961,85.8245
2002-09-06,17.5,26.2,12.6,bhubaneswar,20.2961,85.8245
2002-09-07,5.9,27.3,11.8,bhubaneswar,20.2961,85.8245
2002-09-08,7.7,26.6,10.5,bhubaneswar,20.2961,85.8245
2002-09-09,23.5,26.0,10.4,bhubaneswar,20.2961,85.8245
2002-09-10,17.7,25.6,12.5,bhubaneswar,20.2961,85.8245
2002-09-11,7.6,26.8,12.5,bhubaneswar,20.2961,85.8245
2002-09-12,4.4,26.8,12.6,bhubaneswar,20.2961,85.8245
2002-09-13,2.2,27.1,10.1,bhubaneswar,20.2961,85.8245
2002-09-14,5.9,27.1,7.4,bhubaneswar,20.2961,85.8245
2002-09-15,11.1,27.3,11.4,bhubaneswar,20.2961,85.8245
2002-09-16,1.5,27.8,7.7,bhubaneswar,20.2961,85.8245
2002-09-17,0.0,28.5,11.0,bhubaneswar,20.2961,85.8245
2002-09-18,0.0,28.6,10.5,bhubaneswar,20.2961,85.8245
2002-09-19,3.5,27.8,8.4,bhubaneswar,20.2961,85.8245
2002-09-20,6.7,27.0,12.2,bhubaneswar,20.2961,85.8245
2002-09-21,12.4,25.9,17.3,bhubaneswar,20.2961,85.8245
2002-09-22,8.2,25.8,16.6,bhubaneswar,20.2961,85.8245
2002-09-23,10.4,25.7,12.2,bhubaneswar,20.2961,85.8245
2002-09-24,6.1,26.5,7.6,bhubaneswar,20.2961,85.8245
2002-09-25,0.9,27.9,7.2,bhubaneswar,20.2961,85.8245
2002-09-26,11.7,26.8,7.3,bhubaneswar,20.2961,85.8245
2002-09-27,21.5,26.2,6.9,bhubaneswar,20.2961,85.8245
2002-09-28,2.2,26.3,8.0,bhubaneswar,20.2961,85.8245
2002-09-29,1.0,27.3,10.5,bhubaneswar,20.2961,85.8245
2002-09-30,0.5,27.8,10.1,bhubaneswar,20.2961,85.8245
2002-10-01,0.0,27.9,9.2,bhubaneswar,20.2961,85.8245
2002-10-02,0.0,28.5,7.0,bhubaneswar,20.2961,85.8245
2002-10-03,0.0,28.5,7.5,bhubaneswar,20.2961,85.8245
2002-10-04,0.0,28.3,7.9,bhubaneswar,20.2961,85.8245
2002-10-05,2.6,27.8,6.1,bhubaneswar,20.2961,85.8245
2002-10-06,2.2,27.7,6.5,bhubaneswar,20.2961,85.8245
2002-10-07,4.3,27.1,8.5,bhubaneswar,20.2961,85.8245
2002-10-08,3.2,26.8,10.4,bhubaneswar,20.2961,85.8245
2002-10-09,5.2,26.0,13.2,bhubaneswar,20.2961,85.8245
2002-10-10,7.1,25.9,14.1,bhubaneswar,20.2961,85.8245
2002-10-11,8.4,25.5,12.3,bhubaneswar,20.2961,85.8245
2002-10-12,17.2,25.5,14.4,bhubaneswar,20.2961,85.8245
2002-10-13,13.7,24.6,16.3,bhubaneswar,20.2961,85.8245
2002-10-14,4.6,25.3,11.8,bhubaneswar,20.2961,85.8245
2002-10-15,0.5,26.6,10.0,bhubaneswar,20.2961,85.8245
2002-10-16,5.7,26.2,9.4,bhubaneswar,20.2961,85.8245
2002-10-17,1.6,27.3,9.4,bhubaneswar,20.2961,85.8245
2002-10-18,5.7,26.8,11.5,bhubaneswar,20.2961,85.8245
2002-10-19,0.7,25.7,8.3,bhubaneswar,20.2961,85.8245
2002-10-20,0.0,25.9,8.2,bhubaneswar,20.2961,85.8245
2002-10-21,0.0,25.7,7.6,bhubaneswar,20.2961,85.8245
2002-10-22,0.0,25.5,7.6,bhubaneswar,20.2961,85.8245
2002-10-23,0.0,25.8,7.4,bhubaneswar,20.2961,85.8245
2002-10-24,0.5,25.5,8.4,bhubaneswar,20.2961,85.8245
2002-10-25,0.0,25.3,10.1,bhubaneswar,20.2961,85.8245
2002-10-26,0.0,25.6,11.7,bhubaneswar,20.2961,85.8245
2002-10-27,0.1,25.2,7.6,bhubaneswar,20.2961,85.8245
2002-10-28,0.0,24.0,8.9,bhubaneswar,20.2961,85.8245
2002-10-29,0.0,23.8,9.5,bhubaneswar,20.2961,85.8245
2002-10-30,0.0,24.3,9.1,bhubaneswar,20.2961,85.8245
2002-10-31,0.0,24.6,7.2,bhubaneswar,20.2961,85.8245
2002-11-01,0.4,24.5,7.1,bhubaneswar,20.2961,85.8245
2002-11-02,0.0,24.2,7.7,bhubaneswar,20.2961,85.8245
2002-11-03,0.0,24.7,10.7,bhubaneswar,20.2961,85.8245
2002-11-04,0.0,24.2,12.0,bhubaneswar,20.2961,85.8245
2002-11-05,0.0,23.9,9.4,bhubaneswar,20.2961,85.8245
2002-11-06,0.0,24.2,11.0,bhubaneswar,20.2961,85.8245
2002-11-07,0.0,23.9,12.0,bhubaneswar,20.2961,85.8245
2002-11-08,0.0,25.4,11.5,bhubaneswar,20.2961,85.8245
2002-11-09,0.2,25.6,15.5,bhubaneswar,20.2961,85.8245
2002-11-10,4.1,25.7,15.9,bhubaneswar,20.2961,85.8245
2002-11-11,39.3,22.1,20.7,bhubaneswar,20.2961,85.8245
2002-11-12,7.7,22.1,19.5,bhubaneswar,20.2961,85.8245
2002-11-13,0.0,23.1,11.2,bhubaneswar,20.2961,85.8245
2002-11-14,0.0,23.1,8.0,bhubaneswar,20.2961,85.8245
2002-11-15,0.0,22.4,7.4,bhubaneswar,20.2961,85.8245
2002-11-16,0.0,21.6,8.7,bhubaneswar,20.2961,85.8245
2002-11-17,0.0,21.4,9.2,bhubaneswar,20.2961,85.8245
2002-11-18,0.0,21.5,9.3,bhubaneswar,20.2961,85.8245
2002-11-19,0.0,21.8,9.4,bhubaneswar,20.2961,85.8245
2002-11-20,0.0,21.9,9.3,bhubaneswar,20.2961,85.8245
2002-11-21,0.0,21.4,11.5,bhubaneswar,20.2961,85.8245
2002-11-22,0.0,21.7,10.0,bhubaneswar,20.2961,85.8245
2002-11-23,0.0,22.0,8.3,bhubaneswar,20.2961,85.8245
2002-11-24,0.0,21.9,9.8,bhubaneswar,20.2961,85.8245
2002-11-25,0.0,22.2,15.5,bhubaneswar,20.2961,85.8245
2002-11-26,0.0,22.5,12.4,bhubaneswar,20.2961,85.8245
2002-11-27,0.0,22.2,11.1,bhubaneswar,20.2961,85.8245
2002-11-28,0.0,21.6,11.4,bhubaneswar,20.2961,85.8245
2002-11-29,0.0,22.3,9.4,bhubaneswar,20.2961,85.8245
2002-11-30,0.0,21.9,9.4,bhubaneswar,20.2961,85.8245
2002-12-01,0.0,22.1,9.2,bhubaneswar,20.2961,85.8245
2002-12-02,0.0,21.9,8.4,bhubaneswar,20.2961,85.8245
2002-12-03,0.0,21.0,8.8,bhubaneswar,20.2961,85.8245
2002-12-04,0.0,20.5,9.3,bhubaneswar,20.2961,85.8245
2002-12-05,0.0,20.8,8.9,bhubaneswar,20.2961,85.8245
2002-12-06,0.0,21.7,9.5,bhubaneswar,20.2961,85.8245
2002-12-07,0.0,21.8,7.7,bhubaneswar,20.2961,85.8245
2002-12-08,0.0,21.9,9.7,bhubaneswar,20.2961,85.8245
2002-12-09,0.0,21.2,9.9,bhubaneswar,20.2961,85.8245
2002-12-10,0.0,21.5,9.2,bhubaneswar,20.2961,85.8245
2002-12-11,0.0,20.9,9.5,bhubaneswar,20.2961,85.8245
2002-12-12,0.0,20.6,8.7,bhubaneswar,20.2961,85.8245
2002-12-13,0.0,20.9,8.9,bhubaneswar,20.2961,85.8245
2002-12-14,0.0,21.3,8.7,bhubaneswar,20.2961,85.8245
2002-12-15,0.0,22.0,8.6,bhubaneswar,20.2961,85.8245
2002-12-16,0.0,21.8,6.4,bhubaneswar,20.2961,85.8245
2002-12-17,0.0,21.3,8.3,bhubaneswar,20.2961,85.8245
2002-12-18,0.0,21.7,9.8,bhubaneswar,20.2961,85.8245
2002-12-19,0.0,22.9,10.9,bhubaneswar,20.2961,85.8245
2002-12-20,0.0,23.5,11.2,bhubaneswar,20.2961,85.8245
2002-12-21,0.0,22.9,8.7,bhubaneswar,20.2961,85.8245
2002-12-22,0.0,22.1,10.1,bhubaneswar,20.2961,85.8245
2002-12-23,0.0,22.0,10.7,bhubaneswar,20.2961,85.8245
2002-12-24,0.0,22.0,10.9,bhubaneswar,20.2961,85.8245
2002-12-25,0.0,22.8,9.4,bhubaneswar,20.2961,85.8245
2002-12-26,0.0,22.6,8.1,bhubaneswar,20.2961,85.8245
2002-12-27,0.1,21.9,8.2,bhubaneswar,20.2961,85.8245
2002-12-28,0.0,21.3,8.8,bhubaneswar,20.2961,85.8245
2002-12-29,0.0,21.2,8.7,bhubaneswar,20.2961,85.8245
2002-12-30,0.0,21.1,8.9,bhubaneswar,20.2961,85.8245
2002-12-31,0.0,21.4,14.0,bhubaneswar,20.2961,85.8245
2003-01-01,0.0,22.6,14.6,bhubaneswar,20.2961,85.8245
2003-01-02,0.0,21.1,16.8,bhubaneswar,20.2961,85.8245
2003-01-03,0.0,20.4,11.7,bhubaneswar,20.2961,85.8245
2003-01-04,0.0,21.2,8.4,bhubaneswar,20.2961,85.8245
2003-01-05,0.0,21.8,11.5,bhubaneswar,20.2961,85.8245
2003-01-06,0.0,19.8,13.0,bhubaneswar,20.2961,85.8245
2003-01-07,0.0,19.4,8.9,bhubaneswar,20.2961,85.8245
2003-01-08,0.0,20.0,10.4,bhubaneswar,20.2961,85.8245
2003-01-09,0.0,19.0,13.6,bhubaneswar,20.2961,85.8245
2003-01-10,0.0,18.6,10.1,bhubaneswar,20.2961,85.8245
2003-01-11,0.0,18.6,11.7,bhubaneswar,20.2961,85.8245
2003-01-12,0.0,18.7,11.0,bhubaneswar,20.2961,85.8245
2003-01-13,0.0,18.6,12.6,bhubaneswar,20.2961,85.8245
2003-01-14,0.0,19.2,10.7,bhubaneswar,20.2961,85.8245
2003-01-15,0.0,18.2,13.3,bhubaneswar,20.2961,85.8245
2003-01-16,0.0,17.5,11.2,bhubaneswar,20.2961,85.8245
2003-01-17,0.0,17.9,13.5,bhubaneswar,20.2961,85.8245
2003-01-18,0.0,18.3,12.2,bhubaneswar,20.2961,85.8245
2003-01-19,0.0,19.0,11.8,bhubaneswar,20.2961,85.8245
2003-01-20,0.0,20.4,12.6,bhubaneswar,20.2961,85.8245
2003-01-21,0.0,21.5,10.7,bhubaneswar,20.2961,85.8245
2003-01-22,0.0,21.6,10.4,bhubaneswar,20.2961,85.8245
2003-01-23,0.0,22.6,12.6,bhubaneswar,20.2961,85.8245
2003-01-24,0.0,24.0,11.3,bhubaneswar,20.2961,85.8245
2003-01-25,0.0,24.5,14.4,bhubaneswar,20.2961,85.8245
2003-01-26,0.0,24.2,12.3,bhubaneswar,20.2961,85.8245
2003-01-27,0.0,23.8,12.5,bhubaneswar,20.2961,85.8245
2003-01-28,0.0,24.0,12.5,bhubaneswar,20.2961,85.8245
2003-01-29,0.0,24.2,12.6,bhubaneswar,20.2961,85.8245
2003-01-30,0.0,24.5,14.5,bhubaneswar,20.2961,85.8245
2003-01-31,0.0,24.2,12.6,bhubaneswar,20.2961,85.8245
2003-02-01,0.0,24.4,14.4,bhubaneswar,20.2961,85.8245
2003-02-02,0.0,24.8,10.4,bhubaneswar,20.2961,85.8245
2003-02-03,0.0,24.6,10.8,bhubaneswar,20.2961,85.8245
2003-02-04,0.0,23.9,13.3,bhubaneswar,20.2961,85.8245
2003-02-05,0.9,23.5,9.7,bhubaneswar,20.2961,85.8245
2003-02-06,0.0,23.7,13.9,bhubaneswar,20.2961,85.8245
2003-02-07,0.0,24.2,16.4,bhubaneswar,20.2961,85.8245
2003-02-08,0.0,24.6,13.8,bhubaneswar,20.2961,85.8245
2003-02-09,0.4,24.4,13.3,bhubaneswar,20.2961,85.8245
2003-02-10,0.0,24.3,13.7,bhubaneswar,20.2961,85.8245
2003-02-11,0.0,24.3,12.8,bhubaneswar,20.2961,85.8245
2003-02-12,0.0,25.0,14.1,bhubaneswar,20.2961,85.8245
2003-02-13,0.6,25.5,11.3,bhubaneswar,20.2961,85.8245
2003-02-14,2.1,24.3,11.0,bhubaneswar,20.2961,85.8245
2003-02-15,13.8,22.8,9.2,bhubaneswar,20.2961,85.8245
2003-02-16,1.4,23.1,8.8,bhubaneswar,20.2961,85.8245
2003-02-17,0.0,24.9,10.2,bhubaneswar,20.2961,85.8245
2003-02-18,0.0,25.0,14.1,bhubaneswar,20.2961,85.8245
2003-02-19,0.0,25.1,13.7,bhubaneswar,20.2961,85.8245
2003-02-20,1.1,24.7,8.3,bhubaneswar,20.2961,85.8245
2003-02-21,0.2,25.7,12.6,bhubaneswar,20.2961,85.8245
2003-02-22,0.0,24.6,13.9,bhubaneswar,20.2961,85.8245
2003-02-23,0.0,24.4,12.2,bhubaneswar,20.2961,85.8245
2003-02-24,0.0,25.3,15.6,bhubaneswar,20.2961,85.8245
2003-02-25,0.0,26.4,16.6,bhubaneswar,20.2961,85.8245
2003-02-26,5.7,26.0,11.4,bhubaneswar,20.2961,85.8245
2003-02-27,0.8,26.0,12.2,bhubaneswar,20.2961,85.8245
2003-02-28,0.0,26.7,11.5,bhubaneswar,20.2961,85.8245
2003-03-01,0.0,27.1,15.5,bhubaneswar,20.2961,85.8245
2003-03-02,0.1,28.2,14.9,bhubaneswar,20.2961,85.8245
2003-03-03,0.0,28.8,16.7,bhubaneswar,20.2961,85.8245
2003-03-04,0.0,28.9,11.5,bhubaneswar,20.2961,85.8245
2003-03-05,0.0,26.0,14.4,bhubaneswar,20.2961,85.8245
2003-03-06,0.0,25.2,12.5,bhubaneswar,20.2961,85.8245
2003-03-07,0.0,25.2,12.1,bhubaneswar,20.2961,85.8245
2003-03-08,0.0,26.1,12.6,bhubaneswar,20.2961,85.8245
2003-03-09,0.0,26.0,15.6,bhubaneswar,20.2961,85.8245
2003-03-10,0.0,26.4,18.8,bhubaneswar,20.2961,85.8245
2003-03-11,0.0,26.4,17.6,bhubaneswar,20.2961,85.8245
2003-03-12,1.1,26.6,21.9,bhubaneswar,20.2961,85.8245
2003-03-13,0.4,26.1,12.6,bhubaneswar,20.2961,85.8245
2003-03-14,0.8,27.7,15.5,bhubaneswar,20.2961,85.8245
2003-03-15,0.0,28.8,14.4,bhubaneswar,20.2961,85.8245
2003-03-16,12.4,26.7,18.9,bhubaneswar,20.2961,85.8245
2003-03-17,6.0,26.2,11.3,bhubaneswar,20.2961,85.8245
2003-03-18,2.9,26.1,11.4,bhubaneswar,20.2961,85.8245
2003-03-19,7.1,26.4,12.2,bhubaneswar,20.2961,85.8245
2003-03-20,0.0,27.0,13.7,bhubaneswar,20.2961,85.8245
2003-03-21,0.0,27.4,13.1,bhubaneswar,20.2961,85.8245
2003-03-22,0.0,27.7,13.7,bhubaneswar,20.2961,85.8245
2003-03-23,0.0,28.4,16.3,bhubaneswar,20.2961,85.8245
2003-03-24,0.0,28.5,18.2,bhubaneswar,20.2961,85.8245
2003-03-25,0.5,28.5,15.9,bhubaneswar,20.2961,85.8245
2003-03-26,0.9,28.5,15.6,bhubaneswar,20.2961,85.8245
2003-03-27,0.7,28.7,11.2,bhubaneswar,20.2961,85.8245
2003-03-28,1.8,28.0,12.6,bhubaneswar,20.2961,85.8245
2003-03-29,0.3,28.5,13.1,bhubaneswar,20.2961,85.8245
2003-03-30,0.2,29.0,19.7,bhubaneswar,20.2961,85.8245
2003-03-31,0.0,29.6,20.9,bhubaneswar,20.2961,85.8245
2003-04-01,0.0,30.1,16.2,bhubaneswar,20.2961,85.8245
2003-04-02,0.0,29.7,18.7,bhubaneswar,20.2961,85.8245
2003-04-03,0.0,29.9,22.3,bhubaneswar,20.2961,85.8245
2003-04-04,9.2,29.4,22.5,bhubaneswar,20.2961,85.8245
2003-04-05,20.2,28.3,15.1,bhubaneswar,20.2961,85.8245
2003-04-06,1.1,28.4,9.0,bhubaneswar,20.2961,85.8245
2003-04-07,0.1,29.0,12.7,bhubaneswar,20.2961,85.8245
2003-04-08,0.2,29.3,12.3,bhubaneswar,20.2961,85.8245
2003-04-09,0.0,29.0,12.7,bhubaneswar,20.2961,85.8245
2003-04-10,0.0,29.3,12.6,bhubaneswar,20.2961,85.8245
2003-04-11,0.0,30.2,14.3,bhubaneswar,20.2961,85.8245
2003-04-12,0.0,30.8,19.1,bhubaneswar,20.2961,85.8245
2003-04-13,0.0,30.9,18.9,bhubaneswar,20.2961,85.8245
2003-04-14,0.1,31.0,17.1,bhubaneswar,20.2961,85.8245
2003-04-15,0.5,31.0,17.7,bhubaneswar,20.2961,85.8245
2003-04-16,0.0,31.1,19.4,bhubaneswar,20.2961,85.8245
2003-04-17,0.0,31.5,20.1,bhubaneswar,20.2961,85.8245
2003-04-18,0.0,31.7,18.9,bhubaneswar,20.2961,85.8245
2003-04-19,0.0,31.4,20.3,bhubaneswar,20.2961,85.8245
2003-04-20,0.0,31.9,21.2,bhubaneswar,20.2961,85.8245
2003-04-21,0.0,31.1,21.0,bhubaneswar,20.2961,85.8245
2003-04-22,0.0,30.9,21.0,bhubaneswar,20.2961,85.8245
2003-04-23,0.0,31.4,17.9,bhubaneswar,20.2961,85.8245
2003-04-24,0.0,31.4,18.6,bhubaneswar,20.2961,85.8245
2003-04-25,0.0,31.4,17.3,bhubaneswar,20.2961,85.8245
2003-04-26,0.6,31.7,18.5,bhubaneswar,20.2961,85.8245
2003-04-27,1.7,31.5,17.4,bhubaneswar,20.2961,85.8245
2003-04-28,1.7,31.0,10.9,bhubaneswar,20.2961,85.8245
2003-04-29,0.1,29.9,16.5,bhubaneswar,20.2961,85.8245
2003-04-30,1.2,29.7,15.9,bhubaneswar,20.2961,85.8245
2003-05-01,0.0,29.9,20.3,bhubaneswar,20.2961,85.8245
2003-05-02,0.0,30.8,23.7,bhubaneswar,20.2961,85.8245
2003-05-03,0.0,31.9,22.6,bhubaneswar,20.2961,85.8245
2003-05-04,0.0,31.6,23.1,bhubaneswar,20.2961,85.8245
2003-05-05,0.0,31.8,19.9,bhubaneswar,20.2961,85.8245
2003-05-06,0.0,31.6,21.9,bhubaneswar,20.2961,85.8245
2003-05-07,0.0,31.9,20.9,bhubaneswar,20.2961,85.8245
2003-05-08,0.0,31.5,22.7,bhubaneswar,20.2961,85.8245
2003-05-09,0.0,31.2,20.2,bhubaneswar,20.2961,85.8245
2003-05-10,0.0,30.6,16.6,bhubaneswar,20.2961,85.8245
2003-05-11,0.0,30.3,15.5,bhubaneswar,20.2961,85.8245
2003-05-12,0.0,30.7,16.6,bhubaneswar,20.2961,85.8245
2003-05-13,0.3,30.6,18.2,bhubaneswar,20.2961,85.8245
2003-05-14,0.3,29.9,18.5,bhubaneswar,20.2961,85.8245
2003-05-15,0.0,31.0,16.8,bhubaneswar,20.2961,85.8245
2003-05-16,0.3,31.5,16.1,bhubaneswar,20.2961,85.8245
2003-05-17,0.2,31.7,17.5,bhubaneswar,20.2961,85.8245
2003-05-18,0.0,32.2,16.2,bhubaneswar,20.2961,85.8245
2003-05-19,0.0,32.6,16.0,bhubaneswar,20.2961,85.8245
2003-05-20,0.0,32.9,17.0,bhubaneswar,20.2961,85.8245
2003-05-21,0.0,32.4,17.1,bhubaneswar,20.2961,85.8245
2003-05-22,0.0,32.2,19.4,bhubaneswar,20.2961,85.8245
2003-05-23,0.0,32.4,17.3,bhubaneswar,20.2961,85.8245
2003-05-24,0.0,32.0,18.0,bhubaneswar,20.2961,85.8245
2003-05-25,0.0,32.0,20.0,bhubaneswar,20.2961,85.8245
2003-05-26,0.0,33.2,14.7,bhubaneswar,20.2961,85.8245
2003-05-27,0.0,33.6,18.0,bhubaneswar,20.2961,85.8245
2003-05-28,0.0,34.1,15.8,bhubaneswar,20.2961,85.8245
2003-05-29,0.0,33.5,16.7,bhubaneswar,20.2961,85.8245
2003-05-30,0.0,33.0,17.0,bhubaneswar,20.2961,85.8245
2003-05-31,0.0,32.5,17.8,bhubaneswar,20.2961,85.8245
2003-06-01,0.0,32.6,18.4,bhubaneswar,20.2961,85.8245
2003-06-02,0.0,32.6,16.3,bhubaneswar,20.2961,85.8245
2003-06-03,0.0,33.0,17.1,bhubaneswar,20.2961,85.8245
2003-06-04,0.0,32.8,17.5,bhubaneswar,20.2961,85.8245
2003-06-05,0.0,32.8,24.5,bhubaneswar,20.2961,85.8245
2003-06-06,0.0,32.8,25.0,bhubaneswar,20.2961,85.8245
2003-06-07,0.0,33.1,21.7,bhubaneswar,20.2961,85.8245
2003-06-08,0.0,32.6,23.3,bhubaneswar,20.2961,85.8245
2003-06-09,0.0,32.7,26.1,bhubaneswar,20.2961,85.8245
2003-06-10,0.0,32.8,24.8,bhubaneswar,20.2961,85.8245
2003-06-11,0.0,33.3,23.5,bhubaneswar,20.2961,85.8245
2003-06-12,0.2,33.7,22.2,bhubaneswar,20.2961,85.8245
2003-06-13,1.7,32.0,22.2,bhubaneswar,20.2961,85.8245
2003-06-14,8.1,30.5,18.4,bhubaneswar,20.2961,85.8245
2003-06-15,12.8,29.3,15.6,bhubaneswar,20.2961,85.8245
2003-06-16,8.6,29.7,11.6,bhubaneswar,20.2961,85.8245
2003-06-17,7.5,30.4,16.8,bhubaneswar,20.2961,85.8245
2003-06-18,26.1,28.7,17.7,bhubaneswar,20.2961,85.8245
2003-06-19,29.5,27.6,16.9,bhubaneswar,20.2961,85.8245
2003-06-20,19.1,27.4,15.4,bhubaneswar,20.2961,85.8245
2003-06-21,8.9,28.5,13.4,bhubaneswar,20.2961,85.8245
2003-06-22,7.0,28.9,14.8,bhubaneswar,20.2961,85.8245
2003-06-23,7.7,28.5,12.1,bhubaneswar,20.2961,85.8245
2003-06-24,6.9,28.1,14.1,bhubaneswar,20.2961,85.8245
2003-06-25,12.3,27.8,15.9,bhubaneswar,20.2961,85.8245
2003-06-26,8.8,28.7,16.8,bhubaneswar,20.2961,85.8245
2003-06-27,8.4,28.5,14.5,bhubaneswar,20.2961,85.8245
2003-06-28,4.8,28.3,13.9,bhubaneswar,20.2961,85.8245
2003-06-29,10.7,28.0,12.3,bhubaneswar,20.2961,85.8245
2003-06-30,6.6,28.1,14.2,bhubaneswar,20.2961,85.8245
2003-07-01,22.7,27.3,8.3,bhubaneswar,20.2961,85.8245
2003-07-02,12.9,27.6,9.8,bhubaneswar,20.2961,85.8245
2003-07-03,16.6,27.0,11.6,bhubaneswar,20.2961,85.8245
2003-07-04,9.8,27.4,12.4,bhubaneswar,20.2961,85.8245
2003-07-05,6.5,27.1,14.5,bhubaneswar,20.2961,85.8245
2003-07-06,1.5,27.9,14.9,bhubaneswar,20.2961,85.8245
2003-07-07,0.7,29.0,12.9,bhubaneswar,20.2961,85.8245
2003-07-08,3.5,28.7,6.9,bhubaneswar,20.2961,85.8245
2003-07-09,5.6,28.0,10.4,bhubaneswar,20.2961,85.8245
2003-07-10,2.9,27.4,10.2,bhubaneswar,20.2961,85.8245
2003-07-11,10.4,27.8,8.1,bhubaneswar,20.2961,85.8245
2003-07-12,4.6,28.1,8.9,bhubaneswar,20.2961,85.8245
2003-07-13,8.6,27.8,9.7,bhubaneswar,20.2961,85.8245
2003-07-14,50.0,26.9,6.6,bhubaneswar,20.2961,85.8245
2003-07-15,26.9,26.4,6.5,bhubaneswar,20.2961,85.8245
2003-07-16,5.3,27.0,16.2,bhubaneswar,20.2961,85.8245
2003-07-17,12.5,26.2,15.1,bhubaneswar,20.2961,85.8245
2003-07-18,9.1,26.8,17.7,bhubaneswar,20.2961,85.8245
2003-07-19,3.5,27.5,17.3,bhubaneswar,20.2961,85.8245
2003-07-20,12.5,27.7,11.6,bhubaneswar,20.2961,85.8245
2003-07-21,19.3,27.1,8.4,bhubaneswar,20.2961,85.8245
2003-07-22,21.2,26.7,12.3,bhubaneswar,20.2961,85.8245
2003-07-23,12.8,27.1,15.5,bhubaneswar,20.2961,85.8245
2003-07-24,29.4,26.8,13.1,bhubaneswar,20.2961,85.8245
2003-07-25,99.4,25.5,25.0,bhubaneswar,20.2961,85.8245
2003-07-26,79.1,26.4,15.8,bhubaneswar,20.2961,85.8245
2003-07-27,27.9,26.9,16.0,bhubaneswar,20.2961,85.8245
2003-07-28,2.7,27.2,13.7,bhubaneswar,20.2961,85.8245
2003-07-29,25.5,27.6,13.7,bhubaneswar,20.2961,85.8245
2003-07-30,23.9,27.0,11.5,bhubaneswar,20.2961,85.8245
2003-07-31,11.9,26.7,9.9,bhubaneswar,20.2961,85.8245
2003-08-01,12.0,27.0,13.0,bhubaneswar,20.2961,85.8245
2003-08-02,22.2,26.7,12.7,bhubaneswar,20.2961,85.8245
2003-08-03,15.2,26.6,11.0,bhubaneswar,20.2961,85.8245
2003-08-04,11.1,26.5,12.3,bhubaneswar,20.2961,85.8245
2003-08-05,8.5,26.9,12.4,bhubaneswar,20.2961,85.8245
2003-08-06,10.4,27.3,11.9,bhubaneswar,20.2961,85.8245
2003-08-07,5.2,27.9,11.7,bhubaneswar,20.2961,85.8245
2003-08-08,30.4,27.2,11.6,bhubaneswar,20.2961,85.8245
2003-08-09,10.9,27.6,11.5,bhubaneswar,20.2961,85.8245
2003-08-10,25.6,27.1,12.7,bhubaneswar,20.2961,85.8245
2003-08-11,8.2,27.7,12.9,bhubaneswar,20.2961,85.8245
2003-08-12,8.5,27.8,12.9,bhubaneswar,20.2961,85.8245
2003-08-13,8.5,28.3,12.2,bhubaneswar,20.2961,85.8245
2003-08-14,9.3,27.2,10.2,bhubaneswar,20.2961,85.8245
2003-08-15,3.6,28.7,13.7,bhubaneswar,20.2961,85.8245
2003-08-16,0.7,29.2,8.5,bhubaneswar,20.2961,85.8245
2003-08-17,9.3,29.0,7.8,bhubaneswar,20.2961,85.8245
2003-08-18,31.4,27.6,8.8,bhubaneswar,20.2961,85.8245
2003-08-19,8.3,27.1,9.0,bhubaneswar,20.2961,85.8245
2003-08-20,7.0,27.6,8.8,bhubaneswar,20.2961,85.8245
2003-08-21,7.3,27.8,11.0,bhubaneswar,20.2961,85.8245
2003-08-22,17.0,26.5,17.7,bhubaneswar,20.2961,85.8245
2003-08-23,5.6,27.1,23.8,bhubaneswar,20.2961,85.8245
2003-08-24,2.9,27.7,14.7,bhubaneswar,20.2961,85.8245
2003-08-25,26.3,26.9,7.3,bhubaneswar,20.2961,85.8245
2003-08-26,26.4,26.5,14.0,bhubaneswar,20.2961,85.8245
2003-08-27,66.3,25.7,22.7,bhubaneswar,20.2961,85.8245
2003-08-28,18.6,26.5,21.3,bhubaneswar,20.2961,85.8245
2003-08-29,1.6,27.5,13.7,bhubaneswar,20.2961,85.8245
2003-08-30,4.3,28.0,11.2,bhubaneswar,20.2961,85.8245
2003-08-31,25.1,27.6,13.1,bhubaneswar,20.2961,85.8245
2003-09-01,11.8,26.8,14.2,bhubaneswar,20.2961,85.8245
2003-09-02,1.9,27.1,20.9,bhubaneswar,20.2961,85.8245
2003-09-03,0.0,27.6,13.8,bhubaneswar,20.2961,85.8245
2003-09-04,11.1,26.8,9.8,bhubaneswar,20.2961,85.8245
2003-09-05,18.0,25.7,10.5,bhubaneswar,20.2961,85.8245
2003-09-06,10.0,25.9,15.8,bhubaneswar,20.2961,85.8245
2003-09-07,21.7,27.1,15.3,bhubaneswar,20.2961,85.8245
2003-09-08,6.8,26.9,16.9,bhubaneswar,20.2961,85.8245
2003-09-09,1.2,27.8,10.5,bhubaneswar,20.2961,85.8245
2003-09-10,5.2,27.8,8.9,bhubaneswar,20.2961,85.8245
2003-09-11,6.3,27.4,10.8,bhubaneswar,20.2961,85.8245
2003-09-12,24.0,26.8,10.4,bhubaneswar,20.2961,85.8245
2003-09-13,5.7,25.9,6.0,bhubaneswar,20.2961,85.8245
2003-09-14,1.0,27.2,8.0,bhubaneswar,20.2961,85.8245
2003-09-15,6.6,27.8,6.5,bhubaneswar,20.2961,85.8245
2003-09-16,15.3,27.0,8.9,bhubaneswar,20.2961,85.8245
2003-09-17,13.2,27.1,11.1,bhubaneswar,20.2961,85.8245
2003-09-18,4.8,27.1,8.8,bhubaneswar,20.2961,85.8245
2003-09-19,2.3,27.6,9.3,bhubaneswar,20.2961,85.8245
2003-09-20,4.6,27.6,11.6,bhubaneswar,20.2961,85.8245
2003-09-21,5.1,27.2,11.0,bhubaneswar,20.2961,85.8245
2003-09-22,2.3,27.6,11.0,bhubaneswar,20.2961,85.8245
2003-09-23,4.6,27.4,11.2,bhubaneswar,20.2961,85.8245
2003-09-24,14.0,26.4,13.6,bhubaneswar,20.2961,85.8245
2003-09-25,5.8,26.1,12.4,bhubaneswar,20.2961,85.8245
2003-09-26,12.6,25.8,10.1,bhubaneswar,20.2961,85.8245
2003-09-27,10.1,26.4,12.9,bhubaneswar,20.2961,85.8245
2003-09-28,1.1,27.8,12.8,bhubaneswar,20.2961,85.8245
2003-09-29,0.3,27.9,11.3,bhubaneswar,20.2961,85.8245
2003-09-30,3.4,27.7,10.3,bhubaneswar,20.2961,85.8245
2003-10-01,7.9,27.7,5.9,bhubaneswar,20.2961,85.8245
2003-10-02,11.7,26.8,10.8,bhubaneswar,20.2961,85.8245
2003-10-03,14.7,26.7,14.4,bhubaneswar,20.2961,85.8245
2003-10-04,14.5,25.1,13.0,bhubaneswar,20.2961,85.8245
2003-10-05,14.9,24.8,20.3,bhubaneswar,20.2961,85.8245
2003-10-06,23.9,24.9,23.1,bhubaneswar,20.2961,85.8245
2003-10-07,16.4,25.3,18.0,bhubaneswar,20.2961,85.8245
2003-10-08,4.2,26.4,21.7,bhubaneswar,20.2961,85.8245
2003-10-09,1.6,27.3,15.1,bhubaneswar,20.2961,85.8245
2003-10-10,0.0,26.6,12.9,bhubaneswar,20.2961,85.8245
2003-10-11,0.0,27.6,8.5,bhubaneswar,20.2961,85.8245
2003-10-12,0.0,27.7,7.2,bhubaneswar,20.2961,85.8245
2003-10-13,0.0,27.5,7.1,bhubaneswar,20.2961,85.8245
2003-10-14,0.0,26.9,7.4,bhubaneswar,20.2961,85.8245
2003-10-15,0.0,26.4,9.2,bhubaneswar,20.2961,85.8245
2003-10-16,9.5,25.4,12.2,bhubaneswar,20.2961,85.8245
2003-10-17,19.2,24.7,13.6,bhubaneswar,20.2961,85.8245
2003-10-18,10.1,24.4,11.0,bhubaneswar,20.2961,85.8245
2003-10-19,6.9,25.6,8.7,bhubaneswar,20.2961,85.8245
2003-10-20,3.7,26.1,8.9,bhubaneswar,20.2961,85.8245
2003-10-21,3.9,26.0,9.4,bhubaneswar,20.2961,85.8245
2003-10-22,6.9,25.5,9.7,bhubaneswar,20.2961,85.8245
2003-10-23,4.9,25.6,13.0,bhubaneswar,20.2961,85.8245
2003-10-24,13.5,24.6,10.9,bhubaneswar,20.2961,85.8245
2003-10-25,21.5,24.5,14.9,bhubaneswar,20.2961,85.8245
2003-10-26,1.2,25.9,7.3,bhubaneswar,20.2961,85.8245
2003-10-27,6.4,25.6,13.5,bhubaneswar,20.2961,85.8245
2003-10-28,2.0,25.1,17.9,bhubaneswar,20.2961,85.8245
2003-10-29,0.1,25.7,9.1,bhubaneswar,20.2961,85.8245
2003-10-30,0.2,26.6,7.3,bhubaneswar,20.2961,85.8245
2003-10-31,1.2,26.7,5.8,bhubaneswar,20.2961,85.8245
2003-11-01,0.7,25.8,6.8,bhubaneswar,20.2961,85.8245
2003-11-02,15.9,24.9,7.4,bhubaneswar,20.2961,85.8245
2003-11-03,2.0,25.0,9.7,bhubaneswar,20.2961,85.8245
2003-11-04,1.2,24.9,8.1,bhubaneswar,20.2961,85.8245
2003-11-05,0.2,24.8,7.1,bhubaneswar,20.2961,85.8245
2003-11-06,0.0,24.4,7.1,bhubaneswar,20.2961,85.8245
2003-11-07,0.0,24.1,8.7,bhubaneswar,20.2961,85.8245
2003-11-08,0.0,24.5,7.7,bhubaneswar,20.2961,85.8245
2003-11-09,0.0,24.7,7.6,bhubaneswar,20.2961,85.8245
2003-11-10,0.0,24.5,8.0,bhubaneswar,20.2961,85.8245
2003-11-11,0.0,23.5,8.5,bhubaneswar,20.2961,85.8245
2003-11-12,0.0,22.4,10.2,bhubaneswar,20.2961,85.8245
2003-11-13,0.0,21.6,10.4,bhubaneswar,20.2961,85.8245
2003-11-14,0.0,21.2,10.7,bhubaneswar,20.2961,85.8245
2003-11-15,0.0,21.7,7.5,bhubaneswar,20.2961,85.8245
2003-11-16,0.0,22.0,7.7,bhubaneswar,20.2961,85.8245
2003-11-17,0.0,21.7,7.3,bhubaneswar,20.2961,85.8245
2003-11-18,0.0,22.0,9.0,bhubaneswar,20.2961,85.8245
2003-11-19,0.0,22.6,9.3,bhubaneswar,20.2961,85.8245
2003-11-20,0.0,23.6,8.3,bhubaneswar,20.2961,85.8245
2003-11-21,0.0,23.8,7.8,bhubaneswar,20.2961,85.8245
2003-11-22,0.0,22.6,9.0,bhubaneswar,20.2961,85.8245
2003-11-23,0.0,21.1,8.1,bhubaneswar,20.2961,85.8245
2003-11-24,0.0,20.8,8.0,bhubaneswar,20.2961,85.8245
2003-11-25,0.0,21.1,7.6,bhubaneswar,20.2961,85.8245
2003-11-26,0.0,20.9,9.1,bhubaneswar,20.2961,85.8245
2003-11-27,0.0,21.0,8.7,bhubaneswar,20.2961,85.8245
2003-11-28,0.0,21.0,9.7,bhubaneswar,20.2961,85.8245
2003-11-29,0.0,21.1,9.4,bhubaneswar,20.2961,85.8245
2003-11-30,0.0,21.1,8.7,bhubaneswar,20.2961,85.8245
2003-12-01,0.0,20.5,8.4,bhubaneswar,20.2961,85.8245
2003-12-02,0.0,19.8,9.0,bhubaneswar,20.2961,85.8245
2003-12-03,0.0,19.5,9.5,bhubaneswar,20.2961,85.8245
2003-12-04,0.0,20.1,8.4,bhubaneswar,20.2961,85.8245
2003-12-05,0.0,20.9,9.5,bhubaneswar,20.2961,85.8245
2003-12-06,0.0,21.2,7.5,bhubaneswar,20.2961,85.8245
2003-12-07,0.0,20.2,8.7,bhubaneswar,20.2961,85.8245
2003-12-08,0.0,20.6,9.7,bhubaneswar,20.2961,85.8245
2003-12-09,0.0,21.1,8.7,bhubaneswar,20.2961,85.8245
2003-12-10,0.0,21.2,9.0,bhubaneswar,20.2961,85.8245
2003-12-11,0.0,20.9,10.2,bhubaneswar,20.2961,85.8245
2003-12-12,0.0,21.0,13.6,bhubaneswar,20.2961,85.8245
2003-12-13,0.0,20.7,13.0,bhubaneswar,20.2961,85.8245
2003-12-14,0.0,21.6,13.1,bhubaneswar,20.2961,85.8245
2003-12-15,19.0,20.4,12.6,bhubaneswar,20.2961,85.8245
2003-12-16,33.6,19.7,22.3,bhubaneswar,20.2961,85.8245
2003-12-17,9.4,19.8,21.6,bhubaneswar,20.2961,85.8245
2003-12-18,0.0,21.3,14.5,bhubaneswar,20.2961,85.8245
2003-12-19,0.0,21.3,12.7,bhubaneswar,20.2961,85.8245
2003-12-20,0.0,19.6,10.6,bhubaneswar,20.2961,85.8245
2003-12-21,0.0,19.0,12.6,bhubaneswar,20.2961,85.8245
2003-12-22,0.0,18.3,13.1,bhubaneswar,20.2961,85.8245
2003-12-23,0.0,18.3,12.6,bhubaneswar,20.2961,85.8245
2003-12-24,0.0,18.7,9.8,bhubaneswar,20.2961,85.8245
2003-12-25,0.0,19.2,8.6,bhubaneswar,20.2961,85.8245
2003-12-26,1.4,20.3,11.6,bhubaneswar,20.2961,85.8245
2003-12-27,2.5,18.1,11.1,bhubaneswar,20.2961,85.8245
2003-12-28,2.0,19.8,10.1,bhubaneswar,20.2961,85.8245
2003-12-29,0.0,18.3,13.9,bhubaneswar,20.2961,85.8245
2003-12-30,0.0,16.8,14.3,bhubaneswar,20.2961,85.8245
2003-12-31,0.0,17.1,8.9,bhubaneswar,20.2961,85.8245
2004-01-01,0.0,17.3,9.0,bhubaneswar,20.2961,85.8245
2004-01-02,0.0,17.6,9.0,bhubaneswar,20.2961,85.8245
2004-01-03,0.0,18.1,7.6,bhubaneswar,20.2961,85.8245
2004-01-04,0.0,17.8,10.7,bhubaneswar,20.2961,85.8245
2004-01-05,0.0,16.5,12.0,bhubaneswar,20.2961,85.8245
2004-01-06,0.0,16.6,9.0,bhubaneswar,20.2961,85.8245
2004-01-07,0.0,17.4,8.3,bhubaneswar,20.2961,85.8245
2004-01-08,0.0,17.8,8.8,bhubaneswar,20.2961,85.8245
2004-01-09,0.0,17.2,9.9,bhubaneswar,20.2961,85.8245
2004-01-10,0.0,17.4,9.2,bhubaneswar,20.2961,85.8245
2004-01-11,0.0,18.8,9.7,bhubaneswar,20.2961,85.8245
2004-01-12,0.0,19.7,9.4,bhubaneswar,20.2961,85.8245
2004-01-13,0.0,19.7,8.7,bhubaneswar,20.2961,85.8245
2004-01-14,0.0,21.0,9.8,bhubaneswar,20.2961,85.8245
2004-01-15,0.0,21.7,9.7,bhubaneswar,20.2961,85.8245
2004-01-16,0.0,21.7,9.4,bhubaneswar,20.2961,85.8245
2004-01-17,0.0,21.8,9.0,bhubaneswar,20.2961,85.8245
2004-01-18,0.0,22.5,10.9,bhubaneswar,20.2961,85.8245
2004-01-19,0.0,23.4,10.3,bhubaneswar,20.2961,85.8245
2004-01-20,0.0,22.7,8.7,bhubaneswar,20.2961,85.8245
2004-01-21,0.0,22.1,12.2,bhubaneswar,20.2961,85.8245
2004-01-22,0.0,21.8,11.6,bhubaneswar,20.2961,85.8245
2004-01-23,0.0,21.8,11.6,bhubaneswar,20.2961,85.8245
2004-01-24,0.0,22.5,7.5,bhubaneswar,20.2961,85.8245
2004-01-25,1.2,21.8,13.4,bhubaneswar,20.2961,85.8245
2004-01-26,11.1,18.8,8.9,bhubaneswar,20.2961,85.8245
2004-01-27,0.4,19.6,11.8,bhubaneswar,20.2961,85.8245
2004-01-28,0.0,20.0,8.3,bhubaneswar,20.2961,85.8245
2004-01-29,0.0,20.2,8.9,bhubaneswar,20.2961,85.8245
2004-01-30,0.0,21.6,7.9,bhubaneswar,20.2961,85.8245
2004-01-31,0.3,22.8,10.2,bhubaneswar,20.2961,85.8245
2004-02-01,7.7,22.3,6.6,bhubaneswar,20.2961,85.8245
2004-02-02,0.4,23.1,9.2,bhubaneswar,20.2961,85.8245
2004-02-03,1.0,20.5,9.4,bhubaneswar,20.2961,85.8245
2004-02-04,0.0,18.7,9.8,bhubaneswar,20.2961,85.8245
2004-02-05,0.0,20.8,10.0,bhubaneswar,20.2961,85.8245
2004-02-06,6.2,20.5,9.1,bhubaneswar,20.2961,85.8245
2004-02-07,0.0,20.7,14.4,bhubaneswar,20.2961,85.8245
2004-02-08,0.0,19.5,10.7,bhubaneswar,20.2961,85.8245
2004-02-09,0.0,20.3,9.3,bhubaneswar,20.2961,85.8245
2004-02-10,0.0,21.5,9.0,bhubaneswar,20.2961,85.8245
2004-02-11,0.0,22.3,8.3,bhubaneswar,20.2961,85.8245
2004-02-12,0.0,21.9,9.8,bhubaneswar,20.2961,85.8245
2004-02-13,0.0,22.4,9.5,bhubaneswar,20.2961,85.8245
2004-02-14,0.0,23.3,9.7,bhubaneswar,20.2961,85.8245
2004-02-15,0.0,23.4,11.4,bhubaneswar,20.2961,85.8245
2004-02-16,0.0,23.9,13.0,bhubaneswar,20.2961,85.8245
2004-02-17,0.0,24.0,11.4,bhubaneswar,20.2961,85.8245
2004-02-18,0.0,24.1,14.2,bhubaneswar,20.2961,85.8245
2004-02-19,0.0,25.1,12.7,bhubaneswar,20.2961,85.8245
2004-02-20,0.0,26.4,12.5,bhubaneswar,20.2961,85.8245
2004-02-21,0.0,25.7,10.7,bhubaneswar,20.2961,85.8245
2004-02-22,0.0,25.6,10.2,bhubaneswar,20.2961,85.8245
2004-02-23,0.0,25.5,10.9,bhubaneswar,20.2961,85.8245
2004-02-24,0.0,26.2,13.4,bhubaneswar,20.2961,85.8245
2004-02-25,0.0,26.2,10.5,bhubaneswar,20.2961,85.8245
2004-02-26,0.0,25.5,10.7,bhubaneswar,20.2961,85.8245
2004-02-27,0.0,26.3,13.8,bhubaneswar,20.2961,85.8245
2004-02-28,0.0,27.0,15.0,bhubaneswar,20.2961,85.8245
2004-02-29,0.0,27.7,17.0,bhubaneswar,20.2961,85.8245
2004-03-01,0.0,28.5,10.4,bhubaneswar,20.2961,85.8245
2004-03-02,0.0,27.6,9.0,bhubaneswar,20.2961,85.8245
2004-03-03,0.0,27.0,11.7,bhubaneswar,20.2961,85.8245
2004-03-04,0.0,27.2,11.3,bhubaneswar,20.2961,85.8245
2004-03-05,0.0,27.7,10.9,bhubaneswar,20.2961,85.8245
2004-03-06,0.0,27.8,15.5,bhubaneswar,20.2961,85.8245
2004-03-07,13.5,26.4,15.1,bhubaneswar,20.2961,85.8245
2004-03-08,0.6,24.5,10.5,bhubaneswar,20.2961,85.8245
2004-03-09,0.4,25.1,9.7,bhubaneswar,20.2961,85.8245
2004-03-10,0.0,25.9,11.2,bhubaneswar,20.2961,85.8245
2004-03-11,0.0,26.5,16.2,bhubaneswar,20.2961,85.8245
2004-03-12,0.0,27.1,14.8,bhubaneswar,20.2961,85.8245
2004-03-13,0.0,28.0,13.0,bhubaneswar,20.2961,85.8245
2004-03-14,0.0,28.9,12.3,bhubaneswar,20.2961,85.8245
2004-03-15,0.0,29.3,12.3,bhubaneswar,20.2961,85.8245
2004-03-16,0.0,29.9,14.2,bhubaneswar,20.2961,85.8245
2004-03-17,0.0,30.1,16.1,bhubaneswar,20.2961,85.8245
2004-03-18,0.0,30.1,11.9,bhubaneswar,20.2961,85.8245
2004-03-19,0.0,29.7,14.8,bhubaneswar,20.2961,85.8245
2004-03-20,0.0,29.9,18.1,bhubaneswar,20.2961,85.8245
2004-03-21,0.0,29.5,18.6,bhubaneswar,20.2961,85.8245
2004-03-22,0.0,29.3,21.3,bhubaneswar,20.2961,85.8245
2004-03-23,0.0,29.3,22.0,bhubaneswar,20.2961,85.8245
2004-03-24,0.0,29.2,19.7,bhubaneswar,20.2961,85.8245
2004-03-25,0.0,29.2,20.4,bhubaneswar,20.2961,85.8245
2004-03-26,0.0,28.7,20.3,bhubaneswar,20.2961,85.8245
2004-03-27,0.0,29.3,18.8,bhubaneswar,20.2961,85.8245
2004-03-28,0.0,29.3,18.5,bhubaneswar,20.2961,85.8245
2004-03-29,0.7,30.0,16.7,bhubaneswar,20.2961,85.8245
2004-03-30,0.7,29.4,13.7,bhubaneswar,20.2961,85.8245
2004-03-31,0.9,28.9,11.7,bhubaneswar,20.2961,85.8245
2004-04-01,0.7,29.8,16.4,bhubaneswar,20.2961,85.8245
2004-04-02,0.4,30.0,15.4,bhubaneswar,20.2961,85.8245
2004-04-03,0.2,30.5,15.5,bhubaneswar,20.2961,85.8245
2004-04-04,0.1,30.6,17.0,bhubaneswar,20.2961,85.8245
2004-04-05,0.4,30.3,18.9,bhubaneswar,20.2961,85.8245
2004-04-06,0.2,30.7,14.7,bhubaneswar,20.2961,85.8245
2004-04-07,1.1,30.7,13.5,bhubaneswar,20.2961,85.8245
2004-04-08,1.0,30.0,21.6,bhubaneswar,20.2961,85.8245
2004-04-09,0.5,30.5,21.0,bhubaneswar,20.2961,85.8245
2004-04-10,0.0,30.5,20.5,bhubaneswar,20.2961,85.8245
2004-04-11,0.0,30.5,21.5,bhubaneswar,20.2961,85.8245
2004-04-12,0.0,31.4,19.8,bhubaneswar,20.2961,85.8245
2004-04-13,0.0,31.5,22.8,bhubaneswar,20.2961,85.8245
2004-04-14,0.0,31.2,23.7,bhubaneswar,20.2961,85.8245
2004-04-15,0.0,31.0,27.0,bhubaneswar,20.2961,85.8245
2004-04-16,0.0,31.4,26.0,bhubaneswar,20.2961,85.8245
2004-04-17,0.0,31.8,22.1,bhubaneswar,20.2961,85.8245
2004-04-18,0.9,31.8,23.5,bhubaneswar,20.2961,85.8245
2004-04-19,0.0,31.3,20.4,bhubaneswar,20.2961,85.8245
2004-04-20,0.0,30.1,23.0,bhubaneswar,20.2961,85.8245
2004-04-21,0.0,30.2,22.2,bhubaneswar,20.2961,85.8245
2004-04-22,0.0,30.2,22.0,bhubaneswar,20.2961,85.8245
2004-04-23,0.6,30.5,19.9,bhubaneswar,20.2961,85.8245
2004-04-24,3.1,28.7,13.7,bhubaneswar,20.2961,85.8245
2004-04-25,8.2,27.8,11.9,bhubaneswar,20.2961,85.8245
2004-04-26,0.8,28.5,14.1,bhubaneswar,20.2961,85.8245
2004-04-27,1.3,28.7,10.3,bhubaneswar,20.2961,85.8245
2004-04-28,1.7,29.2,14.5,bhubaneswar,20.2961,85.8245
2004-04-29,0.3,30.1,16.2,bhubaneswar,20.2961,85.8245
2004-04-30,0.0,30.0,14.1,bhubaneswar,20.2961,85.8245
2004-05-01,0.0,30.4,14.8,bhubaneswar,20.2961,85.8245
2004-05-02,0.0,31.1,15.9,bhubaneswar,20.2961,85.8245
2004-05-03,0.1,31.1,13.0,bhubaneswar,20.2961,85.8245
2004-05-04,0.0,31.3,14.8,bhubaneswar,20.2961,85.8245
2004-05-05,0.0,30.5,11.8,bhubaneswar,20.2961,85.8245
2004-05-06,0.0,30.0,11.8,bhubaneswar,20.2961,85.8245
2004-05-07,0.0,31.4,14.7,bhubaneswar,20.2961,85.8245
2004-05-08,0.0,31.2,14.8,bhubaneswar,20.2961,85.8245
2004-05-09,0.0,31.4,17.4,bhubaneswar,20.2961,85.8245
2004-05-10,0.0,32.0,18.9,bhubaneswar,20.2961,85.8245
2004-05-11,0.0,32.5,20.3,bhubaneswar,20.2961,85.8245
2004-05-12,0.0,32.9,23.9,bhubaneswar,20.2961,85.8245
2004-05-13,0.0,33.8,17.8,bhubaneswar,20.2961,85.8245
2004-05-14,0.0,34.0,13.3,bhubaneswar,20.2961,85.8245
2004-05-15,0.8,33.4,14.7,bhubaneswar,20.2961,85.8245
2004-05-16,5.7,32.6,13.6,bhubaneswar,20.2961,85.8245
2004-05-17,13.6,28.8,14.4,bhubaneswar,20.2961,85.8245
2004-05-18,0.0,29.9,12.6,bhubaneswar,20.2961,85.8245
2004-05-19,0.0,33.1,16.1,bhubaneswar,20.2961,85.8245
2004-05-20,0.0,34.7,14.2,bhubaneswar,20.2961,85.8245
2004-05-21,0.0,34.0,15.5,bhubaneswar,20.2961,85.8245
2004-05-22,0.0,33.5,17.6,bhubaneswar,20.2961,85.8245
2004-05-23,0.0,32.7,17.8,bhubaneswar,20.2961,85.8245
2004-05-24,0.0,32.2,19.2,bhubaneswar,20.2961,85.8245
2004-05-25,0.0,31.7,22.0,bhubaneswar,20.2961,85.8245
2004-05-26,0.4,31.8,13.7,bhubaneswar,20.2961,85.8245
2004-05-27,0.0,31.6,14.9,bhubaneswar,20.2961,85.8245
2004-05-28,1.1,31.4,16.8,bhubaneswar,20.2961,85.8245
2004-05-29,0.6,31.0,17.8,bhubaneswar,20.2961,85.8245
2004-05-30,0.3,30.8,20.3,bhubaneswar,20.2961,85.8245
2004-05-31,0.0,31.4,19.2,bhubaneswar,20.2961,85.8245
2004-06-01,0.1,31.7,19.3,bhubaneswar,20.2961,85.8245
2004-06-02,0.0,31.7,20.6,bhubaneswar,20.2961,85.8245
2004-06-03,6.1,31.9,22.3,bhubaneswar,20.2961,85.8245
2004-06-04,0.0,31.7,18.4,bhubaneswar,20.2961,85.8245
2004-06-05,0.0,31.8,15.8,bhubaneswar,20.2961,85.8245
2004-06-06,0.3,31.7,15.2,bhubaneswar,20.2961,85.8245
2004-06-07,0.6,31.3,11.4,bhubaneswar,20.2961,85.8245
2004-06-08,1.1,31.1,15.8,bhubaneswar,20.2961,85.8245
2004-06-09,5.5,30.9,12.1,bhubaneswar,20.2961,85.8245
2004-06-10,5.3,30.1,10.5,bhubaneswar,20.2961,85.8245
2004-06-11,9.0,28.8,20.9,bhubaneswar,20.2961,85.8245
2004-06-12,8.3,27.2,27.1,bhubaneswar,20.2961,85.8245
2004-06-13,18.4,26.8,26.6,bhubaneswar,20.2961,85.8245
2004-06-14,6.2,28.3,25.5,bhubaneswar,20.2961,85.8245
2004-06-15,0.2,30.0,18.5,bhubaneswar,20.2961,85.8245
2004-06-16,0.1,30.0,17.2,bhubaneswar,20.2961,85.8245
2004-06-17,0.0,30.0,15.3,bhubaneswar,20.2961,85.8245
2004-06-18,8.7,28.5,14.9,bhubaneswar,20.2961,85.8245
2004-06-19,1.2,29.2,19.1,bhubaneswar,20.2961,85.8245
2004-06-20,0.8,30.5,16.7,bhubaneswar,20.2961,85.8245
2004-06-21,0.3,31.2,18.2,bhubaneswar,20.2961,85.8245
2004-06-22,0.0,31.6,17.4,bhubaneswar,20.2961,85.8245
2004-06-23,0.0,31.9,16.3,bhubaneswar,20.2961,85.8245
2004-06-24,0.0,32.0,15.7,bhubaneswar,20.2961,85.8245
2004-06-25,0.0,32.6,14.4,bhubaneswar,20.2961,85.8245
2004-06-26,0.0,33.1,12.9,bhubaneswar,20.2961,85.8245
2004-06-27,0.2,32.2,15.5,bhubaneswar,20.2961,85.8245
2004-06-28,2.2,31.4,10.2,bhubaneswar,20.2961,85.8245
2004-06-29,14.1,30.4,10.7,bhubaneswar,20.2961,85.8245
2004-06-30,1.8,31.3,12.7,bhubaneswar,20.2961,85.8245
2004-07-01,13.7,29.6,15.8,bhubaneswar,20.2961,85.8245
2004-07-02,18.3,28.9,10.4,bhubaneswar,20.2961,85.8245
2004-07-03,33.0,27.3,11.7,bhubaneswar,20.2961,85.8245
2004-07-04,1.3,28.8,14.2,bhubaneswar,20.2961,85.8245
2004-07-05,2.3,29.0,18.9,bhubaneswar,20.2961,85.8245
2004-07-06,15.8,28.6,18.5,bhubaneswar,20.2961,85.8245
2004-07-07,17.4,28.3,20.4,bhubaneswar,20.2961,85.8245
2004-07-08,13.5,27.8,18.7,bhubaneswar,20.2961,85.8245
2004-07-09,2.6,28.4,14.8,bhubaneswar,20.2961,85.8245
2004-07-10,11.3,28.0,17.4,bhubaneswar,20.2961,85.8245
2004-07-11,6.7,28.7,12.0,bhubaneswar,20.2961,85.8245
2004-07-12,23.4,27.9,9.7,bhubaneswar,20.2961,85.8245
2004-07-13,10.6,26.9,11.7,bhubaneswar,20.2961,85.8245
2004-07-14,16.1,27.2,11.3,bhubaneswar,20.2961,85.8245
2004-07-15,28.7,26.6,8.3,bhubaneswar,20.2961,85.8245
2004-07-16,5.1,27.4,15.5,bhubaneswar,20.2961,85.8245
2004-07-17,0.5,28.6,21.9,bhubaneswar,20.2961,85.8245
2004-07-18,2.2,28.7,18.5,bhubaneswar,20.2961,85.8245
2004-07-19,3.6,28.7,16.6,bhubaneswar,20.2961,85.8245
2004-07-20,4.8,29.6,12.6,bhubaneswar,20.2961,85.8245
2004-07-21,20.4,27.4,15.0,bhubaneswar,20.2961,85.8245
2004-07-22,13.5,27.6,11.3,bhubaneswar,20.2961,85.8245
2004-07-23,18.6,26.7,12.1,bhubaneswar,20.2961,85.8245
2004-07-24,1.2,26.8,8.9,bhubaneswar,20.2961,85.8245
2004-07-25,7.6,27.3,9.7,bhubaneswar,20.2961,85.8245
2004-07-26,17.8,26.9,8.7,bhubaneswar,20.2961,85.8245
2004-07-27,23.8,26.1,8.2,bhubaneswar,20.2961,85.8245
2004-07-28,12.7,26.6,9.1,bhubaneswar,20.2961,85.8245
2004-07-29,14.5,26.5,12.4,bhubaneswar,20.2961,85.8245
2004-07-30,4.1,27.1,11.3,bhubaneswar,20.2961,85.8245
2004-07-31,3.9,27.9,11.8,bhubaneswar,20.2961,85.8245
2004-08-01,2.3,27.8,13.0,bhubaneswar,20.2961,85.8245
2004-08-02,22.6,26.6,12.1,bhubaneswar,20.2961,85.8245
2004-08-03,9.2,26.8,19.5,bhubaneswar,20.2961,85.8245
2004-08-04,4.6,27.2,18.6,bhubaneswar,20.2961,85.8245
2004-08-05,14.1,27.1,15.5,bhubaneswar,20.2961,85.8245
2004-08-06,2.6,28.0,12.2,bhubaneswar,20.2961,85.8245
2004-08-07,8.5,27.4,15.1,bhubaneswar,20.2961,85.8245
2004-08-08,0.8,28.1,15.3,bhubaneswar,20.2961,85.8245
2004-08-09,41.9,26.3,15.3,bhubaneswar,20.2961,85.8245
2004-08-10,8.5,26.1,15.9,bhubaneswar,20.2961,85.8245
2004-08-11,7.2,26.2,15.5,bhubaneswar,20.2961,85.8245
2004-08-12,0.8,27.1,17.3,bhubaneswar,20.2961,85.8245
2004-08-13,7.2,27.6,17.3,bhubaneswar,20.2961,85.8245
2004-08-14,11.4,27.6,14.8,bhubaneswar,20.2961,85.8245
2004-08-15,12.9,27.2,10.3,bhubaneswar,20.2961,85.8245
2004-08-16,20.9,27.1,10.3,bhubaneswar,20.2961,85.8245
2004-08-17,10.9,26.7,12.8,bhubaneswar,20.2961,85.8245
2004-08-18,26.2,26.4,15.7,bhubaneswar,20.2961,85.8245
2004-08-19,28.1,25.8,17.7,bhubaneswar,20.2961,85.8245
2004-08-20,22.6,25.4,14.6,bhubaneswar,20.2961,85.8245
2004-08-21,2.8,26.7,12.3,bhubaneswar,20.2961,85.8245
2004-08-22,4.3,27.3,8.2,bhubaneswar,20.2961,85.8245
2004-08-23,3.1,28.1,8.9,bhubaneswar,20.2961,85.8245
2004-08-24,0.1,28.7,10.2,bhubaneswar,20.2961,85.8245
2004-08-25,0.2,29.3,11.2,bhubaneswar,20.2961,85.8245
2004-08-26,1.5,29.0,12.7,bhubaneswar,20.2961,85.8245
2004-08-27,3.1,28.6,13.2,bhubaneswar,20.2961,85.8245
2004-08-28,3.0,29.0,10.3,bhubaneswar,20.2961,85.8245
2004-08-29,4.2,28.6,9.4,bhubaneswar,20.2961,85.8245
2004-08-30,3.5,28.9,8.6,bhubaneswar,20.2961,85.8245
2004-08-31,3.3,28.7,9.6,bhubaneswar,20.2961,85.8245
2004-09-01,2.5,28.8,7.1,bhubaneswar,20.2961,85.8245
2004-09-02,11.9,27.7,7.0,bhubaneswar,20.2961,85.8245
2004-09-03,8.9,27.5,9.4,bhubaneswar,20.2961,85.8245
2004-09-04,7.7,27.0,11.8,bhubaneswar,20.2961,85.8245
2004-09-05,8.4,27.1,11.6,bhubaneswar,20.2961,85.8245
2004-09-06,8.7,27.4,12.9,bhubaneswar,20.2961,85.8245
2004-09-07,1.0,28.0,11.4,bhubaneswar,20.2961,85.8245
2004-09-08,1.2,28.8,11.2,bhubaneswar,20.2961,85.8245
2004-09-09,16.0,28.5,11.6,bhubaneswar,20.2961,85.8245
2004-09-10,30.8,26.9,11.9,bhubaneswar,20.2961,85.8245
2004-09-11,43.1,25.6,13.3,bhubaneswar,20.2961,85.8245
2004-09-12,8.4,26.7,11.2,bhubaneswar,20.2961,85.8245
2004-09-13,12.5,27.5,13.3,bhubaneswar,20.2961,85.8245
2004-09-14,1.2,28.1,17.6,bhubaneswar,20.2961,85.8245
2004-09-15,2.1,27.5,13.7,bhubaneswar,20.2961,85.8245
2004-09-16,3.7,27.7,16.6,bhubaneswar,20.2961,85.8245
2004-09-17,0.7,27.8,12.1,bhubaneswar,20.2961,85.8245
2004-09-18,20.2,26.6,10.8,bhubaneswar,20.2961,85.8245
2004-09-19,10.3,25.9,10.9,bhubaneswar,20.2961,85.8245
2004-09-20,8.5,26.0,12.8,bhubaneswar,20.2961,85.8245
2004-09-21,4.9,26.5,13.0,bhubaneswar,20.2961,85.8245
2004-09-22,6.1,26.9,11.6,bhubaneswar,20.2961,85.8245
2004-09-23,4.3,27.3,11.3,bhubaneswar,20.2961,85.8245
2004-09-24,4.5,27.6,13.4,bhubaneswar,20.2961,85.8245
2004-09-25,5.2,26.9,12.3,bhubaneswar,20.2961,85.8245
2004-09-26,2.0,27.6,7.6,bhubaneswar,20.2961,85.8245
2004-09-27,4.2,27.8,9.3,bhubaneswar,20.2961,85.8245
2004-09-28,0.4,28.2,11.2,bhubaneswar,20.2961,85.8245
2004-09-29,0.3,28.5,9.8,bhubaneswar,20.2961,85.8245
2004-09-30,4.0,28.2,6.5,bhubaneswar,20.2961,85.8245
2004-10-01,6.5,27.7,6.3,bhubaneswar,20.2961,85.8245
2004-10-02,12.7,26.3,13.5,bhubaneswar,20.2961,85.8245
2004-10-03,23.5,25.0,17.6,bhubaneswar,20.2961,85.8245
2004-10-04,14.2,25.2,13.2,bhubaneswar,20.2961,85.8245
2004-10-05,14.5,25.4,16.5,bhubaneswar,20.2961,85.8245
2004-10-06,22.5,25.7,15.8,bhubaneswar,20.2961,85.8245
2004-10-07,1.5,27.5,16.7,bhubaneswar,20.2961,85.8245
2004-10-08,7.1,26.7,7.3,bhubaneswar,20.2961,85.8245
2004-10-09,1.8,26.9,7.6,bhubaneswar,20.2961,85.8245
2004-10-10,0.7,26.8,8.7,bhubaneswar,20.2961,85.8245
2004-10-11,0.0,26.6,9.7,bhubaneswar,20.2961,85.8245
2004-10-12,3.6,26.1,8.2,bhubaneswar,20.2961,85.8245
2004-10-13,3.4,25.9,11.3,bhubaneswar,20.2961,85.8245
2004-10-14,2.0,25.9,13.4,bhubaneswar,20.2961,85.8245
2004-10-15,1.0,26.0,11.5,bhubaneswar,20.2961,85.8245
2004-10-16,0.2,25.7,12.5,bhubaneswar,20.2961,85.8245
2004-10-17,0.0,24.6,13.4,bhubaneswar,20.2961,85.8245
2004-10-18,0.0,23.9,11.7,bhubaneswar,20.2961,85.8245
2004-10-19,0.0,24.2,9.2,bhubaneswar,20.2961,85.8245
2004-10-20,0.0,25.2,8.7,bhubaneswar,20.2961,85.8245
2004-10-21,0.0,25.7,7.5,bhubaneswar,20.2961,85.8245
2004-10-22,0.0,25.9,7.3,bhubaneswar,20.2961,85.8245
2004-10-23,0.2,25.6,5.9,bhubaneswar,20.2961,85.8245
2004-10-24,0.1,25.6,8.6,bhubaneswar,20.2961,85.8245
2004-10-25,0.0,25.7,8.5,bhubaneswar,20.2961,85.8245
2004-10-26,0.4,25.4,9.5,bhubaneswar,20.2961,85.8245
2004-10-27,0.2,25.8,6.9,bhubaneswar,20.2961,85.8245
2004-10-28,0.2,25.4,6.9,bhubaneswar,20.2961,85.8245
2004-10-29,0.3,25.2,8.7,bhubaneswar,20.2961,85.8245
2004-10-30,0.0,24.2,7.6,bhubaneswar,20.2961,85.8245
2004-10-31,0.0,24.3,12.8,bhubaneswar,20.2961,85.8245
2004-11-01,0.0,23.8,11.8,bhubaneswar,20.2961,85.8245
2004-11-02,0.0,22.9,10.2,bhubaneswar,20.2961,85.8245
2004-11-03,0.0,22.1,9.4,bhubaneswar,20.2961,85.8245
2004-11-04,0.0,21.3,10.1,bhubaneswar,20.2961,85.8245
2004-11-05,0.0,21.5,8.9,bhubaneswar,20.2961,85.8245
2004-11-06,0.0,22.6,9.3,bhubaneswar,20.2961,85.8245
2004-11-07,0.0,23.2,9.2,bhubaneswar,20.2961,85.8245
2004-11-08,0.0,23.8,7.6,bhubaneswar,20.2961,85.8245
2004-11-09,0.0,25.3,8.7,bhubaneswar,20.2961,85.8245
2004-11-10,0.0,25.5,9.0,bhubaneswar,20.2961,85.8245
2004-11-11,0.0,25.0,8.8,bhubaneswar,20.2961,85.8245
2004-11-12,0.0,25.7,9.0,bhubaneswar,20.2961,85.8245
2004-11-13,0.0,25.4,8.5,bhubaneswar,20.2961,85.8245
2004-11-14,0.0,25.6,8.0,bhubaneswar,20.2961,85.8245
2004-11-15,0.0,25.0,7.9,bhubaneswar,20.2961,85.8245
2004-11-16,0.0,24.4,6.6,bhubaneswar,20.2961,85.8245
2004-11-17,0.0,23.2,9.0,bhubaneswar,20.2961,85.8245
2004-11-18,0.0,23.2,8.7,bhubaneswar,20.2961,85.8245
2004-11-19,0.0,23.5,7.0,bhubaneswar,20.2961,85.8245
2004-11-20,0.0,23.3,9.9,bhubaneswar,20.2961,85.8245
2004-11-21,0.0,23.5,8.0,bhubaneswar,20.2961,85.8245
2004-11-22,0.0,23.6,8.4,bhubaneswar,20.2961,85.8245
2004-11-23,0.0,24.0,8.7,bhubaneswar,20.2961,85.8245
2004-11-24,0.0,23.6,8.7,bhubaneswar,20.2961,85.8245
2004-11-25,0.0,23.3,8.3,bhubaneswar,20.2961,85.8245
2004-11-26,0.0,22.9,8.3,bhubaneswar,20.2961,85.8245
2004-11-27,0.0,23.2,8.4,bhubaneswar,20.2961,85.8245
2004-11-28,0.0,22.8,7.6,bhubaneswar,20.2961,85.8245
2004-11-29,0.0,22.6,10.8,bhubaneswar,20.2961,85.8245
2004-11-30,0.0,22.4,8.7,bhubaneswar,20.2961,85.8245
2004-12-01,0.0,22.4,8.9,bhubaneswar,20.2961,85.8245
2004-12-02,0.0,22.0,8.9,bhubaneswar,20.2961,85.8245
2004-12-03,0.0,21.6,13.4,bhubaneswar,20.2961,85.8245
2004-12-04,0.0,21.1,10.9,bhubaneswar,20.2961,85.8245
2004-12-05,0.0,21.8,8.7,bhubaneswar,20.2961,85.8245
2004-12-06,0.0,21.6,8.7,bhubaneswar,20.2961,85.8245
2004-12-07,0.0,21.7,8.9,bhubaneswar,20.2961,85.8245
2004-12-08,0.0,22.0,7.9,bhubaneswar,20.2961,85.8245
2004-12-09,0.0,22.6,8.1,bhubaneswar,20.2961,85.8245
2004-12-10,0.0,22.9,7.7,bhubaneswar,20.2961,85.8245
2004-12-11,0.0,22.2,9.7,bhubaneswar,20.2961,85.8245
2004-12-12,0.0,22.6,9.9,bhubaneswar,20.2961,85.8245
2004-12-13,0.0,22.9,8.7,bhubaneswar,20.2961,85.8245
2004-12-14,0.0,22.4,7.8,bhubaneswar,20.2961,85.8245
2004-12-15,0.0,22.6,8.8,bhubaneswar,20.2961,85.8245
2004-12-16,0.0,23.0,9.0,bhubaneswar,20.2961,85.8245
2004-12-17,0.0,22.8,7.1,bhubaneswar,20.2961,85.8245
2004-12-18,0.0,22.9,8.0,bhubaneswar,20.2961,85.8245
2004-12-19,0.0,23.0,9.3,bhubaneswar,20.2961,85.8245
2004-12-20,0.0,23.6,11.5,bhubaneswar,20.2961,85.8245
2004-12-21,0.0,23.2,10.5,bhubaneswar,20.2961,85.8245
2004-12-22,0.0,23.0,11.2,bhubaneswar,20.2961,85.8245
2004-12-23,0.0,23.1,9.5,bhubaneswar,20.2961,85.8245
2004-12-24,0.0,22.6,9.2,bhubaneswar,20.2961,85.8245
2004-12-25,0.0,22.7,7.4,bhubaneswar,20.2961,85.8245
2004-12-26,0.0,22.4,9.0,bhubaneswar,20.2961,85.8245
2004-12-27,0.0,20.8,12.3,bhubaneswar,20.2961,85.8245
2004-12-28,0.0,19.3,9.8,bhubaneswar,20.2961,85.8245
2004-12-29,0.0,19.6,9.4,bhubaneswar,20.2961,85.8245
2004-12-30,0.0,20.3,9.5,bhubaneswar,20.2961,85.8245
2004-12-31,0.0,21.4,8.6,bhubaneswar,20.2961,85.8245
2005-01-01,0.0,21.3,9.0,bhubaneswar,20.2961,85.8245
2005-01-02,0.0,22.0,8.5,bhubaneswar,20.2961,85.8245
2005-01-03,0.0,22.2,7.9,bhubaneswar,20.2961,85.8245
2005-01-04,0.0,22.7,8.1,bhubaneswar,20.2961,85.8245
2005-01-05,0.0,22.5,14.4,bhubaneswar,20.2961,85.8245
2005-01-06,0.0,22.6,9.5,bhubaneswar,20.2961,85.8245
2005-01-07,0.0,23.2,11.7,bhubaneswar,20.2961,85.8245
2005-01-08,0.0,23.1,10.2,bhubaneswar,20.2961,85.8245
2005-01-09,0.0,22.7,7.9,bhubaneswar,20.2961,85.8245
2005-01-10,0.0,24.2,14.1,bhubaneswar,20.2961,85.8245
2005-01-11,0.7,24.0,22.4,bhubaneswar,20.2961,85.8245
2005-01-12,0.0,22.1,15.3,bhubaneswar,20.2961,85.8245
2005-01-13,0.0,21.4,9.3,bhubaneswar,20.2961,85.8245
2005-01-14,0.0,21.7,9.3,bhubaneswar,20.2961,85.8245
2005-01-15,0.0,22.6,8.9,bhubaneswar,20.2961,85.8245
2005-01-16,0.0,22.5,11.3,bhubaneswar,20.2961,85.8245
2005-01-17,0.0,22.8,15.1,bhubaneswar,20.2961,85.8245
2005-01-18,0.0,23.2,11.9,bhubaneswar,20.2961,85.8245
2005-01-19,0.4,22.5,9.4,bhubaneswar,20.2961,85.8245
2005-01-20,0.0,21.2,13.1,bhubaneswar,20.2961,85.8245
2005-01-21,0.0,20.7,13.3,bhubaneswar,20.2961,85.8245
2005-01-22,0.0,20.7,10.6,bhubaneswar,20.2961,85.8245
2005-01-23,0.0,22.3,11.5,bhubaneswar,20.2961,85.8245
2005-01-24,0.3,23.0,12.0,bhubaneswar,20.2961,85.8245
2005-01-25,0.0,22.3,13.5,bhubaneswar,20.2961,85.8245
2005-01-26,0.0,22.6,11.7,bhubaneswar,20.2961,85.8245
2005-01-27,0.0,23.3,11.4,bhubaneswar,20.2961,85.8245
2005-01-28,32.0,21.4,10.9,bhubaneswar,20.2961,85.8245
2005-01-29,0.3,21.3,6.7,bhubaneswar,20.2961,85.8245
2005-01-30,0.0,22.1,12.0,bhubaneswar,20.2961,85.8245
2005-01-31,0.0,21.7,9.7,bhubaneswar,20.2961,85.8245
2005-02-01,0.8,21.4,11.7,bhubaneswar,20.2961,85.8245
2005-02-02,0.0,20.4,12.6,bhubaneswar,20.2961,85.8245
2005-02-03,0.0,19.4,8.7,bhubaneswar,20.2961,85.8245
2005-02-04,0.0,20.3,8.7,bhubaneswar,20.2961,85.8245
2005-02-05,0.0,21.9,10.1,bhubaneswar,20.2961,85.8245
2005-02-06,0.0,23.8,11.9,bhubaneswar,20.2961,85.8245
2005-02-07,0.0,24.0,13.0,bhubaneswar,20.2961,85.8245
2005-02-08,0.0,23.7,8.9,bhubaneswar,20.2961,85.8245
2005-02-09,0.0,25.3,7.6,bhubaneswar,20.2961,85.8245
2005-02-10,0.0,25.4,10.8,bhubaneswar,20.2961,85.8245
2005-02-11,0.0,25.5,9.4,bhubaneswar,20.2961,85.8245
2005-02-12,0.0,26.7,10.5,bhubaneswar,20.2961,85.8245
2005-02-13,0.0,27.6,15.5,bhubaneswar,20.2961,85.8245
2005-02-14,0.0,26.8,17.9,bhubaneswar,20.2961,85.8245
2005-02-15,0.0,27.5,16.0,bhubaneswar,20.2961,85.8245
2005-02-16,0.0,27.8,16.2,bhubaneswar,20.2961,85.8245
2005-02-17,0.0,27.8,18.1,bhubaneswar,20.2961,85.8245
2005-02-18,0.0,27.9,18.6,bhubaneswar,20.2961,85.8245
2005-02-19,0.0,27.9,13.8,bhubaneswar,20.2961,85.8245
2005-02-20,0.0,27.7,13.4,bhubaneswar,20.2961,85.8245
2005-02-21,0.0,26.3,16.3,bhubaneswar,20.2961,85.8245
2005-02-22,0.0,25.9,16.0,bhubaneswar,20.2961,85.8245
2005-02-23,0.0,26.8,11.5,bhubaneswar,20.2961,85.8245
2005-02-24,0.0,27.0,14.5,bhubaneswar,20.2961,85.8245
2005-02-25,0.0,27.0,13.9,bhubaneswar,20.2961,85.8245
2005-02-26,0.0,27.5,11.5,bhubaneswar,20.2961,85.8245
2005-02-27,0.0,27.4,10.8,bhubaneswar,20.2961,85.8245
2005-02-28,0.0,28.0,11.5,bhubaneswar,20.2961,85.8245
2005-03-01,0.0,28.5,11.5,bhubaneswar,20.2961,85.8245
2005-03-02,0.0,29.8,13.3,bhubaneswar,20.2961,85.8245
2005-03-03,0.0,30.2,11.9,bhubaneswar,20.2961,85.8245
2005-03-04,0.0,29.8,18.3,bhubaneswar,20.2961,85.8245
2005-03-05,0.0,29.5,14.6,bhubaneswar,20.2961,85.8245
2005-03-06,0.0,28.5,20.2,bhubaneswar,20.2961,85.8245
2005-03-07,0.0,28.1,17.4,bhubaneswar,20.2961,85.8245
2005-03-08,0.0,27.7,12.3,bhubaneswar,20.2961,85.8245
2005-03-09,0.0,28.0,12.3,bhubaneswar,20.2961,85.8245
2005-03-10,0.1,28.8,11.2,bhubaneswar,20.2961,85.8245
2005-03-11,5.3,27.9,11.2,bhubaneswar,20.2961,85.8245
2005-03-12,8.4,23.4,11.2,bhubaneswar,20.2961,85.8245
2005-03-13,0.0,25.7,8.9,bhubaneswar,20.2961,85.8245
2005-03-14,0.7,26.0,8.2,bhubaneswar,20.2961,85.8245
2005-03-15,0.0,27.6,11.5,bhubaneswar,20.2961,85.8245
2005-03-16,1.7,27.7,19.7,bhubaneswar,20.2961,85.8245
2005-03-17,0.0,27.9,18.0,bhubaneswar,20.2961,85.8245
2005-03-18,0.0,28.0,15.3,bhubaneswar,20.2961,85.8245
2005-03-19,0.0,28.8,16.2,bhubaneswar,20.2961,85.8245
2005-03-20,0.0,29.5,19.4,bhubaneswar,20.2961,85.8245
2005-03-21,0.0,29.7,20.5,bhubaneswar,20.2961,85.8245
2005-03-22,0.6,29.9,20.8,bhubaneswar,20.2961,85.8245
2005-03-23,0.1,29.0,22.3,bhubaneswar,20.2961,85.8245
2005-03-24,2.1,27.9,24.6,bhubaneswar,20.2961,85.8245
2005-03-25,0.4,27.6,11.7,bhubaneswar,20.2961,85.8245
2005-03-26,0.0,29.1,14.1,bhubaneswar,20.2961,85.8245
2005-03-27,0.0,29.0,20.4,bhubaneswar,20.2961,85.8245
2005-03-28,0.0,29.2,25.1,bhubaneswar,20.2961,85.8245
2005-03-29,0.2,29.2,21.0,bhubaneswar,20.2961,85.8245
2005-03-30,0.0,28.8,21.8,bhubaneswar,20.2961,85.8245
2005-03-31,0.5,29.6,22.3,bhubaneswar,20.2961,85.8245
2005-04-01,1.2,28.9,11.9,bhubaneswar,20.2961,85.8245
2005-04-02,0.4,29.3,12.6,bhubaneswar,20.2961,85.8245
2005-04-03,0.0,29.2,15.5,bhubaneswar,20.2961,85.8245
2005-04-04,0.0,29.5,17.2,bhubaneswar,20.2961,85.8245
2005-04-05,0.0,29.6,15.8,bhubaneswar,20.2961,85.8245
2005-04-06,0.0,29.4,18.8,bhubaneswar,20.2961,85.8245
2005-04-07,0.0,29.4,16.9,bhubaneswar,20.2961,85.8245
2005-04-08,0.0,29.7,15.9,bhubaneswar,20.2961,85.8245
2005-04-09,0.0,30.1,19.1,bhubaneswar,20.2961,85.8245
2005-04-10,0.3,30.2,19.9,bhubaneswar,20.2961,85.8245
2005-04-11,0.9,30.9,19.4,bhubaneswar,20.2961,85.8245
2005-04-12,0.0,31.0,15.6,bhubaneswar,20.2961,85.8245
2005-04-13,0.0,31.2,16.2,bhubaneswar,20.2961,85.8245
2005-04-14,0.0,31.4,14.8,bhubaneswar,20.2961,85.8245
2005-04-15,0.6,31.0,17.7,bhubaneswar,20.2961,85.8245
2005-04-16,2.1,32.0,15.1,bhubaneswar,20.2961,85.8245
2005-04-17,0.9,32.0,16.5,bhubaneswar,20.2961,85.8245
2005-04-18,0.0,31.3,18.8,bhubaneswar,20.2961,85.8245
2005-04-19,0.0,30.5,14.1,bhubaneswar,20.2961,85.8245
2005-04-20,0.3,30.9,13.7,bhubaneswar,20.2961,85.8245
2005-04-21,0.6,31.5,16.9,bhubaneswar,20.2961,85.8245
2005-04-22,0.5,31.3,17.4,bhubaneswar,20.2961,85.8245
2005-04-23,0.0,31.4,18.1,bhubaneswar,20.2961,85.8245
2005-04-24,0.0,31.8,16.3,bhubaneswar,20.2961,85.8245
2005-04-25,0.0,32.1,18.4,bhubaneswar,20.2961,85.8245
2005-04-26,0.3,32.1,14.7,bhubaneswar,20.2961,85.8245
2005-04-27,2.4,31.8,17.4,bhubaneswar,20.2961,85.8245
2005-04-28,1.3,32.2,15.1,bhubaneswar,20.2961,85.8245
2005-04-29,1.9,31.4,15.5,bhubaneswar,20.2961,85.8245
2005-04-30,11.8,27.9,14.1,bhubaneswar,20.2961,85.8245
2005-05-01,0.8,29.0,14.1,bhubaneswar,20.2961,85.8245
2005-05-02,2.2,29.1,11.6,bhubaneswar,20.2961,85.8245
2005-05-03,2.6,30.2,12.5,bhubaneswar,20.2961,85.8245
2005-05-04,0.8,30.5,11.3,bhubaneswar,20.2961,85.8245
2005-05-05,1.3,30.7,15.0,bhubaneswar,20.2961,85.8245
2005-05-06,1.6,30.3,16.0,bhubaneswar,20.2961,85.8245
2005-05-07,0.5,31.0,18.1,bhubaneswar,20.2961,85.8245
2005-05-08,0.2,32.0,16.8,bhubaneswar,20.2961,85.8245
2005-05-09,1.2,32.4,15.5,bhubaneswar,20.2961,85.8245
2005-05-10,0.0,33.3,16.0,bhubaneswar,20.2961,85.8245
2005-05-11,0.0,32.8,17.0,bhubaneswar,20.2961,85.8245
2005-05-12,0.4,32.1,15.5,bhubaneswar,20.2961,85.8245
2005-05-13,1.4,32.3,17.4,bhubaneswar,20.2961,85.8245
2005-05-14,0.0,32.4,21.9,bhubaneswar,20.2961,85.8245
2005-05-15,0.0,32.9,17.8,bhubaneswar,20.2961,85.8245
2005-05-16,0.0,32.2,19.2,bhubaneswar,20.2961,85.8245
2005-05-17,0.0,32.2,20.6,bhubaneswar,20.2961,85.8245
2005-05-18,0.0,31.8,24.4,bhubaneswar,20.2961,85.8245
2005-05-19,0.0,31.9,23.7,bhubaneswar,20.2961,85.8245
2005-05-20,0.0,31.6,22.5,bhubaneswar,20.2961,85.8245
2005-05-21,0.0,31.8,23.3,bhubaneswar,20.2961,85.8245
2005-05-22,0.0,32.6,18.4,bhubaneswar,20.2961,85.8245
2005-05-23,0.0,32.7,21.3,bhubaneswar,20.2961,85.8245
2005-05-24,0.0,32.7,19.6,bhubaneswar,20.2961,85.8245
2005-05-25,0.0,33.1,18.2,bhubaneswar,20.2961,85.8245
2005-05-26,0.0,33.0,14.9,bhubaneswar,20.2961,85.8245
2005-05-27,0.0,32.4,18.9,bhubaneswar,20.2961,85.8245
2005-05-28,0.0,32.1,18.5,bhubaneswar,20.2961,85.8245
2005-05-29,0.0,31.9,18.0,bhubaneswar,20.2961,85.8245
2005-05-30,0.2,31.6,15.5,bhubaneswar,20.2961,85.8245
2005-05-31,0.0,32.4,19.3,bhubaneswar,20.2961,85.8245
2005-06-01,0.0,33.8,16.9,bhubaneswar,20.2961,85.8245
2005-06-02,0.0,34.2,18.5,bhubaneswar,20.2961,85.8245
2005-06-03,5.4,33.9,15.8,bhubaneswar,20.2961,85.8245
2005-06-04,0.0,33.1,19.6,bhubaneswar,20.2961,85.8245
2005-06-05,0.0,32.8,23.2,bhubaneswar,20.2961,85.8245
2005-06-06,0.0,32.9,19.3,bhubaneswar,20.2961,85.8245
2005-06-07,7.9,32.8,13.6,bhubaneswar,20.2961,85.8245
2005-06-08,0.0,33.7,15.4,bhubaneswar,20.2961,85.8245
2005-06-09,0.0,33.5,14.8,bhubaneswar,20.2961,85.8245
2005-06-10,1.4,33.2,15.3,bhubaneswar,20.2961,85.8245
2005-06-11,0.0,34.4,14.9,bhubaneswar,20.2961,85.8245
2005-06-12,0.0,34.6,12.4,bhubaneswar,20.2961,85.8245
2005-06-13,0.4,34.5,16.2,bhubaneswar,20.2961,85.8245
2005-06-14,1.4,33.7,14.8,bhubaneswar,20.2961,85.8245
2005-06-15,1.0,34.7,11.3,bhubaneswar,20.2961,85.8245
2005-06-16,1.7,36.6,20.2,bhubaneswar,20.2961,85.8245
2005-06-17,0.5,35.2,21.5,bhubaneswar,20.2961,85.8245
2005-06-18,0.8,35.1,12.6,bhubaneswar,20.2961,85.8245
2005-06-19,0.2,34.8,11.8,bhubaneswar,20.2961,85.8245
2005-06-20,0.2,31.8,11.1,bhubaneswar,20.2961,85.8245
2005-06-21,1.4,30.4,13.0,bhubaneswar,20.2961,85.8245
2005-06-22,2.3,30.5,12.7,bhubaneswar,20.2961,85.8245
2005-06-23,0.9,31.4,14.3,bhubaneswar,20.2961,85.8245
2005-06-24,4.6,30.9,13.7,bhubaneswar,20.2961,85.8245
2005-06-25,5.2,29.1,13.5,bhubaneswar,20.2961,85.8245
2005-06-26,6.4,27.9,14.2,bhubaneswar,20.2961,85.8245
2005-06-27,37.1,26.5,17.0,bhubaneswar,20.2961,85.8245
2005-06-28,7.5,26.7,21.8,bhubaneswar,20.2961,85.8245
2005-06-29,2.5,28.3,24.1,bhubaneswar,20.2961,85.8245
2005-06-30,0.0,29.0,19.4,bhubaneswar,20.2961,85.8245
2005-07-01,4.5,29.4,17.9,bhubaneswar,20.2961,85.8245
2005-07-02,2.5,29.0,17.0,bhubaneswar,20.2961,85.8245
2005-07-03,4.2,28.8,14.8,bhubaneswar,20.2961,85.8245
2005-07-04,4.0,29.0,15.0,bhubaneswar,20.2961,85.8245
2005-07-05,11.7,28.4,12.8,bhubaneswar,20.2961,85.8245
2005-07-06,16.2,27.9,7.3,bhubaneswar,20.2961,85.8245
2005-07-07,33.8,26.9,8.6,bhubaneswar,20.2961,85.8245
2005-07-08,19.9,27.3,7.3,bhubaneswar,20.2961,85.8245
2005-07-09,14.1,27.4,8.2,bhubaneswar,20.2961,85.8245
2005-07-10,10.4,27.7,14.7,bhubaneswar,20.2961,85.8245
2005-07-11,1.2,28.8,17.2,bhubaneswar,20.2961,85.8245
2005-07-12,8.7,28.2,13.9,bhubaneswar,20.2961,85.8245
2005-07-13,6.5,27.6,11.2,bhubaneswar,20.2961,85.8245
2005-07-14,17.1,27.1,15.4,bhubaneswar,20.2961,85.8245
2005-07-15,2.1,28.1,17.0,bhubaneswar,20.2961,85.8245
2005-07-16,4.4,27.8,14.9,bhubaneswar,20.2961,85.8245
2005-07-17,1.1,28.2,11.2,bhubaneswar,20.2961,85.8245
2005-07-18,0.6,28.9,14.1,bhubaneswar,20.2961,85.8245
2005-07-19,0.4,29.6,16.2,bhubaneswar,20.2961,85.8245
2005-07-20,16.9,28.7,12.1,bhubaneswar,20.2961,85.8245
2005-07-21,5.4,29.1,9.8,bhubaneswar,20.2961,85.8245
2005-07-22,24.6,28.3,11.3,bhubaneswar,20.2961,85.8245
2005-07-23,14.8,27.0,11.5,bhubaneswar,20.2961,85.8245
2005-07-24,23.0,27.3,12.0,bhubaneswar,20.2961,85.8245
2005-07-25,35.3,27.0,12.7,bhubaneswar,20.2961,85.8245
2005-07-26,3.7,27.8,13.4,bhubaneswar,20.2961,85.8245
2005-07-27,6.6,27.7,11.9,bhubaneswar,20.2961,85.8245
2005-07-28,24.4,26.5,10.3,bhubaneswar,20.2961,85.8245
2005-07-29,75.0,25.5,24.3,bhubaneswar,20.2961,85.8245
2005-07-30,40.7,26.1,16.6,bhubaneswar,20.2961,85.8245
2005-07-31,11.9,28.0,17.7,bhubaneswar,20.2961,85.8245
2005-08-01,5.4,28.0,9.3,bhubaneswar,20.2961,85.8245
2005-08-02,12.1,26.9,10.7,bhubaneswar,20.2961,85.8245
2005-08-03,24.1,26.0,15.0,bhubaneswar,20.2961,85.8245
2005-08-04,10.2,26.6,17.1,bhubaneswar,20.2961,85.8245
2005-08-05,1.4,28.4,20.6,bhubaneswar,20.2961,85.8245
2005-08-06,1.4,27.9,19.5,bhubaneswar,20.2961,85.8245
2005-08-07,16.7,27.1,21.7,bhubaneswar,20.2961,85.8245
2005-08-08,1.9,27.4,14.6,bhubaneswar,20.2961,85.8245
2005-08-09,0.6,29.1,11.6,bhubaneswar,20.2961,85.8245
2005-08-10,0.6,29.2,13.4,bhubaneswar,20.2961,85.8245
2005-08-11,1.3,29.2,13.2,bhubaneswar,20.2961,85.8245
2005-08-12,8.8,28.8,14.5,bhubaneswar,20.2961,85.8245
2005-08-13,20.9,28.2,11.3,bhubaneswar,20.2961,85.8245
2005-08-14,26.0,27.1,10.9,bhubaneswar,20.2961,85.8245
2005-08-15,19.2,26.2,8.2,bhubaneswar,20.2961,85.8245
2005-08-16,11.9,27.3,7.8,bhubaneswar,20.2961,85.8245
2005-08-17,4.1,28.3,9.5,bhubaneswar,20.2961,85.8245
2005-08-18,14.7,27.8,9.8,bhubaneswar,20.2961,85.8245
2005-08-19,8.4,27.2,15.4,bhubaneswar,20.2961,85.8245
2005-08-20,21.6,26.4,14.6,bhubaneswar,20.2961,85.8245
2005-08-21,5.2,27.7,13.4,bhubaneswar,20.2961,85.8245
2005-08-22,4.2,28.1,13.0,bhubaneswar,20.2961,85.8245
2005-08-23,14.5,28.1,14.3,bhubaneswar,20.2961,85.8245
2005-08-24,3.6,28.4,12.4,bhubaneswar,20.2961,85.8245
2005-08-25,0.1,28.9,9.7,bhubaneswar,20.2961,85.8245
2005-08-26,0.0,29.4,8.6,bhubaneswar,20.2961,85.8245
2005-08-27,10.1,28.1,11.3,bhubaneswar,20.2961,85.8245
2005-08-28,1.1,28.6,9.2,bhubaneswar,20.2961,85.8245
2005-08-29,5.7,28.9,7.6,bhubaneswar,20.2961,85.8245
2005-08-30,0.5,29.8,7.9,bhubaneswar,20.2961,85.8245
2005-08-31,4.1,30.0,7.1,bhubaneswar,20.2961,85.8245
2005-09-01,2.3,29.6,9.5,bhubaneswar,20.2961,85.8245
2005-09-02,10.0,28.8,10.4,bhubaneswar,20.2961,85.8245
2005-09-03,9.5,27.2,10.1,bhubaneswar,20.2961,85.8245
2005-09-04,9.4,27.8,12.8,bhubaneswar,20.2961,85.8245
2005-09-05,18.3,27.9,9.0,bhubaneswar,20.2961,85.8245
2005-09-06,7.0,28.1,9.2,bhubaneswar,20.2961,85.8245
2005-09-07,6.0,27.4,12.7,bhubaneswar,20.2961,85.8245
2005-09-08,28.2,26.5,20.8,bhubaneswar,20.2961,85.8245
2005-09-09,24.0,26.2,14.1,bhubaneswar,20.2961,85.8245
2005-09-10,7.0,25.6,11.5,bhubaneswar,20.2961,85.8245
2005-09-11,11.5,26.0,13.7,bhubaneswar,20.2961,85.8245
2005-09-12,20.0,26.0,19.4,bhubaneswar,20.2961,85.8245
2005-09-13,10.5,26.2,20.6,bhubaneswar,20.2961,85.8245
2005-09-14,36.1,25.6,16.9,bhubaneswar,20.2961,85.8245
2005-09-15,12.6,26.3,10.1,bhubaneswar,20.2961,85.8245
2005-09-16,0.2,28.2,16.1,bhubaneswar,20.2961,85.8245
2005-09-17,13.3,27.5,21.4,bhubaneswar,20.2961,85.8245
2005-09-18,60.8,25.3,35.8,bhubaneswar,20.2961,85.8245
2005-09-19,6.6,26.9,26.5,bhubaneswar,20.2961,85.8245
2005-09-20,9.3,26.2,23.1,bhubaneswar,20.2961,85.8245
2005-09-21,5.4,25.8,18.7,bhubaneswar,20.2961,85.8245
2005-09-22,3.9,27.3,14.1,bhubaneswar,20.2961,85.8245
2005-09-23,2.0,27.8,14.1,bhubaneswar,20.2961,85.8245
2005-09-24,0.7,28.5,9.7,bhubaneswar,20.2961,85.8245
2005-09-25,0.4,28.7,11.4,bhubaneswar,20.2961,85.8245
2005-09-26,0.4,28.6,12.8,bhubaneswar,20.2961,85.8245
2005-09-27,4.6,28.2,8.6,bhubaneswar,20.2961,85.8245
2005-09-28,2.3,27.7,9.2,bhubaneswar,20.2961,85.8245
2005-09-29,11.2,27.2,9.2,bhubaneswar,20.2961,85.8245
2005-09-30,5.0,27.1,12.6,bhubaneswar,20.2961,85.8245
2005-10-01,2.7,26.5,13.5,bhubaneswar,20.2961,85.8245
2005-10-02,9.4,27.1,11.9,bhubaneswar,20.2961,85.8245
2005-10-03,3.1,28.1,9.2,bhubaneswar,20.2961,85.8245
2005-10-04,1.6,28.1,9.3,bhubaneswar,20.2961,85.8245
2005-10-05,4.4,27.5,9.0,bhubaneswar,20.2961,85.8245
2005-10-06,5.1,27.3,7.9,bhubaneswar,20.2961,85.8245
2005-10-07,3.3,27.4,8.7,bhubaneswar,20.2961,85.8245
2005-10-08,1.1,27.2,6.1,bhubaneswar,20.2961,85.8245
2005-10-09,2.6,27.0,7.2,bhubaneswar,20.2961,85.8245
2005-10-10,2.3,26.8,12.6,bhubaneswar,20.2961,85.8245
2005-10-11,8.5,26.4,14.5,bhubaneswar,20.2961,85.8245
2005-10-12,26.9,25.2,9.9,bhubaneswar,20.2961,85.8245
2005-10-13,6.0,26.4,10.1,bhubaneswar,20.2961,85.8245
2005-10-14,0.2,27.1,8.0,bhubaneswar,20.2961,85.8245
2005-10-15,0.2,27.0,7.5,bhubaneswar,20.2961,85.8245
2005-10-16,4.7,26.9,8.5,bhubaneswar,20.2961,85.8245
2005-10-17,7.7,25.7,11.9,bhubaneswar,20.2961,85.8245
2005-10-18,18.0,24.7,9.7,bhubaneswar,20.2961,85.8245
2005-10-19,23.2,24.2,11.3,bhubaneswar,20.2961,85.8245
2005-10-20,15.3,24.2,9.6,bhubaneswar,20.2961,85.8245
2005-10-21,8.3,25.2,8.9,bhubaneswar,20.2961,85.8245
2005-10-22,26.9,24.5,12.2,bhubaneswar,20.2961,85.8245
2005-10-23,10.7,25.1,9.2,bhubaneswar,20.2961,85.8245
2005-10-24,12.9,25.1,8.0,bhubaneswar,20.2961,85.8245
2005-10-25,0.4,25.5,11.7,bhubaneswar,20.2961,85.8245
2005-10-26,8.1,25.5,17.0,bhubaneswar,20.2961,85.8245
2005-10-27,7.8,25.3,20.7,bhubaneswar,20.2961,85.8245
2005-10-28,16.8,24.5,13.2,bhubaneswar,20.2961,85.8245
2005-10-29,0.6,25.8,11.0,bhubaneswar,20.2961,85.8245
2005-10-30,6.9,24.7,8.9,bhubaneswar,20.2961,85.8245
2005-10-31,3.2,25.2,8.9,bhubaneswar,20.2961,85.8245
2005-11-01,43.7,23.7,9.6,bhubaneswar,20.2961,85.8245
2005-11-02,0.7,25.0,12.2,bhubaneswar,20.2961,85.8245
2005-11-03,0.0,24.6,9.2,bhubaneswar,20.2961,85.8245
2005-11-04,0.0,24.8,10.5,bhubaneswar,20.2961,85.8245
2005-11-05,0.0,24.5,12.1,bhubaneswar,20.2961,85.8245
2005-11-06,0.0,23.2,10.2,bhubaneswar,20.2961,85.8245
2005-11-07,0.0,22.6,11.6,bhubaneswar,20.2961,85.8245
2005-11-08,0.0,22.3,8.4,bhubaneswar,20.2961,85.8245
2005-11-09,0.0,23.5,7.8,bhubaneswar,20.2961,85.8245
2005-11-10,0.0,23.2,8.6,bhubaneswar,20.2961,85.8245
2005-11-11,0.0,22.2,10.0,bhubaneswar,20.2961,85.8245
2005-11-12,0.0,22.1,8.0,bhubaneswar,20.2961,85.8245
2005-11-13,0.0,22.2,8.9,bhubaneswar,20.2961,85.8245
2005-11-14,0.0,21.9,9.0,bhubaneswar,20.2961,85.8245
2005-11-15,0.0,21.8,11.9,bhubaneswar,20.2961,85.8245
2005-11-16,0.0,22.2,9.4,bhubaneswar,20.2961,85.8245
2005-11-17,0.0,22.4,6.4,bhubaneswar,20.2961,85.8245
2005-11-18,0.0,22.0,6.3,bhubaneswar,20.2961,85.8245
2005-11-19,0.0,21.8,7.9,bhubaneswar,20.2961,85.8245
2005-11-20,0.0,21.3,9.4,bhubaneswar,20.2961,85.8245
2005-11-21,0.0,21.8,8.2,bhubaneswar,20.2961,85.8245
2005-11-22,0.0,22.3,8.4,bhubaneswar,20.2961,85.8245
2005-11-23,0.0,21.8,8.6,bhubaneswar,20.2961,85.8245
2005-11-24,0.0,21.8,9.6,bhubaneswar,20.2961,85.8245
2005-11-25,0.0,22.0,8.5,bhubaneswar,20.2961,85.8245
2005-11-26,0.0,21.9,8.9,bhubaneswar,20.2961,85.8245
2005-11-27,0.0,20.9,9.3,bhubaneswar,20.2961,85.8245
2005-11-28,0.0,20.4,12.6,bhubaneswar,20.2961,85.8245
2005-11-29,0.0,20.5,14.1,bhubaneswar,20.2961,85.8245
2005-11-30,0.0,20.9,9.4,bhubaneswar,20.2961,85.8245
2005-12-01,0.0,21.0,9.5,bhubaneswar,20.2961,85.8245
2005-12-02,0.0,21.7,10.5,bhubaneswar,20.2961,85.8245
2005-12-03,0.0,22.2,10.2,bhubaneswar,20.2961,85.8245
2005-12-04,0.0,22.7,7.0,bhubaneswar,20.2961,85.8245
2005-12-05,0.0,21.1,10.2,bhubaneswar,20.2961,85.8245
2005-12-06,0.0,19.1,10.7,bhubaneswar,20.2961,85.8245
2005-12-07,0.0,18.7,11.6,bhubaneswar,20.2961,85.8245
2005-12-08,0.0,19.0,11.9,bhubaneswar,20.2961,85.8245
2005-12-09,0.0,19.4,11.3,bhubaneswar,20.2961,85.8245
2005-12-10,0.0,19.8,10.2,bhubaneswar,20.2961,85.8245
2005-12-11,0.0,19.9,11.3,bhubaneswar,20.2961,85.8245
2005-12-12,0.0,19.1,13.3,bhubaneswar,20.2961,85.8245
2005-12-13,0.0,18.3,12.5,bhubaneswar,20.2961,85.8245
2005-12-14,0.0,17.6,11.0,bhubaneswar,20.2961,85.8245
2005-12-15,0.0,17.7,12.0,bhubaneswar,20.2961,85.8245
2005-12-16,0.0,18.6,12.5,bhubaneswar,20.2961,85.8245
2005-12-17,0.0,20.6,12.5,bhubaneswar,20.2961,85.8245
2005-12-18,0.0,20.6,10.4,bhubaneswar,20.2961,85.8245
2005-12-19,5.2,19.6,11.0,bhubaneswar,20.2961,85.8245
2005-12-20,0.0,21.2,13.8,bhubaneswar,20.2961,85.8245
2005-12-21,3.8,22.3,13.2,bhubaneswar,20.2961,85.8245
2005-12-22,6.0,19.3,18.6,bhubaneswar,20.2961,85.8245
2005-12-23,0.0,20.6,14.7,bhubaneswar,20.2961,85.8245
2005-12-24,0.0,20.4,12.0,bhubaneswar,20.2961,85.8245
2005-12-25,0.0,20.2,8.8,bhubaneswar,20.2961,85.8245
2005-12-26,0.0,17.9,9.0,bhubaneswar,20.2961,85.8245
2005-12-27,0.0,18.1,9.1,bhubaneswar,20.2961,85.8245
2005-12-28,0.0,19.1,7.8,bhubaneswar,20.2961,85.8245
2005-12-29,0.0,19.4,9.7,bhubaneswar,20.2961,85.8245
2005-12-30,0.0,19.9,8.9,bhubaneswar,20.2961,85.8245
2005-12-31,0.0,19.5,8.7,bhubaneswar,20.2961,85.8245
2006-01-01,0.0,19.0,9.5,bhubaneswar,20.2961,85.8245
2006-01-02,0.0,18.8,9.9,bhubaneswar,20.2961,85.8245
2006-01-03,0.0,19.6,6.3,bhubaneswar,20.2961,85.8245
2006-01-04,0.0,19.7,8.4,bhubaneswar,20.2961,85.8245
2006-01-05,0.0,20.4,11.7,bhubaneswar,20.2961,85.8245
2006-01-06,0.0,19.5,11.5,bhubaneswar,20.2961,85.8245
2006-01-07,0.1,19.4,10.0,bhubaneswar,20.2961,85.8245
2006-01-08,0.0,19.9,9.4,bhubaneswar,20.2961,85.8245
2006-01-09,0.0,20.3,10.2,bhubaneswar,20.2961,85.8245
2006-01-10,0.0,19.8,9.9,bhubaneswar,20.2961,85.8245
2006-01-11,0.0,20.6,8.5,bhubaneswar,20.2961,85.8245
2006-01-12,0.0,20.7,8.7,bhubaneswar,20.2961,85.8245
2006-01-13,0.0,21.1,9.7,bhubaneswar,20.2961,85.8245
2006-01-14,0.0,21.2,8.6,bhubaneswar,20.2961,85.8245
2006-01-15,0.0,21.9,9.6,bhubaneswar,20.2961,85.8245
2006-01-16,0.0,21.9,8.4,bhubaneswar,20.2961,85.8245
2006-01-17,0.0,23.2,10.6,bhubaneswar,20.2961,85.8245
2006-01-18,0.0,23.7,10.8,bhubaneswar,20.2961,85.8245
2006-01-19,0.0,24.4,11.1,bhubaneswar,20.2961,85.8245
2006-01-20,0.0,24.1,10.3,bhubaneswar,20.2961,85.8245
2006-01-21,0.0,23.8,10.5,bhubaneswar,20.2961,85.8245
2006-01-22,0.0,24.0,10.8,bhubaneswar,20.2961,85.8245
2006-01-23,0.0,24.0,12.1,bhubaneswar,20.2961,85.8245
2006-01-24,4.8,21.5,14.6,bhubaneswar,20.2961,85.8245
2006-01-25,0.0,19.8,15.4,bhubaneswar,20.2961,85.8245
2006-01-26,0.0,19.1,11.9,bhubaneswar,20.2961,85.8245
2006-01-27,0.0,19.2,12.1,bhubaneswar,20.2961,85.8245
2006-01-28,0.0,20.5,9.8,bhubaneswar,20.2961,85.8245
2006-01-29,0.0,21.4,8.7,bhubaneswar,20.2961,85.8245
2006-01-30,0.0,22.3,9.0,bhubaneswar,20.2961,85.8245
2006-01-31,0.0,22.8,9.4,bhubaneswar,20.2961,85.8245
2006-02-01,0.0,23.3,10.5,bhubaneswar,20.2961,85.8245
2006-02-02,0.0,23.8,11.2,bhubaneswar,20.2961,85.8245
2006-02-03,0.0,24.0,11.2,bhubaneswar,20.2961,85.8245
2006-02-04,0.0,24.1,10.4,bhubaneswar,20.2961,85.8245
2006-02-05,0.0,23.7,9.2,bhubaneswar,20.2961,85.8245
2006-02-06,0.0,23.2,9.2,bhubaneswar,20.2961,85.8245
2006-02-07,0.0,23.1,11.6,bhubaneswar,20.2961,85.8245
2006-02-08,0.0,23.7,11.2,bhubaneswar,20.2961,85.8245
2006-02-09,0.0,23.3,13.7,bhubaneswar,20.2961,85.8245
2006-02-10,0.0,24.2,8.9,bhubaneswar,20.2961,85.8245
2006-02-11,0.0,24.3,10.5,bhubaneswar,20.2961,85.8245
2006-02-12,0.0,24.3,11.2,bhubaneswar,20.2961,85.8245
2006-02-13,0.0,25.0,13.6,bhubaneswar,20.2961,85.8245
2006-02-14,0.0,26.3,11.3,bhubaneswar,20.2961,85.8245
2006-02-15,0.0,26.9,15.6,bhubaneswar,20.2961,85.8245
2006-02-16,0.0,27.0,19.8,bhubaneswar,20.2961,85.8245
2006-02-17,0.0,27.7,12.6,bhubaneswar,20.2961,85.8245
2006-02-18,0.0,27.5,14.8,bhubaneswar,20.2961,85.8245
2006-02-19,0.0,27.8,12.1,bhubaneswar,20.2961,85.8245
2006-02-20,0.0,28.4,11.8,bhubaneswar,20.2961,85.8245
2006-02-21,0.0,27.8,10.9,bhubaneswar,20.2961,85.8245
2006-02-22,0.0,28.3,11.0,bhubaneswar,20.2961,85.8245
2006-02-23,0.0,28.6,12.3,bhubaneswar,20.2961,85.8245
2006-02-24,0.0,29.0,11.6,bhubaneswar,20.2961,85.8245
2006-02-25,0.0,28.9,11.9,bhubaneswar,20.2961,85.8245
2006-02-26,0.0,29.0,13.2,bhubaneswar,20.2961,85.8245
2006-02-27,0.0,29.1,18.1,bhubaneswar,20.2961,85.8245
2006-02-28,0.0,28.6,18.4,bhubaneswar,20.2961,85.8245
2006-03-01,0.0,27.8,17.1,bhubaneswar,20.2961,85.8245
2006-03-02,0.0,27.2,15.1,bhubaneswar,20.2961,85.8245
2006-03-03,0.0,26.9,13.0,bhubaneswar,20.2961,85.8245
2006-03-04,3.6,27.1,13.5,bhubaneswar,20.2961,85.8245
2006-03-05,2.7,26.5,8.9,bhubaneswar,20.2961,85.8245
2006-03-06,3.9,26.6,12.4,bhubaneswar,20.2961,85.8245
2006-03-07,0.4,27.7,7.4,bhubaneswar,20.2961,85.8245
2006-03-08,0.2,28.1,10.7,bhubaneswar,20.2961,85.8245
2006-03-09,0.7,28.3,10.3,bhubaneswar,20.2961,85.8245
2006-03-10,0.0,27.6,11.9,bhubaneswar,20.2961,85.8245
2006-03-11,7.4,25.2,18.4,bhubaneswar,20.2961,85.8245
2006-03-12,0.2,25.2,9.1,bhubaneswar,20.2961,85.8245
2006-03-13,0.0,27.0,11.0,bhubaneswar,20.2961,85.8245
2006-03-14,0.0,27.2,15.8,bhubaneswar,20.2961,85.8245
2006-03-15,0.4,27.6,15.3,bhubaneswar,20.2961,85.8245
2006-03-16,4.8,26.4,10.3,bhubaneswar,20.2961,85.8245
2006-03-17,0.0,27.6,7.4,bhubaneswar,20.2961,85.8245
2006-03-18,0.0,27.6,11.5,bhubaneswar,20.2961,85.8245
2006-03-19,0.0,27.3,11.6,bhubaneswar,20.2961,85.8245
2006-03-20,0.0,27.9,10.9,bhubaneswar,20.2961,85.8245
2006-03-21,0.0,29.4,14.4,bhubaneswar,20.2961,85.8245
2006-03-22,0.0,30.2,13.5,bhubaneswar,20.2961,85.8245
2006-03-23,0.0,29.4,13.8,bhubaneswar,20.2961,85.8245
2006-03-24,0.0,29.9,12.7,bhubaneswar,20.2961,85.8245
2006-03-25,0.0,30.5,13.9,bhubaneswar,20.2961,85.8245
2006-03-26,0.0,31.4,15.2,bhubaneswar,20.2961,85.8245
2006-03-27,0.7,31.3,14.0,bhubaneswar,20.2961,85.8245
2006-03-28,11.2,29.2,12.9,bhubaneswar,20.2961,85.8245
2006-03-29,1.1,28.4,11.8,bhubaneswar,20.2961,85.8245
2006-03-30,0.5,29.0,13.4,bhubaneswar,20.2961,85.8245
2006-03-31,0.0,29.4,14.4,bhubaneswar,20.2961,85.8245
2006-04-01,0.0,29.2,16.2,bhubaneswar,20.2961,85.8245
2006-04-02,0.0,29.2,19.7,bhubaneswar,20.2961,85.8245
2006-04-03,0.8,29.9,21.3,bhubaneswar,20.2961,85.8245
2006-04-04,0.2,30.2,21.8,bhubaneswar,20.2961,85.8245
2006-04-05,0.0,30.5,18.4,bhubaneswar,20.2961,85.8245
2006-04-06,0.0,30.2,18.4,bhubaneswar,20.2961,85.8245
2006-04-07,0.0,30.3,18.1,bhubaneswar,20.2961,85.8245
2006-04-08,0.0,29.9,22.8,bhubaneswar,20.2961,85.8245
2006-04-09,0.0,30.1,22.1,bhubaneswar,20.2961,85.8245
2006-04-10,0.0,30.2,23.2,bhubaneswar,20.2961,85.8245
2006-04-11,0.0,31.3,19.0,bhubaneswar,20.2961,85.8245
2006-04-12,0.0,31.6,20.6,bhubaneswar,20.2961,85.8245
2006-04-13,0.0,31.1,18.1,bhubaneswar,20.2961,85.8245
2006-04-14,0.0,30.7,15.3,bhubaneswar,20.2961,85.8245
2006-04-15,0.0,31.1,10.9,bhubaneswar,20.2961,85.8245
2006-04-16,0.2,30.2,10.9,bhubaneswar,20.2961,85.8245
2006-04-17,0.0,26.9,16.1,bhubaneswar,20.2961,85.8245
2006-04-18,1.2,28.4,15.1,bhubaneswar,20.2961,85.8245
2006-04-19,0.3,29.6,11.2,bhubaneswar,20.2961,85.8245
2006-04-20,0.7,29.3,13.3,bhubaneswar,20.2961,85.8245
2006-04-21,0.0,29.8,16.6,bhubaneswar,20.2961,85.8245
2006-04-22,0.0,31.1,13.8,bhubaneswar,20.2961,85.8245
2006-04-23,1.2,31.0,18.5,bhubaneswar,20.2961,85.8245
2006-04-24,0.0,31.0,16.9,bhubaneswar,20.2961,85.8245
2006-04-25,0.2,31.3,17.0,bhubaneswar,20.2961,85.8245
2006-04-26,0.7,30.9,17.7,bhubaneswar,20.2961,85.8245
2006-04-27,0.0,30.2,16.3,bhubaneswar,20.2961,85.8245
2006-04-28,1.9,30.2,14.3,bhubaneswar,20.2961,85.8245
2006-04-29,0.8,30.7,16.4,bhubaneswar,20.2961,85.8245
2006-04-30,0.9,30.7,14.4,bhubaneswar,20.2961,85.8245
2006-05-01,0.5,30.4,14.3,bhubaneswar,20.2961,85.8245
2006-05-02,0.0,30.7,18.8,bhubaneswar,20.2961,85.8245
2006-05-03,0.0,30.8,17.5,bhubaneswar,20.2961,85.8245
2006-05-04,0.2,30.8,16.3,bhubaneswar,20.2961,85.8245
2006-05-05,0.0,31.1,18.2,bhubaneswar,20.2961,85.8245
2006-05-06,0.0,31.6,20.4,bhubaneswar,20.2961,85.8245
2006-05-07,0.1,31.7,23.1,bhubaneswar,20.2961,85.8245
2006-05-08,0.0,31.9,18.4,bhubaneswar,20.2961,85.8245
2006-05-09,0.0,32.3,21.4,bhubaneswar,20.2961,85.8245
2006-05-10,0.0,32.2,20.7,bhubaneswar,20.2961,85.8245
2006-05-11,0.0,31.5,23.5,bhubaneswar,20.2961,85.8245
2006-05-12,0.0,31.6,22.0,bhubaneswar,20.2961,85.8245
2006-05-13,0.0,31.3,22.3,bhubaneswar,20.2961,85.8245
2006-05-14,0.0,31.6,23.1,bhubaneswar,20.2961,85.8245
2006-05-15,30.7,31.5,14.8,bhubaneswar,20.2961,85.8245
2006-05-16,8.5,28.7,12.1,bhubaneswar,20.2961,85.8245
2006-05-17,4.0,28.5,8.4,bhubaneswar,20.2961,85.8245
2006-05-18,0.2,29.4,12.3,bhubaneswar,20.2961,85.8245
2006-05-19,0.0,29.8,15.8,bhubaneswar,20.2961,85.8245
2006-05-20,6.8,29.3,11.1,bhubaneswar,20.2961,85.8245
2006-05-21,1.2,30.7,7.9,bhubaneswar,20.2961,85.8245
2006-05-22,5.2,30.5,9.1,bhubaneswar,20.2961,85.8245
2006-05-23,16.9,28.8,10.5,bhubaneswar,20.2961,85.8245
2006-05-24,11.1,29.0,7.5,bhubaneswar,20.2961,85.8245
2006-05-25,3.7,29.2,9.4,bhubaneswar,20.2961,85.8245
2006-05-26,0.5,29.3,12.2,bhubaneswar,20.2961,85.8245
2006-05-27,3.0,29.3,13.3,bhubaneswar,20.2961,85.8245
2006-05-28,5.0,29.2,17.3,bhubaneswar,20.2961,85.8245
2006-05-29,1.5,30.0,16.8,bhubaneswar,20.2961,85.8245
2006-05-30,0.0,30.3,19.7,bhubaneswar,20.2961,85.8245
2006-05-31,0.0,30.7,20.0,bhubaneswar,20.2961,85.8245
2006-06-01,1.2,31.1,14.6,bhubaneswar,20.2961,85.8245
2006-06-02,2.9,31.1,11.2,bhubaneswar,20.2961,85.8245
2006-06-03,4.6,30.0,14.5,bhubaneswar,20.2961,85.8245
2006-06-04,13.7,28.2,11.8,bhubaneswar,20.2961,85.8245
2006-06-05,30.7,26.8,11.3,bhubaneswar,20.2961,85.8245
2006-06-06,16.0,26.9,14.8,bhubaneswar,20.2961,85.8245
2006-06-07,4.4,29.0,19.0,bhubaneswar,20.2961,85.8245
2006-06-08,0.0,31.1,15.1,bhubaneswar,20.2961,85.8245
2006-06-09,0.4,30.9,12.8,bhubaneswar,20.2961,85.8245
2006-06-10,0.0,31.4,15.3,bhubaneswar,20.2961,85.8245
2006-06-11,0.0,32.1,14.2,bhubaneswar,20.2961,85.8245
2006-06-12,1.8,31.8,14.3,bhubaneswar,20.2961,85.8245
2006-06-13,0.0,31.6,13.7,bhubaneswar,20.2961,85.8245
2006-06-14,0.0,31.5,16.3,bhubaneswar,20.2961,85.8245
2006-06-15,0.0,30.9,18.2,bhubaneswar,20.2961,85.8245
2006-06-16,0.0,31.1,16.6,bhubaneswar,20.2961,85.8245
2006-06-17,0.0,31.6,15.4,bhubaneswar,20.2961,85.8245
2006-06-18,4.6,31.5,11.4,bhubaneswar,20.2961,85.8245
2006-06-19,0.0,31.4,11.4,bhubaneswar,20.2961,85.8245
2006-06-20,1.4,30.4,11.9,bhubaneswar,20.2961,85.8245
2006-06-21,19.6,26.5,10.3,bhubaneswar,20.2961,85.8245
2006-06-22,8.9,27.5,11.6,bhubaneswar,20.2961,85.8245
2006-06-23,14.5,27.0,12.4,bhubaneswar,20.2961,85.8245
2006-06-24,2.1,28.3,11.6,bhubaneswar,20.2961,85.8245
2006-06-25,18.0,27.7,13.7,bhubaneswar,20.2961,85.8245
2006-06-26,8.2,28.5,10.5,bhubaneswar,20.2961,85.8245
2006-06-27,8.8,28.5,9.4,bhubaneswar,20.2961,85.8245
2006-06-28,7.6,28.8,13.6,bhubaneswar,20.2961,85.8245
2006-06-29,15.6,28.2,10.3,bhubaneswar,20.2961,85.8245
2006-06-30,20.3,28.6,14.6,bhubaneswar,20.2961,85.8245
2006-07-01,93.6,27.4,29.0,bhubaneswar,20.2961,85.8245
2006-07-02,120.3,26.6,30.1,bhubaneswar,20.2961,85.8245
2006-07-03,5.6,27.7,29.6,bhubaneswar,20.2961,85.8245
2006-07-04,0.0,29.0,27.1,bhubaneswar,20.2961,85.8245
2006-07-05,0.0,29.2,23.8,bhubaneswar,20.2961,85.8245
2006-07-06,0.0,29.9,14.9,bhubaneswar,20.2961,85.8245
2006-07-07,0.7,30.2,13.8,bhubaneswar,20.2961,85.8245
2006-07-08,3.0,30.2,16.0,bhubaneswar,20.2961,85.8245
2006-07-09,1.7,29.6,11.7,bhubaneswar,20.2961,85.8245
2006-07-10,0.0,30.0,15.3,bhubaneswar,20.2961,85.8245
2006-07-11,1.9,29.9,16.6,bhubaneswar,20.2961,85.8245
2006-07-12,1.1,29.9,13.4,bhubaneswar,20.2961,85.8245
2006-07-13,9.2,29.4,12.6,bhubaneswar,20.2961,85.8245
2006-07-14,6.2,27.9,12.1,bhubaneswar,20.2961,85.8245
2006-07-15,1.6,28.8,15.4,bhubaneswar,20.2961,85.8245
2006-07-16,1.9,29.0,11.2,bhubaneswar,20.2961,85.8245
2006-07-17,5.8,29.4,11.0,bhubaneswar,20.2961,85.8245
2006-07-18,9.0,29.3,12.9,bhubaneswar,20.2961,85.8245
2006-07-19,14.6,28.3,9.7,bhubaneswar,20.2961,85.8245
2006-07-20,31.7,27.3,16.8,bhubaneswar,20.2961,85.8245
2006-07-21,12.7,26.5,13.7,bhubaneswar,20.2961,85.8245
2006-07-22,2.0,28.1,18.2,bhubaneswar,20.2961,85.8245
2006-07-23,14.8,27.5,13.3,bhubaneswar,20.2961,85.8245
2006-07-24,10.4,28.6,13.7,bhubaneswar,20.2961,85.8245
2006-07-25,2.8,28.6,10.7,bhubaneswar,20.2961,85.8245
2006-07-26,9.6,27.9,12.7,bhubaneswar,20.2961,85.8245
2006-07-27,19.4,26.5,12.6,bhubaneswar,20.2961,85.8245
2006-07-28,17.8,25.7,15.2,bhubaneswar,20.2961,85.8245
2006-07-29,9.8,26.2,19.5,bhubaneswar,20.2961,85.8245
2006-07-30,5.8,27.0,14.2,bhubaneswar,20.2961,85.8245
2006-07-31,23.8,27.0,13.8,bhubaneswar,20.2961,85.8245
2006-08-01,31.6,26.8,19.5,bhubaneswar,20.2961,85.8245
2006-08-02,15.5,26.1,32.0,bhubaneswar,20.2961,85.8245
2006-08-03,7.6,26.7,31.6,bhubaneswar,20.2961,85.8245
2006-08-04,6.0,26.7,30.8,bhubaneswar,20.2961,85.8245
2006-08-05,2.2,27.1,24.4,bhubaneswar,20.2961,85.8245
2006-08-06,0.3,27.8,19.6,bhubaneswar,20.2961,85.8245
2006-08-07,0.2,28.4,12.0,bhubaneswar,20.2961,85.8245
2006-08-08,4.9,28.9,11.8,bhubaneswar,20.2961,85.8245
2006-08-09,2.5,28.2,15.4,bhubaneswar,20.2961,85.8245
2006-08-10,11.4,27.9,15.9,bhubaneswar,20.2961,85.8245
2006-08-11,47.0,26.9,18.1,bhubaneswar,20.2961,85.8245
2006-08-12,21.0,26.5,18.0,bhubaneswar,20.2961,85.8245
2006-08-13,5.2,28.2,15.5,bhubaneswar,20.2961,85.8245
2006-08-14,15.1,27.7,10.4,bhubaneswar,20.2961,85.8245
2006-08-15,45.4,26.4,16.6,bhubaneswar,20.2961,85.8245
2006-08-16,34.6,26.0,18.9,bhubaneswar,20.2961,85.8245
2006-08-17,4.5,27.5,14.8,bhubaneswar,20.2961,85.8245
2006-08-18,7.3,28.0,10.5,bhubaneswar,20.2961,85.8245
2006-08-19,11.6,27.7,9.2,bhubaneswar,20.2961,85.8245
2006-08-20,27.2,26.7,8.7,bhubaneswar,20.2961,85.8245
2006-08-21,40.8,26.1,14.0,bhubaneswar,20.2961,85.8245
2006-08-22,66.1,25.8,19.4,bhubaneswar,20.2961,85.8245
2006-08-23,28.4,27.1,17.4,bhubaneswar,20.2961,85.8245
2006-08-24,1.4,28.3,19.0,bhubaneswar,20.2961,85.8245
2006-08-25,0.1,28.9,13.0,bhubaneswar,20.2961,85.8245
2006-08-26,11.8,26.7,16.0,bhubaneswar,20.2961,85.8245
2006-08-27,11.7,26.9,13.2,bhubaneswar,20.2961,85.8245
2006-08-28,41.3,25.8,16.4,bhubaneswar,20.2961,85.8245
2006-08-29,30.5,26.1,18.9,bhubaneswar,20.2961,85.8245
2006-08-30,0.9,28.4,18.8,bhubaneswar,20.2961,85.8245
2006-08-31,0.0,28.4,13.6,bhubaneswar,20.2961,85.8245
2006-09-01,2.8,28.3,7.4,bhubaneswar,20.2961,85.8245
2006-09-02,0.2,29.1,10.3,bhubaneswar,20.2961,85.8245
2006-09-03,48.0,26.6,18.3,bhubaneswar,20.2961,85.8245
2006-09-04,38.1,25.5,22.4,bhubaneswar,20.2961,85.8245
2006-09-05,9.1,26.7,19.4,bhubaneswar,20.2961,85.8245
2006-09-06,1.1,27.6,11.9,bhubaneswar,20.2961,85.8245
2006-09-07,0.7,28.3,11.7,bhubaneswar,20.2961,85.8245
2006-09-08,4.0,29.0,9.8,bhubaneswar,20.2961,85.8245
2006-09-09,9.3,28.1,7.8,bhubaneswar,20.2961,85.8245
2006-09-10,5.4,27.7,8.8,bhubaneswar,20.2961,85.8245
2006-09-11,3.0,28.3,11.4,bhubaneswar,20.2961,85.8245
2006-09-12,7.5,28.3,12.8,bhubaneswar,20.2961,85.8245
2006-09-13,6.9,28.1,12.6,bhubaneswar,20.2961,85.8245
2006-09-14,4.1,27.3,10.1,bhubaneswar,20.2961,85.8245
2006-09-15,15.6,26.4,11.9,bhubaneswar,20.2961,85.8245
2006-09-16,6.8,26.5,15.3,bhubaneswar,20.2961,85.8245
2006-09-17,7.6,26.7,13.5,bhubaneswar,20.2961,85.8245
2006-09-18,3.5,26.9,15.1,bhubaneswar,20.2961,85.8245
2006-09-19,7.0,26.7,13.8,bhubaneswar,20.2961,85.8245
2006-09-20,11.9,26.5,13.6,bhubaneswar,20.2961,85.8245
2006-09-21,8.0,27.0,17.7,bhubaneswar,20.2961,85.8245
2006-09-22,22.9,26.4,18.6,bhubaneswar,20.2961,85.8245
2006-09-23,3.1,27.4,16.2,bhubaneswar,20.2961,85.8245
2006-09-24,7.0,27.6,11.4,bhubaneswar,20.2961,85.8245
2006-09-25,0.6,28.2,6.1,bhubaneswar,20.2961,85.8245
2006-09-26,0.9,27.9,10.7,bhubaneswar,20.2961,85.8245
2006-09-27,2.2,27.7,10.9,bhubaneswar,20.2961,85.8245
2006-09-28,7.2,27.7,20.9,bhubaneswar,20.2961,85.8245
2006-09-29,20.0,25.4,26.0,bhubaneswar,20.2961,85.8245
2006-09-30,5.2,26.4,13.7,bhubaneswar,20.2961,85.8245
2006-10-01,1.6,27.0,7.8,bhubaneswar,20.2961,85.8245
2006-10-02,0.5,27.9,8.6,bhubaneswar,20.2961,85.8245
2006-10-03,9.0,27.8,6.6,bhubaneswar,20.2961,85.8245
2006-10-04,8.5,27.5,6.4,bhubaneswar,20.2961,85.8245
2006-10-05,2.0,28.4,9.1,bhubaneswar,20.2961,85.8245
2006-10-06,0.0,28.9,9.4,bhubaneswar,20.2961,85.8245
2006-10-07,0.0,29.1,8.4,bhubaneswar,20.2961,85.8245
2006-10-08,0.0,28.2,7.9,bhubaneswar,20.2961,85.8245
2006-10-09,0.0,27.7,8.9,bhubaneswar,20.2961,85.8245
2006-10-10,0.0,28.1,7.5,bhubaneswar,20.2961,85.8245
2006-10-11,0.0,28.1,7.9,bhubaneswar,20.2961,85.8245
2006-10-12,0.0,28.2,7.9,bhubaneswar,20.2961,85.8245
2006-10-13,0.0,28.1,7.6,bhubaneswar,20.2961,85.8245
2006-10-14,5.5,27.0,7.2,bhubaneswar,20.2961,85.8245
2006-10-15,0.0,28.0,8.6,bhubaneswar,20.2961,85.8245
2006-10-16,1.2,27.4,8.4,bhubaneswar,20.2961,85.8245
2006-10-17,3.2,26.9,5.2,bhubaneswar,20.2961,85.8245
2006-10-18,1.1,27.1,7.2,bhubaneswar,20.2961,85.8245
2006-10-19,5.1,26.2,12.7,bhubaneswar,20.2961,85.8245
2006-10-20,0.2,26.1,6.0,bhubaneswar,20.2961,85.8245
2006-10-21,0.1,26.2,6.9,bhubaneswar,20.2961,85.8245
2006-10-22,0.0,26.0,8.7,bhubaneswar,20.2961,85.8245
2006-10-23,0.0,25.8,8.0,bhubaneswar,20.2961,85.8245
2006-10-24,0.0,25.7,9.7,bhubaneswar,20.2961,85.8245
2006-10-25,0.0,25.2,12.3,bhubaneswar,20.2961,85.8245
2006-10-26,0.0,25.6,9.3,bhubaneswar,20.2961,85.8245
2006-10-27,5.8,25.3,10.8,bhubaneswar,20.2961,85.8245
2006-10-28,6.9,24.2,6.7,bhubaneswar,20.2961,85.8245
2006-10-29,3.6,24.8,9.6,bhubaneswar,20.2961,85.8245
2006-10-30,1.4,24.9,6.9,bhubaneswar,20.2961,85.8245
2006-10-31,0.0,24.3,15.8,bhubaneswar,20.2961,85.8245
2006-11-01,0.3,24.5,8.5,bhubaneswar,20.2961,85.8245
2006-11-02,0.2,25.3,9.3,bhubaneswar,20.2961,85.8245
2006-11-03,0.0,25.9,9.0,bhubaneswar,20.2961,85.8245
2006-11-04,0.3,26.3,8.7,bhubaneswar,20.2961,85.8245
2006-11-05,0.5,26.2,6.1,bhubaneswar,20.2961,85.8245
2006-11-06,15.7,24.9,6.2,bhubaneswar,20.2961,85.8245
2006-11-07,5.6,24.3,6.4,bhubaneswar,20.2961,85.8245
2006-11-08,10.8,23.6,7.2,bhubaneswar,20.2961,85.8245
2006-11-09,9.5,22.9,9.4,bhubaneswar,20.2961,85.8245
2006-11-10,3.0,22.3,11.8,bhubaneswar,20.2961,85.8245
2006-11-11,0.2,23.5,9.8,bhubaneswar,20.2961,85.8245
2006-11-12,0.0,23.6,9.8,bhubaneswar,20.2961,85.8245
2006-11-13,0.0,23.8,8.9,bhubaneswar,20.2961,85.8245
2006-11-14,0.0,23.9,8.7,bhubaneswar,20.2961,85.8245
2006-11-15,0.0,23.9,9.2,bhubaneswar,20.2961,85.8245
2006-11-16,0.0,23.7,7.9,bhubaneswar,20.2961,85.8245
2006-11-17,0.0,23.6,7.9,bhubaneswar,20.2961,85.8245
2006-11-18,0.0,23.2,8.6,bhubaneswar,20.2961,85.8245
2006-11-19,0.0,23.2,8.6,bhubaneswar,20.2961,85.8245
2006-11-20,0.0,22.9,9.2,bhubaneswar,20.2961,85.8245
2006-11-21,0.0,23.1,8.4,bhubaneswar,20.2961,85.8245
2006-11-22,0.0,23.7,8.6,bhubaneswar,20.2961,85.8245
2006-11-23,0.0,24.2,9.2,bhubaneswar,20.2961,85.8245
2006-11-24,0.0,24.4,9.4,bhubaneswar,20.2961,85.8245
2006-11-25,0.0,24.5,9.2,bhubaneswar,20.2961,85.8245
2006-11-26,0.0,24.8,9.6,bhubaneswar,20.2961,85.8245
2006-11-27,0.0,25.0,7.6,bhubaneswar,20.2961,85.8245
2006-11-28,0.1,24.3,8.3,bhubaneswar,20.2961,85.8245
2006-11-29,0.0,24.2,8.2,bhubaneswar,20.2961,85.8245
2006-11-30,0.0,23.8,8.1,bhubaneswar,20.2961,85.8245
2006-12-01,0.0,24.3,7.4,bhubaneswar,20.2961,85.8245
2006-12-02,0.0,22.6,9.4,bhubaneswar,20.2961,85.8245
2006-12-03,0.0,21.7,9.3,bhubaneswar,20.2961,85.8245
2006-12-04,0.0,22.0,9.2,bhubaneswar,20.2961,85.8245
2006-12-05,0.0,21.8,9.5,bhubaneswar,20.2961,85.8245
2006-12-06,0.0,21.8,9.0,bhubaneswar,20.2961,85.8245
2006-12-07,0.0,22.3,9.0,bhubaneswar,20.2961,85.8245
2006-12-08,0.0,23.5,9.0,bhubaneswar,20.2961,85.8245
2006-12-09,0.0,23.4,8.6,bhubaneswar,20.2961,85.8245
2006-12-10,0.0,23.7,8.7,bhubaneswar,20.2961,85.8245
2006-12-11,0.0,23.7,9.7,bhubaneswar,20.2961,85.8245
2006-12-12,0.0,23.7,10.3,bhubaneswar,20.2961,85.8245
2006-12-13,0.0,22.2,13.0,bhubaneswar,20.2961,85.8245
2006-12-14,0.0,20.9,9.2,bhubaneswar,20.2961,85.8245
2006-12-15,0.0,20.5,9.7,bhubaneswar,20.2961,85.8245
2006-12-16,0.0,19.8,9.1,bhubaneswar,20.2961,85.8245
2006-12-17,0.0,20.4,10.4,bhubaneswar,20.2961,85.8245
2006-12-18,0.0,21.0,8.1,bhubaneswar,20.2961,85.8245
2006-12-19,0.0,20.8,10.5,bhubaneswar,20.2961,85.8245
2006-12-20,0.0,21.5,12.1,bhubaneswar,20.2961,85.8245
2006-12-21,0.0,22.0,10.2,bhubaneswar,20.2961,85.8245
2006-12-22,0.0,22.4,7.5,bhubaneswar,20.2961,85.8245
2006-12-23,0.0,21.9,8.4,bhubaneswar,20.2961,85.8245
2006-12-24,0.0,21.3,11.1,bhubaneswar,20.2961,85.8245
2006-12-25,0.0,21.0,8.8,bhubaneswar,20.2961,85.8245
2006-12-26,0.0,21.3,8.7,bhubaneswar,20.2961,85.8245
2006-12-27,0.0,22.3,9.4,bhubaneswar,20.2961,85.8245
2006-12-28,0.0,22.7,9.4,bhubaneswar,20.2961,85.8245
2006-12-29,0.2,22.4,7.9,bhubaneswar,20.2961,85.8245
2006-12-30,0.0,21.4,7.1,bhubaneswar,20.2961,85.8245
2006-12-31,0.0,21.0,8.1,bhubaneswar,20.2961,85.8245
2007-01-01,0.0,21.3,8.4,bhubaneswar,20.2961,85.8245
2007-01-02,0.0,21.3,8.9,bhubaneswar,20.2961,85.8245
2007-01-03,0.0,20.3,9.4,bhubaneswar,20.2961,85.8245
2007-01-04,0.0,20.2,8.0,bhubaneswar,20.2961,85.8245
2007-01-05,0.0,20.1,8.6,bhubaneswar,20.2961,85.8245
2007-01-06,0.0,19.7,11.2,bhubaneswar,20.2961,85.8245
2007-01-07,0.0,19.6,10.3,bhubaneswar,20.2961,85.8245
2007-01-08,0.0,20.0,10.3,bhubaneswar,20.2961,85.8245
2007-01-09,0.0,20.6,9.4,bhubaneswar,20.2961,85.8245
2007-01-10,0.0,21.6,9.0,bhubaneswar,20.2961,85.8245
2007-01-11,0.0,21.6,10.3,bhubaneswar,20.2961,85.8245
2007-01-12,0.0,21.6,8.2,bhubaneswar,20.2961,85.8245
2007-01-13,0.0,22.4,11.9,bhubaneswar,20.2961,85.8245
2007-01-14,0.0,23.1,10.5,bhubaneswar,20.2961,85.8245
2007-01-15,0.0,23.2,11.2,bhubaneswar,20.2961,85.8245
2007-01-16,0.0,23.3,14.3,bhubaneswar,20.2961,85.8245
2007-01-17,0.1,22.8,7.2,bhubaneswar,20.2961,85.8245
2007-01-18,0.1,21.8,13.2,bhubaneswar,20.2961,85.8245
2007-01-19,0.0,21.4,8.2,bhubaneswar,20.2961,85.8245
2007-01-20,0.0,22.4,9.4,bhubaneswar,20.2961,85.8245
2007-01-21,0.0,23.4,11.3,bhubaneswar,20.2961,85.8245
2007-01-22,0.9,23.9,10.5,bhubaneswar,20.2961,85.8245
2007-01-23,0.5,22.4,12.6,bhubaneswar,20.2961,85.8245
2007-01-24,0.0,21.5,9.8,bhubaneswar,20.2961,85.8245
2007-01-25,0.0,21.4,9.8,bhubaneswar,20.2961,85.8245
2007-01-26,0.0,22.4,10.9,bhubaneswar,20.2961,85.8245
2007-01-27,0.0,23.2,11.2,bhubaneswar,20.2961,85.8245
2007-01-28,0.0,23.5,11.9,bhubaneswar,20.2961,85.8245
2007-01-29,0.0,23.8,12.6,bhubaneswar,20.2961,85.8245
2007-01-30,0.0,24.3,13.6,bhubaneswar,20.2961,85.8245
2007-01-31,0.0,25.1,13.8,bhubaneswar,20.2961,85.8245
2007-02-01,0.0,24.9,10.0,bhubaneswar,20.2961,85.8245
2007-02-02,0.0,24.1,12.9,bhubaneswar,20.2961,85.8245
2007-02-03,0.0,24.5,13.7,bhubaneswar,20.2961,85.8245
2007-02-04,0.0,25.5,16.5,bhubaneswar,20.2961,85.8245
2007-02-05,0.9,25.6,14.3,bhubaneswar,20.2961,85.8245
2007-02-06,0.0,26.0,15.5,bhubaneswar,20.2961,85.8245
2007-02-07,2.9,25.3,16.5,bhubaneswar,20.2961,85.8245
2007-02-08,0.3,25.2,19.7,bhubaneswar,20.2961,85.8245
2007-02-09,0.0,24.5,13.1,bhubaneswar,20.2961,85.8245
2007-02-10,0.0,23.9,14.8,bhubaneswar,20.2961,85.8245
2007-02-11,0.0,23.3,13.8,bhubaneswar,20.2961,85.8245
2007-02-12,0.0,24.1,13.3,bhubaneswar,20.2961,85.8245
2007-02-13,7.8,23.7,16.2,bhubaneswar,20.2961,85.8245
2007-02-14,0.1,22.7,12.0,bhubaneswar,20.2961,85.8245
2007-02-15,0.0,22.8,12.6,bhubaneswar,20.2961,85.8245
2007-02-16,2.0,22.1,13.7,bhubaneswar,20.2961,85.8245
2007-02-17,2.4,21.7,11.2,bhubaneswar,20.2961,85.8245
2007-02-18,0.0,22.7,7.6,bhubaneswar,20.2961,85.8245
2007-02-19,0.0,22.9,10.2,bhubaneswar,20.2961,85.8245
2007-02-20,0.0,23.1,8.9,bhubaneswar,20.2961,85.8245
2007-02-21,0.0,23.5,8.9,bhubaneswar,20.2961,85.8245
2007-02-22,0.0,23.7,11.3,bhubaneswar,20.2961,85.8245
2007-02-23,0.0,24.6,13.1,bhubaneswar,20.2961,85.8245
2007-02-24,0.0,25.4,13.3,bhubaneswar,20.2961,85.8245
2007-02-25,0.0,26.1,14.8,bhubaneswar,20.2961,85.8245
2007-02-26,0.0,25.9,13.5,bhubaneswar,20.2961,85.8245
2007-02-27,0.0,25.8,13.7,bhubaneswar,20.2961,85.8245
2007-02-28,0.0,25.7,15.3,bhubaneswar,20.2961,85.8245
2007-03-01,0.0,26.7,20.3,bhubaneswar,20.2961,85.8245
2007-03-02,1.0,26.9,15.8,bhubaneswar,20.2961,85.8245
2007-03-03,1.7,24.7,12.4,bhubaneswar,20.2961,85.8245
2007-03-04,0.0,25.8,15.0,bhubaneswar,20.2961,85.8245
2007-03-05,0.0,26.9,11.3,bhubaneswar,20.2961,85.8245
2007-03-06,0.0,26.3,13.2,bhubaneswar,20.2961,85.8245
2007-03-07,0.0,26.8,12.4,bhubaneswar,20.2961,85.8245
2007-03-08,0.0,27.4,16.6,bhubaneswar,20.2961,85.8245
2007-03-09,2.0,26.7,16.3,bhubaneswar,20.2961,85.8245
2007-03-10,2.2,26.5,12.9,bhubaneswar,20.2961,85.8245
2007-03-11,0.4,27.7,12.6,bhubaneswar,20.2961,85.8245
2007-03-12,0.2,27.4,12.3,bhubaneswar,20.2961,85.8245
2007-03-13,0.0,26.5,12.7,bhubaneswar,20.2961,85.8245
2007-03-14,0.0,26.6,13.0,bhubaneswar,20.2961,85.8245
2007-03-15,0.0,27.0,12.3,bhubaneswar,20.2961,85.8245
2007-03-16,0.0,26.1,14.2,bhubaneswar,20.2961,85.8245
2007-03-17,0.0,27.2,10.2,bhubaneswar,20.2961,85.8245
2007-03-18,0.0,28.0,13.7,bhubaneswar,20.2961,85.8245
2007-03-19,0.0,28.9,15.7,bhubaneswar,20.2961,85.8245
2007-03-20,0.0,29.2,14.9,bhubaneswar,20.2961,85.8245
2007-03-21,0.8,28.7,14.8,bhubaneswar,20.2961,85.8245
2007-03-22,0.0,29.2,15.0,bhubaneswar,20.2961,85.8245
2007-03-23,0.1,29.5,19.7,bhubaneswar,20.2961,85.8245
2007-03-24,0.0,30.2,12.3,bhubaneswar,20.2961,85.8245
2007-03-25,0.0,30.3,16.4,bhubaneswar,20.2961,85.8245
2007-03-26,0.0,30.0,16.2,bhubaneswar,20.2961,85.8245
2007-03-27,0.0,29.9,13.6,bhubaneswar,20.2961,85.8245
2007-03-28,0.0,29.2,16.9,bhubaneswar,20.2961,85.8245
2007-03-29,0.0,29.3,15.6,bhubaneswar,20.2961,85.8245
2007-03-30,0.0,29.0,17.3,bhubaneswar,20.2961,85.8245
2007-03-31,0.0,29.0,15.6,bhubaneswar,20.2961,85.8245
2007-04-01,0.0,29.9,16.8,bhubaneswar,20.2961,85.8245
2007-04-02,0.0,30.6,15.8,bhubaneswar,20.2961,85.8245
2007-04-03,0.0,30.5,19.6,bhubaneswar,20.2961,85.8245
2007-04-04,0.0,30.1,19.2,bhubaneswar,20.2961,85.8245
2007-04-05,0.0,29.7,20.2,bhubaneswar,20.2961,85.8245
2007-04-06,0.0,29.7,20.8,bhubaneswar,20.2961,85.8245
2007-04-07,0.0,29.6,20.2,bhubaneswar,20.2961,85.8245
2007-04-08,0.1,29.9,21.0,bhubaneswar,20.2961,85.8245
2007-04-09,0.0,29.8,16.6,bhubaneswar,20.2961,85.8245
2007-04-10,0.0,29.4,20.4,bhubaneswar,20.2961,85.8245
2007-04-11,0.2,29.9,19.2,bhubaneswar,20.2961,85.8245
2007-04-12,0.8,30.2,18.0,bhubaneswar,20.2961,85.8245
2007-04-13,0.1,29.7,17.9,bhubaneswar,20.2961,85.8245
2007-04-14,0.0,29.7,18.0,bhubaneswar,20.2961,85.8245
2007-04-15,1.3,29.1,15.3,bhubaneswar,20.2961,85.8245
2007-04-16,0.5,29.3,16.7,bhubaneswar,20.2961,85.8245
2007-04-17,0.3,29.5,15.9,bhubaneswar,20.2961,85.8245
2007-04-18,0.1,29.5,16.6,bhubaneswar,20.2961,85.8245
2007-04-19,0.0,29.7,17.0,bhubaneswar,20.2961,85.8245
2007-04-20,0.4,30.2,17.1,bhubaneswar,20.2961,85.8245
2007-04-21,2.1,30.5,15.5,bhubaneswar,20.2961,85.8245
2007-04-22,0.8,31.6,16.8,bhubaneswar,20.2961,85.8245
2007-04-23,1.1,31.9,15.0,bhubaneswar,20.2961,85.8245
2007-04-24,0.1,31.5,18.9,bhubaneswar,20.2961,85.8245
2007-04-25,0.0,31.2,20.5,bhubaneswar,20.2961,85.8245
2007-04-26,0.0,30.8,23.4,bhubaneswar,20.2961,85.8245
2007-04-27,0.0,30.5,25.1,bhubaneswar,20.2961,85.8245
2007-04-28,0.0,31.2,17.3,bhubaneswar,20.2961,85.8245
2007-04-29,3.1,30.8,17.5,bhubaneswar,20.2961,85.8245
2007-04-30,1.2,30.2,12.8,bhubaneswar,20.2961,85.8245
2007-05-01,0.3,30.7,18.5,bhubaneswar,20.2961,85.8245
2007-05-02,0.0,30.5,16.2,bhubaneswar,20.2961,85.8245
2007-05-03,0.1,30.5,15.5,bhubaneswar,20.2961,85.8245
2007-05-04,0.1,30.6,14.8,bhubaneswar,20.2961,85.8245
2007-05-05,0.2,30.7,17.5,bhubaneswar,20.2961,85.8245
2007-05-06,3.6,30.5,17.4,bhubaneswar,20.2961,85.8245
2007-05-07,21.4,28.3,13.0,bhubaneswar,20.2961,85.8245
2007-05-08,0.6,29.3,10.7,bhubaneswar,20.2961,85.8245
2007-05-09,2.8,28.8,13.1,bhubaneswar,20.2961,85.8245
2007-05-10,0.2,30.2,13.8,bhubaneswar,20.2961,85.8245
2007-05-11,0.1,31.0,12.1,bhubaneswar,20.2961,85.8245
2007-05-12,0.6,30.8,12.2,bhubaneswar,20.2961,85.8245
2007-05-13,0.2,30.8,10.2,bhubaneswar,20.2961,85.8245
2007-05-14,2.3,30.6,13.4,bhubaneswar,20.2961,85.8245
2007-05-15,4.3,31.0,11.0,bhubaneswar,20.2961,85.8245
2007-05-16,3.7,31.0,11.0,bhubaneswar,20.2961,85.8245
2007-05-17,6.8,30.0,12.4,bhubaneswar,20.2961,85.8245
2007-05-18,6.2,29.6,15.4,bhubaneswar,20.2961,85.8245
2007-05-19,1.4,29.9,13.7,bhubaneswar,20.2961,85.8245
2007-05-20,0.0,32.0,12.3,bhubaneswar,20.2961,85.8245
2007-05-21,0.2,33.3,15.9,bhubaneswar,20.2961,85.8245
2007-05-22,1.3,33.0,11.7,bhubaneswar,20.2961,85.8245
2007-05-23,0.9,33.0,13.4,bhubaneswar,20.2961,85.8245
2007-05-24,0.8,33.0,14.8,bhubaneswar,20.2961,85.8245
2007-05-25,0.0,32.9,15.5,bhubaneswar,20.2961,85.8245
2007-05-26,0.0,32.8,18.7,bhubaneswar,20.2961,85.8245
2007-05-27,0.0,32.7,18.9,bhubaneswar,20.2961,85.8245
2007-05-28,0.1,32.6,13.6,bhubaneswar,20.2961,85.8245
2007-05-29,1.6,32.7,10.2,bhubaneswar,20.2961,85.8245
2007-05-30,6.9,31.8,12.7,bhubaneswar,20.2961,85.8245
2007-05-31,0.0,32.5,16.5,bhubaneswar,20.2961,85.8245
2007-06-01,0.0,32.4,17.7,bhubaneswar,20.2961,85.8245
2007-06-02,0.0,32.8,18.9,bhubaneswar,20.2961,85.8245
2007-06-03,0.0,32.5,21.6,bhubaneswar,20.2961,85.8245
2007-06-04,2.3,32.0,22.5,bhubaneswar,20.2961,85.8245
2007-06-05,0.2,31.6,21.5,bhubaneswar,20.2961,85.8245
2007-06-06,0.0,32.1,18.5,bhubaneswar,20.2961,85.8245
2007-06-07,0.0,32.0,21.0,bhubaneswar,20.2961,85.8245
2007-06-08,0.2,31.7,23.0,bhubaneswar,20.2961,85.8245
2007-06-09,0.1,31.7,20.2,bhubaneswar,20.2961,85.8245
2007-06-10,3.1,31.0,17.9,bhubaneswar,20.2961,85.8245
2007-06-11,0.0,31.7,15.3,bhubaneswar,20.2961,85.8245
2007-06-12,0.2,32.1,18.3,bhubaneswar,20.2961,85.8245
2007-06-13,13.2,29.7,13.2,bhubaneswar,20.2961,85.8245
2007-06-14,33.3,28.6,16.9,bhubaneswar,20.2961,85.8245
2007-06-15,0.8,30.2,18.5,bhubaneswar,20.2961,85.8245
2007-06-16,0.0,30.7,18.2,bhubaneswar,20.2961,85.8245
2007-06-17,0.0,31.2,17.0,bhubaneswar,20.2961,85.8245
2007-06-18,0.4,31.0,12.2,bhubaneswar,20.2961,85.8245
2007-06-19,9.3,30.1,9.3,bhubaneswar,20.2961,85.8245
2007-06-20,8.7,29.3,15.0,bhubaneswar,20.2961,85.8245
2007-06-21,7.7,27.9,25.5,bhubaneswar,20.2961,85.8245
2007-06-22,11.7,27.4,20.8,bhubaneswar,20.2961,85.8245
2007-06-23,17.1,26.6,14.6,bhubaneswar,20.2961,85.8245
2007-06-24,9.2,27.2,12.8,bhubaneswar,20.2961,85.8245
2007-06-25,11.6,27.6,12.5,bhubaneswar,20.2961,85.8245
2007-06-26,10.7,27.6,17.4,bhubaneswar,20.2961,85.8245
2007-06-27,10.1,28.8,21.8,bhubaneswar,20.2961,85.8245
2007-06-28,27.5,27.1,26.1,bhubaneswar,20.2961,85.8245
2007-06-29,29.0,26.8,28.6,bhubaneswar,20.2961,85.8245
2007-06-30,1.2,28.6,21.7,bhubaneswar,20.2961,85.8245
2007-07-01,4.3,28.3,13.6,bhubaneswar,20.2961,85.8245
2007-07-02,7.3,28.6,15.8,bhubaneswar,20.2961,85.8245
2007-07-03,0.8,29.6,13.7,bhubaneswar,20.2961,85.8245
2007-07-04,19.8,27.9,12.9,bhubaneswar,20.2961,85.8245
2007-07-05,32.5,26.8,17.9,bhubaneswar,20.2961,85.8245
2007-07-06,26.2,26.7,20.6,bhubaneswar,20.2961,85.8245
2007-07-07,4.0,28.6,22.6,bhubaneswar,20.2961,85.8245
2007-07-08,0.9,28.7,14.4,bhubaneswar,20.2961,85.8245
2007-07-09,0.0,29.4,13.0,bhubaneswar,20.2961,85.8245
2007-07-10,2.0,29.5,11.3,bhubaneswar,20.2961,85.8245
2007-07-11,10.0,29.2,15.4,bhubaneswar,20.2961,85.8245
2007-07-12,20.0,28.6,13.7,bhubaneswar,20.2961,85.8245
2007-07-13,13.0,28.4,12.5,bhubaneswar,20.2961,85.8245
2007-07-14,21.0,27.5,11.3,bhubaneswar,20.2961,85.8245
2007-07-15,18.8,26.7,12.3,bhubaneswar,20.2961,85.8245
2007-07-16,13.6,28.0,14.9,bhubaneswar,20.2961,85.8245
2007-07-17,2.0,28.6,16.8,bhubaneswar,20.2961,85.8245
2007-07-18,10.3,28.6,15.0,bhubaneswar,20.2961,85.8245
2007-07-19,5.1,28.7,15.9,bhubaneswar,20.2961,85.8245
2007-07-20,9.4,28.3,16.1,bhubaneswar,20.2961,85.8245
2007-07-21,8.7,27.4,11.8,bhubaneswar,20.2961,85.8245
2007-07-22,23.1,27.4,11.8,bhubaneswar,20.2961,85.8245
2007-07-23,6.7,27.2,13.8,bhubaneswar,20.2961,85.8245
2007-07-24,4.9,27.6,15.0,bhubaneswar,20.2961,85.8245
2007-07-25,0.9,27.7,15.9,bhubaneswar,20.2961,85.8245
2007-07-26,9.2,27.6,14.4,bhubaneswar,20.2961,85.8245
2007-07-27,8.4,27.8,15.0,bhubaneswar,20.2961,85.8245
2007-07-28,3.7,27.3,13.5,bhubaneswar,20.2961,85.8245
2007-07-29,6.0,27.9,12.1,bhubaneswar,20.2961,85.8245
2007-07-30,3.7,27.9,12.0,bhubaneswar,20.2961,85.8245
2007-07-31,5.0,28.0,12.3,bhubaneswar,20.2961,85.8245
2007-08-01,2.9,28.3,12.2,bhubaneswar,20.2961,85.8245
2007-08-02,4.5,27.9,9.6,bhubaneswar,20.2961,85.8245
2007-08-03,14.7,27.7,11.0,bhubaneswar,20.2961,85.8245
2007-08-04,19.3,27.4,11.7,bhubaneswar,20.2961,85.8245
2007-08-05,83.9,26.4,27.7,bhubaneswar,20.2961,85.8245
2007-08-06,52.7,26.1,31.0,bhubaneswar,20.2961,85.8245
2007-08-07,1.3,28.5,25.5,bhubaneswar,20.2961,85.8245
2007-08-08,6.7,28.2,12.2,bhubaneswar,20.2961,85.8245
2007-08-09,18.1,27.6,9.9,bhubaneswar,20.2961,85.8245
2007-08-10,12.4,27.9,15.1,bhubaneswar,20.2961,85.8245
2007-08-11,30.6,28.0,16.3,bhubaneswar,20.2961,85.8245
2007-08-12,92.0,25.9,15.9,bhubaneswar,20.2961,85.8245
2007-08-13,8.9,26.5,15.6,bhubaneswar,20.2961,85.8245
2007-08-14,0.3,28.6,14.0,bhubaneswar,20.2961,85.8245
2007-08-15,0.0,29.2,14.4,bhubaneswar,20.2961,85.8245
2007-08-16,4.9,28.9,13.3,bhubaneswar,20.2961,85.8245
2007-08-17,8.2,27.4,12.0,bhubaneswar,20.2961,85.8245
2007-08-18,12.1,27.1,14.8,bhubaneswar,20.2961,85.8245
2007-08-19,11.7,26.5,14.3,bhubaneswar,20.2961,85.8245
2007-08-20,3.0,28.0,13.4,bhubaneswar,20.2961,85.8245
2007-08-21,1.8,27.7,12.0,bhubaneswar,20.2961,85.8245
2007-08-22,5.7,28.1,12.7,bhubaneswar,20.2961,85.8245
2007-08-23,9.5,28.3,8.7,bhubaneswar,20.2961,85.8245
2007-08-24,5.5,27.8,14.2,bhubaneswar,20.2961,85.8245
2007-08-25,10.5,27.5,12.0,bhubaneswar,20.2961,85.8245
2007-08-26,12.4,27.6,14.5,bhubaneswar,20.2961,85.8245
2007-08-27,15.2,27.3,13.6,bhubaneswar,20.2961,85.8245
2007-08-28,14.0,27.0,11.9,bhubaneswar,20.2961,85.8245
2007-08-29,5.8,27.5,12.3,bhubaneswar,20.2961,85.8245
2007-08-30,4.5,27.8,10.9,bhubaneswar,20.2961,85.8245
2007-08-31,5.8,27.9,8.9,bhubaneswar,20.2961,85.8245
2007-09-01,12.8,27.3,11.2,bhubaneswar,20.2961,85.8245
2007-09-02,5.2,27.7,13.0,bhubaneswar,20.2961,85.8245
2007-09-03,5.7,28.0,12.4,bhubaneswar,20.2961,85.8245
2007-09-04,14.0,27.8,10.3,bhubaneswar,20.2961,85.8245
2007-09-05,14.6,27.2,11.5,bhubaneswar,20.2961,85.8245
2007-09-06,14.1,27.0,14.2,bhubaneswar,20.2961,85.8245
2007-09-07,12.7,28.0,17.2,bhubaneswar,20.2961,85.8245
2007-09-08,9.2,27.9,12.0,bhubaneswar,20.2961,85.8245
2007-09-09,10.1,27.5,12.9,bhubaneswar,20.2961,85.8245
2007-09-10,11.7,27.8,13.5,bhubaneswar,20.2961,85.8245
2007-09-11,4.6,27.8,8.5,bhubaneswar,20.2961,85.8245
2007-09-12,5.9,28.4,9.7,bhubaneswar,20.2961,85.8245
2007-09-13,13.2,27.6,8.4,bhubaneswar,20.2961,85.8245
2007-09-14,20.1,26.9,12.0,bhubaneswar,20.2961,85.8245
2007-09-15,6.6,27.1,12.7,bhubaneswar,20.2961,85.8245
2007-09-16,8.6,27.3,10.2,bhubaneswar,20.2961,85.8245
2007-09-17,6.0,27.4,13.0,bhubaneswar,20.2961,85.8245
2007-09-18,16.3,26.8,11.4,bhubaneswar,20.2961,85.8245
2007-09-19,11.4,27.0,13.5,bhubaneswar,20.2961,85.8245
2007-09-20,23.1,26.1,16.5,bhubaneswar,20.2961,85.8245
2007-09-21,17.8,25.4,21.7,bhubaneswar,20.2961,85.8245
2007-09-22,46.7,25.0,20.7,bhubaneswar,20.2961,85.8245
2007-09-23,27.5,26.3,26.2,bhubaneswar,20.2961,85.8245
2007-09-24,5.0,27.9,21.5,bhubaneswar,20.2961,85.8245
2007-09-25,13.5,27.5,15.9,bhubaneswar,20.2961,85.8245
2007-09-26,23.2,25.8,14.0,bhubaneswar,20.2961,85.8245
2007-09-27,18.4,26.4,9.4,bhubaneswar,20.2961,85.8245
2007-09-28,7.9,26.9,10.6,bhubaneswar,20.2961,85.8245
2007-09-29,8.4,27.0,8.9,bhubaneswar,20.2961,85.8245
2007-09-30,5.6,27.2,8.8,bhubaneswar,20.2961,85.8245
2007-10-01,1.6,27.1,7.9,bhubaneswar,20.2961,85.8245
2007-10-02,9.3,26.7,8.2,bhubaneswar,20.2961,85.8245
2007-10-03,15.0,26.6,11.3,bhubaneswar,20.2961,85.8245
2007-10-04,10.8,26.6,12.4,bhubaneswar,20.2961,85.8245
2007-10-05,5.1,26.7,12.3,bhubaneswar,20.2961,85.8245
2007-10-06,6.6,26.9,9.7,bhubaneswar,20.2961,85.8245
2007-10-07,6.4,27.6,10.2,bhubaneswar,20.2961,85.8245
2007-10-08,0.0,27.2,12.5,bhubaneswar,20.2961,85.8245
2007-10-09,0.0,27.6,8.4,bhubaneswar,20.2961,85.8245
2007-10-10,0.0,27.7,8.0,bhubaneswar,20.2961,85.8245
2007-10-11,0.0,27.4,7.6,bhubaneswar,20.2961,85.8245
2007-10-12,0.0,26.8,8.3,bhubaneswar,20.2961,85.8245
2007-10-13,0.0,26.4,8.2,bhubaneswar,20.2961,85.8245
2007-10-14,0.0,26.6,8.7,bhubaneswar,20.2961,85.8245
2007-10-15,0.7,26.7,12.6,bhubaneswar,20.2961,85.8245
2007-10-16,3.4,26.4,8.2,bhubaneswar,20.2961,85.8245
2007-10-17,6.3,25.9,8.8,bhubaneswar,20.2961,85.8245
2007-10-18,18.4,25.4,5.8,bhubaneswar,20.2961,85.8245
2007-10-19,1.1,26.3,8.0,bhubaneswar,20.2961,85.8245
2007-10-20,2.5,26.4,5.4,bhubaneswar,20.2961,85.8245
2007-10-21,0.3,26.2,6.9,bhubaneswar,20.2961,85.8245
2007-10-22,0.0,25.3,7.6,bhubaneswar,20.2961,85.8245
2007-10-23,0.0,25.3,8.1,bhubaneswar,20.2961,85.8245
2007-10-24,0.0,24.7,11.5,bhubaneswar,20.2961,85.8245
2007-10-25,0.0,24.5,10.4,bhubaneswar,20.2961,85.8245
2007-10-26,0.0,24.5,10.7,bhubaneswar,20.2961,85.8245
2007-10-27,0.0,25.0,8.7,bhubaneswar,20.2961,85.8245
2007-10-28,0.0,25.0,8.0,bhubaneswar,20.2961,85.8245
2007-10-29,0.0,24.9,12.2,bhubaneswar,20.2961,85.8245
2007-10-30,9.0,24.8,24.0,bhubaneswar,20.2961,85.8245
2007-10-31,1.2,25.9,9.4,bhubaneswar,20.2961,85.8245
2007-11-01,0.5,26.1,8.2,bhubaneswar,20.2961,85.8245
2007-11-02,0.4,26.6,7.9,bhubaneswar,20.2961,85.8245
2007-11-03,2.0,26.2,5.7,bhubaneswar,20.2961,85.8245
2007-11-04,0.7,26.1,6.9,bhubaneswar,20.2961,85.8245
2007-11-05,0.5,25.6,8.2,bhubaneswar,20.2961,85.8245
2007-11-06,0.3,25.9,7.7,bhubaneswar,20.2961,85.8245
2007-11-07,1.3,25.2,9.2,bhubaneswar,20.2961,85.8245
2007-11-08,0.0,25.2,7.6,bhubaneswar,20.2961,85.8245
2007-11-09,0.0,25.1,8.4,bhubaneswar,20.2961,85.8245
2007-11-10,0.5,25.1,9.0,bhubaneswar,20.2961,85.8245
2007-11-11,0.0,24.5,11.4,bhubaneswar,20.2961,85.8245
2007-11-12,0.0,23.8,12.4,bhubaneswar,20.2961,85.8245
2007-11-13,0.0,23.2,14.0,bhubaneswar,20.2961,85.8245
2007-11-14,0.0,23.1,17.4,bhubaneswar,20.2961,85.8245
2007-11-15,0.0,22.8,24.9,bhubaneswar,20.2961,85.8245
2007-11-16,0.0,23.7,7.9,bhubaneswar,20.2961,85.8245
2007-11-17,0.0,23.7,8.9,bhubaneswar,20.2961,85.8245
2007-11-18,0.0,23.4,12.1,bhubaneswar,20.2961,85.8245
2007-11-19,0.0,23.6,11.8,bhubaneswar,20.2961,85.8245
2007-11-20,0.0,23.3,8.7,bhubaneswar,20.2961,85.8245
2007-11-21,0.0,22.1,8.7,bhubaneswar,20.2961,85.8245
2007-11-22,0.0,21.7,11.8,bhubaneswar,20.2961,85.8245
2007-11-23,0.0,21.7,14.7,bhubaneswar,20.2961,85.8245
2007-11-24,0.0,22.1,11.7,bhubaneswar,20.2961,85.8245
2007-11-25,0.0,23.1,10.7,bhubaneswar,20.2961,85.8245
2007-11-26,0.0,23.7,8.0,bhubaneswar,20.2961,85.8245
2007-11-27,0.0,23.8,7.8,bhubaneswar,20.2961,85.8245
2007-11-28,0.0,22.8,7.1,bhubaneswar,20.2961,85.8245
2007-11-29,0.0,22.7,9.7,bhubaneswar,20.2961,85.8245
2007-11-30,0.0,23.1,7.7,bhubaneswar,20.2961,85.8245
2007-12-01,0.0,22.9,7.7,bhubaneswar,20.2961,85.8245
2007-12-02,0.0,23.1,7.8,bhubaneswar,20.2961,85.8245
2007-12-03,0.0,22.7,8.0,bhubaneswar,20.2961,85.8245
2007-12-04,0.0,22.4,9.5,bhubaneswar,20.2961,85.8245
2007-12-05,0.0,21.2,15.3,bhubaneswar,20.2961,85.8245
2007-12-06,0.0,21.2,12.9,bhubaneswar,20.2961,85.8245
2007-12-07,0.0,20.8,10.0,bhubaneswar,20.2961,85.8245
2007-12-08,0.0,21.4,8.8,bhubaneswar,20.2961,85.8245
2007-12-09,0.0,21.8,8.7,bhubaneswar,20.2961,85.8245
2007-12-10,0.0,22.1,7.9,bhubaneswar,20.2961,85.8245
2007-12-11,0.0,21.7,8.8,bhubaneswar,20.2961,85.8245
2007-12-12,0.0,21.4,8.7,bhubaneswar,20.2961,85.8245
2007-12-13,0.0,21.4,9.7,bhubaneswar,20.2961,85.8245
2007-12-14,0.0,22.9,11.6,bhubaneswar,20.2961,85.8245
2007-12-15,0.0,22.2,14.6,bhubaneswar,20.2961,85.8245
2007-12-16,0.0,22.5,15.6,bhubaneswar,20.2961,85.8245
2007-12-17,0.0,21.2,15.5,bhubaneswar,20.2961,85.8245
2007-12-18,0.0,19.8,16.0,bhubaneswar,20.2961,85.8245
2007-12-19,0.0,20.1,12.8,bhubaneswar,20.2961,85.8245
2007-12-20,0.0,21.7,9.4,bhubaneswar,20.2961,85.8245
2007-12-21,0.0,22.1,9.2,bhubaneswar,20.2961,85.8245
2007-12-22,0.0,21.0,10.7,bhubaneswar,20.2961,85.8245
2007-12-23,0.0,21.2,10.0,bhubaneswar,20.2961,85.8245
2007-12-24,0.0,20.2,8.4,bhubaneswar,20.2961,85.8245
2007-12-25,0.0,21.5,9.2,bhubaneswar,20.2961,85.8245
2007-12-26,0.0,22.3,8.1,bhubaneswar,20.2961,85.8245
2007-12-27,0.0,22.5,8.4,bhubaneswar,20.2961,85.8245
2007-12-28,0.0,22.9,9.7,bhubaneswar,20.2961,85.8245
2007-12-29,0.0,22.5,9.2,bhubaneswar,20.2961,85.8245
2007-12-30,0.0,21.0,9.1,bhubaneswar,20.2961,85.8245
2007-12-31,0.0,19.7,10.5,bhubaneswar,20.2961,85.8245
2008-01-01,0.0,18.8,12.0,bhubaneswar,20.2961,85.8245
2008-01-02,0.0,18.6,13.3,bhubaneswar,20.2961,85.8245
2008-01-03,0.0,19.6,10.9,bhubaneswar,20.2961,85.8245
2008-01-04,0.0,20.8,9.5,bhubaneswar,20.2961,85.8245
2008-01-05,0.0,21.9,8.4,bhubaneswar,20.2961,85.8245
2008-01-06,0.0,21.8,8.9,bhubaneswar,20.2961,85.8245
2008-01-07,0.0,21.2,10.4,bhubaneswar,20.2961,85.8245
2008-01-08,0.0,21.3,10.0,bhubaneswar,20.2961,85.8245
2008-01-09,0.0,21.8,9.6,bhubaneswar,20.2961,85.8245
2008-01-10,0.0,22.6,9.7,bhubaneswar,20.2961,85.8245
2008-01-11,0.0,23.0,9.2,bhubaneswar,20.2961,85.8245
2008-01-12,0.0,23.4,9.5,bhubaneswar,20.2961,85.8245
2008-01-13,0.0,22.9,10.2,bhubaneswar,20.2961,85.8245
2008-01-14,0.0,22.2,8.9,bhubaneswar,20.2961,85.8245
2008-01-15,0.0,22.1,9.7,bhubaneswar,20.2961,85.8245
2008-01-16,0.0,21.7,8.1,bhubaneswar,20.2961,85.8245
2008-01-17,0.0,21.9,9.1,bhubaneswar,20.2961,85.8245
2008-01-18,0.0,22.6,10.5,bhubaneswar,20.2961,85.8245
2008-01-19,0.0,23.2,12.5,bhubaneswar,20.2961,85.8245
2008-01-20,0.0,23.8,13.5,bhubaneswar,20.2961,85.8245
2008-01-21,0.0,24.1,9.7,bhubaneswar,20.2961,85.8245
2008-01-22,0.0,23.3,13.2,bhubaneswar,20.2961,85.8245
2008-01-23,0.0,23.3,13.8,bhubaneswar,20.2961,85.8245
2008-01-24,1.1,23.5,11.9,bhubaneswar,20.2961,85.8245
2008-01-25,4.5,22.5,12.0,bhubaneswar,20.2961,85.8245
2008-01-26,7.6,19.7,15.2,bhubaneswar,20.2961,85.8245
2008-01-27,0.3,19.3,13.5,bhubaneswar,20.2961,85.8245
2008-01-28,0.0,19.6,8.1,bhubaneswar,20.2961,85.8245
2008-01-29,0.0,21.2,10.6,bhubaneswar,20.2961,85.8245
2008-01-30,3.8,22.8,21.6,bhubaneswar,20.2961,85.8245
2008-01-31,0.0,19.8,17.5,bhubaneswar,20.2961,85.8245
2008-02-01,0.0,19.7,15.8,bhubaneswar,20.2961,85.8245
2008-02-02,0.0,19.4,12.8,bhubaneswar,20.2961,85.8245
2008-02-03,0.0,19.9,10.9,bhubaneswar,20.2961,85.8245
2008-02-04,0.0,21.5,11.1,bhubaneswar,20.2961,85.8245
2008-02-05,0.0,21.6,6.5,bhubaneswar,20.2961,85.8245
2008-02-06,0.0,22.8,9.2,bhubaneswar,20.2961,85.8245
2008-02-07,0.0,22.7,10.7,bhubaneswar,20.2961,85.8245
2008-02-08,0.1,24.3,16.2,bhubaneswar,20.2961,85.8245
2008-02-09,20.5,24.1,11.8,bhubaneswar,20.2961,85.8245
2008-02-10,2.2,21.5,12.4,bhubaneswar,20.2961,85.8245
2008-02-11,0.0,22.2,9.5,bhubaneswar,20.2961,85.8245
2008-02-12,0.0,22.0,9.0,bhubaneswar,20.2961,85.8245
2008-02-13,0.0,22.0,10.4,bhubaneswar,20.2961,85.8245
2008-02-14,0.0,21.3,10.2,bhubaneswar,20.2961,85.8245
2008-02-15,0.0,20.9,9.2,bhubaneswar,20.2961,85.8245
2008-02-16,0.0,22.2,9.5,bhubaneswar,20.2961,85.8245
2008-02-17,0.0,23.7,10.7,bhubaneswar,20.2961,85.8245
2008-02-18,0.0,24.7,14.4,bhubaneswar,20.2961,85.8245
2008-02-19,0.9,25.1,19.1,bhubaneswar,20.2961,85.8245
2008-02-20,0.6,24.9,15.0,bhubaneswar,20.2961,85.8245
2008-02-21,0.0,22.4,13.0,bhubaneswar,20.2961,85.8245
2008-02-22,0.0,22.8,10.2,bhubaneswar,20.2961,85.8245
2008-02-23,0.0,22.9,10.0,bhubaneswar,20.2961,85.8245
2008-02-24,0.0,24.3,13.7,bhubaneswar,20.2961,85.8245
2008-02-25,0.0,25.9,12.6,bhubaneswar,20.2961,85.8245
2008-02-26,0.0,25.9,11.8,bhubaneswar,20.2961,85.8245
2008-02-27,0.0,25.1,12.9,bhubaneswar,20.2961,85.8245
2008-02-28,0.0,24.9,11.4,bhubaneswar,20.2961,85.8245
2008-02-29,0.0,25.1,13.7,bhubaneswar,20.2961,85.8245
2008-03-01,0.0,26.2,10.4,bhubaneswar,20.2961,85.8245
2008-03-02,0.0,26.7,13.3,bhubaneswar,20.2961,85.8245
2008-03-03,0.0,26.3,15.9,bhubaneswar,20.2961,85.8245
2008-03-04,0.0,27.0,20.0,bhubaneswar,20.2961,85.8245
2008-03-05,0.0,27.1,13.5,bhubaneswar,20.2961,85.8245
2008-03-06,0.0,27.6,12.0,bhubaneswar,20.2961,85.8245
2008-03-07,0.0,27.0,13.6,bhubaneswar,20.2961,85.8245
2008-03-08,0.0,27.3,16.4,bhubaneswar,20.2961,85.8245
2008-03-09,0.0,28.6,11.2,bhubaneswar,20.2961,85.8245
2008-03-10,0.0,28.1,13.9,bhubaneswar,20.2961,85.8245
2008-03-11,0.0,27.7,14.6,bhubaneswar,20.2961,85.8245
2008-03-12,0.0,28.4,15.0,bhubaneswar,20.2961,85.8245
2008-03-13,0.0,28.1,15.5,bhubaneswar,20.2961,85.8245
2008-03-14,0.0,28.1,10.1,bhubaneswar,20.2961,85.8245
2008-03-15,0.0,27.9,13.7,bhubaneswar,20.2961,85.8245
2008-03-16,0.0,27.5,13.8,bhubaneswar,20.2961,85.8245
2008-03-17,0.0,28.7,15.9,bhubaneswar,20.2961,85.8245
2008-03-18,0.0,29.0,17.7,bhubaneswar,20.2961,85.8245
2008-03-19,0.7,29.4,13.0,bhubaneswar,20.2961,85.8245
2008-03-20,3.9,29.0,16.2,bhubaneswar,20.2961,85.8245
2008-03-21,0.2,28.6,13.4,bhubaneswar,20.2961,85.8245
2008-03-22,1.9,29.3,13.6,bhubaneswar,20.2961,85.8245
2008-03-23,4.0,27.0,9.1,bhubaneswar,20.2961,85.8245
2008-03-24,7.8,23.5,12.9,bhubaneswar,20.2961,85.8245
2008-03-25,7.5,25.4,11.9,bhubaneswar,20.2961,85.8245
2008-03-26,0.0,28.0,13.1,bhubaneswar,20.2961,85.8245
2008-03-27,0.8,28.7,12.4,bhubaneswar,20.2961,85.8245
2008-03-28,4.3,28.8,14.4,bhubaneswar,20.2961,85.8245
2008-03-29,0.8,28.4,14.2,bhubaneswar,20.2961,85.8245
2008-03-30,0.3,28.5,15.1,bhubaneswar,20.2961,85.8245
2008-03-31,0.5,27.8,12.1,bhubaneswar,20.2961,85.8245
2008-04-01,0.4,27.2,10.0,bhubaneswar,20.2961,85.8245
2008-04-02,0.3,28.7,15.3,bhubaneswar,20.2961,85.8245
2008-04-03,10.1,28.6,15.7,bhubaneswar,20.2961,85.8245
2008-04-04,5.6,25.9,8.4,bhubaneswar,20.2961,85.8245
2008-04-05,1.4,26.3,7.6,bhubaneswar,20.2961,85.8245
2008-04-06,0.0,27.7,7.6,bhubaneswar,20.2961,85.8245
2008-04-07,0.3,28.0,10.6,bhubaneswar,20.2961,85.8245
2008-04-08,0.0,28.8,12.7,bhubaneswar,20.2961,85.8245
2008-04-09,0.0,29.0,11.2,bhubaneswar,20.2961,85.8245
2008-04-10,0.0,30.0,11.0,bhubaneswar,20.2961,85.8245
2008-04-11,0.0,30.8,13.3,bhubaneswar,20.2961,85.8245
2008-04-12,0.0,30.9,13.8,bhubaneswar,20.2961,85.8245
2008-04-13,0.7,31.2,16.7,bhubaneswar,20.2961,85.8245
2008-04-14,0.0,30.0,18.7,bhubaneswar,20.2961,85.8245
2008-04-15,0.0,30.0,19.3,bhubaneswar,20.2961,85.8245
2008-04-16,0.0,30.7,18.6,bhubaneswar,20.2961,85.8245
2008-04-17,0.0,31.6,18.4,bhubaneswar,20.2961,85.8245
2008-04-18,0.0,32.2,14.2,bhubaneswar,20.2961,85.8245
2008-04-19,0.0,32.2,12.7,bhubaneswar,20.2961,85.8245
2008-04-20,0.0,31.6,14.8,bhubaneswar,20.2961,85.8245
2008-04-21,0.0,31.5,13.5,bhubaneswar,20.2961,85.8245
2008-04-22,0.0,31.6,17.3,bhubaneswar,20.2961,85.8245
2008-04-23,0.0,31.0,18.0,bhubaneswar,20.2961,85.8245
2008-04-24,0.0,30.4,16.5,bhubaneswar,20.2961,85.8245
2008-04-25,0.0,30.4,18.0,bhubaneswar,20.2961,85.8245
2008-04-26,0.0,30.3,17.0,bhubaneswar,20.2961,85.8245
2008-04-27,0.0,30.4,18.8,bhubaneswar,20.2961,85.8245
2008-04-28,0.0,30.6,19.5,bhubaneswar,20.2961,85.8245
2008-04-29,0.0,30.3,16.9,bhubaneswar,20.2961,85.8245
2008-04-30,0.0,30.3,15.1,bhubaneswar,20.2961,85.8245
2008-05-01,0.0,31.2,16.6,bhubaneswar,20.2961,85.8245
2008-05-02,0.1,32.7,17.0,bhubaneswar,20.2961,85.8245
2008-05-03,0.0,33.5,15.2,bhubaneswar,20.2961,85.8245
2008-05-04,0.0,33.0,14.2,bhubaneswar,20.2961,85.8245
2008-05-05,0.0,32.1,15.0,bhubaneswar,20.2961,85.8245
2008-05-06,0.0,32.0,14.5,bhubaneswar,20.2961,85.8245
2008-05-07,0.0,31.5,18.1,bhubaneswar,20.2961,85.8245
2008-05-08,1.3,31.7,15.2,bhubaneswar,20.2961,85.8245
2008-05-09,1.3,31.8,14.2,bhubaneswar,20.2961,85.8245
2008-05-10,1.2,32.1,14.0,bhubaneswar,20.2961,85.8245
2008-05-11,0.0,31.7,16.5,bhubaneswar,20.2961,85.8245
2008-05-12,2.5,30.9,17.4,bhubaneswar,20.2961,85.8245
2008-05-13,0.4,31.2,12.6,bhubaneswar,20.2961,85.8245
2008-05-14,1.6,31.9,15.6,bhubaneswar,20.2961,85.8245
2008-05-15,7.4,31.6,8.7,bhubaneswar,20.2961,85.8245
2008-05-16,0.6,32.3,11.9,bhubaneswar,20.2961,85.8245
2008-05-17,0.5,33.4,12.6,bhubaneswar,20.2961,85.8245
2008-05-18,0.3,33.7,13.0,bhubaneswar,20.2961,85.8245
2008-05-19,0.0,32.8,15.3,bhubaneswar,20.2961,85.8245
2008-05-20,0.0,32.6,15.4,bhubaneswar,20.2961,85.8245
2008-05-21,0.0,32.6,14.8,bhubaneswar,20.2961,85.8245
2008-05-22,0.2,32.7,16.9,bhubaneswar,20.2961,85.8245
2008-05-23,0.0,31.7,16.2,bhubaneswar,20.2961,85.8245
2008-05-24,0.2,32.5,13.1,bhubaneswar,20.2961,85.8245
2008-05-25,0.4,32.5,11.7,bhubaneswar,20.2961,85.8245
2008-05-26,0.0,32.4,17.2,bhubaneswar,20.2961,85.8245
2008-05-27,1.6,32.3,15.6,bhubaneswar,20.2961,85.8245
2008-05-28,1.0,32.5,15.5,bhubaneswar,20.2961,85.8245
2008-05-29,0.0,32.4,20.0,bhubaneswar,20.2961,85.8245
2008-05-30,0.0,32.5,15.9,bhubaneswar,20.2961,85.8245
2008-05-31,0.0,31.8,18.7,bhubaneswar,20.2961,85.8245
2008-06-01,0.0,31.6,18.1,bhubaneswar,20.2961,85.8245
2008-06-02,8.2,31.2,16.0,bhubaneswar,20.2961,85.8245
2008-06-03,0.2,31.2,17.5,bhubaneswar,20.2961,85.8245
2008-06-04,9.5,30.3,14.8,bhubaneswar,20.2961,85.8245
2008-06-05,13.7,30.2,16.9,bhubaneswar,20.2961,85.8245
2008-06-06,2.8,29.5,14.6,bhubaneswar,20.2961,85.8245
2008-06-07,6.7,28.7,10.0,bhubaneswar,20.2961,85.8245
2008-06-08,21.8,28.1,14.2,bhubaneswar,20.2961,85.8245
2008-06-09,17.9,27.6,10.7,bhubaneswar,20.2961,85.8245
2008-06-10,12.2,27.4,8.7,bhubaneswar,20.2961,85.8245
2008-06-11,5.6,28.5,13.1,bhubaneswar,20.2961,85.8245
2008-06-12,1.6,28.7,11.2,bhubaneswar,20.2961,85.8245
2008-06-13,6.9,28.9,13.3,bhubaneswar,20.2961,85.8245
2008-06-14,27.6,28.5,15.1,bhubaneswar,20.2961,85.8245
2008-06-15,60.3,26.3,14.4,bhubaneswar,20.2961,85.8245
2008-06-16,50.2,25.8,20.0,bhubaneswar,20.2961,85.8245
2008-06-17,25.1,26.0,18.5,bhubaneswar,20.2961,85.8245
2008-06-18,7.0,26.3,17.9,bhubaneswar,20.2961,85.8245
2008-06-19,1.4,28.4,20.1,bhubaneswar,20.2961,85.8245
2008-06-20,0.3,29.3,16.1,bhubaneswar,20.2961,85.8245
2008-06-21,5.8,29.2,15.5,bhubaneswar,20.2961,85.8245
2008-06-22,4.2,28.3,14.3,bhubaneswar,20.2961,85.8245
2008-06-23,16.2,27.2,14.0,bhubaneswar,20.2961,85.8245
2008-06-24,16.7,26.7,10.9,bhubaneswar,20.2961,85.8245
2008-06-25,11.5,26.4,12.8,bhubaneswar,20.2961,85.8245
2008-06-26,24.6,27.0,10.8,bhubaneswar,20.2961,85.8245
2008-06-27,26.3,26.1,13.7,bhubaneswar,20.2961,85.8245
2008-06-28,7.2,26.4,12.6,bhubaneswar,20.2961,85.8245
2008-06-29,5.5,28.0,15.0,bhubaneswar,20.2961,85.8245
2008-06-30,7.0,28.2,15.4,bhubaneswar,20.2961,85.8245
2008-07-01,8.0,28.1,16.0,bhubaneswar,20.2961,85.8245
2008-07-02,8.0,28.4,10.9,bhubaneswar,20.2961,85.8245
2008-07-03,7.8,28.1,18.3,bhubaneswar,20.2961,85.8245
2008-07-04,11.5,28.5,15.2,bhubaneswar,20.2961,85.8245
2008-07-05,17.2,27.9,17.4,bhubaneswar,20.2961,85.8245
2008-07-06,20.5,26.8,9.7,bhubaneswar,20.2961,85.8245
2008-07-07,20.2,26.1,15.2,bhubaneswar,20.2961,85.8245
2008-07-08,6.7,27.3,15.6,bhubaneswar,20.2961,85.8245
2008-07-09,5.8,27.1,12.1,bhubaneswar,20.2961,85.8245
2008-07-10,8.8,27.9,13.9,bhubaneswar,20.2961,85.8245
2008-07-11,16.8,27.6,13.2,bhubaneswar,20.2961,85.8245
2008-07-12,12.0,28.1,10.2,bhubaneswar,20.2961,85.8245
2008-07-13,7.8,28.8,10.9,bhubaneswar,20.2961,85.8245
2008-07-14,5.0,29.1,14.3,bhubaneswar,20.2961,85.8245
2008-07-15,12.9,28.5,16.9,bhubaneswar,20.2961,85.8245
2008-07-16,8.4,27.6,10.0,bhubaneswar,20.2961,85.8245
2008-07-17,3.2,28.3,11.8,bhubaneswar,20.2961,85.8245
2008-07-18,14.6,28.4,9.3,bhubaneswar,20.2961,85.8245
2008-07-19,8.1,28.5,11.6,bhubaneswar,20.2961,85.8245
2008-07-20,12.0,28.1,13.0,bhubaneswar,20.2961,85.8245
2008-07-21,5.4,28.1,14.6,bhubaneswar,20.2961,85.8245
2008-07-22,7.0,28.0,16.3,bhubaneswar,20.2961,85.8245
2008-07-23,9.8,28.0,14.6,bhubaneswar,20.2961,85.8245
2008-07-24,12.4,27.8,10.2,bhubaneswar,20.2961,85.8245
2008-07-25,3.2,28.3,8.5,bhubaneswar,20.2961,85.8245
2008-07-26,33.2,27.9,7.3,bhubaneswar,20.2961,85.8245
2008-07-27,23.1,26.4,13.6,bhubaneswar,20.2961,85.8245
2008-07-28,8.1,26.8,14.7,bhubaneswar,20.2961,85.8245
2008-07-29,11.3,27.8,13.8,bhubaneswar,20.2961,85.8245
2008-07-30,29.9,26.1,11.6,bhubaneswar,20.2961,85.8245
2008-07-31,8.2,27.1,13.0,bhubaneswar,20.2961,85.8245
2008-08-01,3.0,27.8,7.1,bhubaneswar,20.2961,85.8245
2008-08-02,12.6,27.2,8.9,bhubaneswar,20.2961,85.8245
2008-08-03,8.6,27.2,11.3,bhubaneswar,20.2961,85.8245
2008-08-04,5.6,27.3,14.7,bhubaneswar,20.2961,85.8245
2008-08-05,1.1,27.9,16.6,bhubaneswar,20.2961,85.8245
2008-08-06,9.0,27.6,10.1,bhubaneswar,20.2961,85.8245
2008-08-07,19.6,27.3,14.8,bhubaneswar,20.2961,85.8245
2008-08-08,9.1,26.4,13.2,bhubaneswar,20.2961,85.8245
2008-08-09,28.7,26.9,19.5,bhubaneswar,20.2961,85.8245
2008-08-10,0.7,27.9,19.2,bhubaneswar,20.2961,85.8245
2008-08-11,0.8,28.4,17.0,bhubaneswar,20.2961,85.8245
2008-08-12,2.6,28.5,12.7,bhubaneswar,20.2961,85.8245
2008-08-13,7.7,28.1,11.3,bhubaneswar,20.2961,85.8245
2008-08-14,15.1,27.6,11.7,bhubaneswar,20.2961,85.8245
2008-08-15,20.9,27.2,10.9,bhubaneswar,20.2961,85.8245
2008-08-16,16.9,27.2,14.3,bhubaneswar,20.2961,85.8245
2008-08-17,11.0,27.7,12.1,bhubaneswar,20.2961,85.8245
2008-08-18,11.8,27.7,10.7,bhubaneswar,20.2961,85.8245
2008-08-19,16.4,27.4,10.8,bhubaneswar,20.2961,85.8245
2008-08-20,24.4,25.9,10.0,bhubaneswar,20.2961,85.8245
2008-08-21,24.2,26.8,13.8,bhubaneswar,20.2961,85.8245
2008-08-22,33.3,25.9,14.8,bhubaneswar,20.2961,85.8245
2008-08-23,10.5,26.4,6.9,bhubaneswar,20.2961,85.8245
2008-08-24,6.3,26.7,11.8,bhubaneswar,20.2961,85.8245
2008-08-25,5.8,27.0,14.5,bhubaneswar,20.2961,85.8245
2008-08-26,0.3,27.8,18.5,bhubaneswar,20.2961,85.8245
2008-08-27,0.9,28.5,17.6,bhubaneswar,20.2961,85.8245
2008-08-28,3.5,28.7,15.1,bhubaneswar,20.2961,85.8245
2008-08-29,14.6,27.9,14.1,bhubaneswar,20.2961,85.8245
2008-08-30,6.0,27.7,13.0,bhubaneswar,20.2961,85.8245
2008-08-31,12.3,27.8,10.8,bhubaneswar,20.2961,85.8245
2008-09-01,2.4,28.4,14.1,bhubaneswar,20.2961,85.8245
2008-09-02,0.8,28.3,14.7,bhubaneswar,20.2961,85.8245
2008-09-03,5.5,27.9,14.5,bhubaneswar,20.2961,85.8245
2008-09-04,17.8,27.2,11.4,bhubaneswar,20.2961,85.8245
2008-09-05,2.3,27.3,9.5,bhubaneswar,20.2961,85.8245
2008-09-06,5.1,28.0,7.3,bhubaneswar,20.2961,85.8245
2008-09-07,9.4,27.8,8.2,bhubaneswar,20.2961,85.8245
2008-09-08,16.6,26.9,12.8,bhubaneswar,20.2961,85.8245
2008-09-09,7.0,26.5,14.1,bhubaneswar,20.2961,85.8245
2008-09-10,13.9,26.4,19.0,bhubaneswar,20.2961,85.8245
2008-09-11,13.8,25.9,19.4,bhubaneswar,20.2961,85.8245
2008-09-12,12.1,26.3,15.5,bhubaneswar,20.2961,85.8245
2008-09-13,3.6,26.3,15.6,bhubaneswar,20.2961,85.8245
2008-09-14,6.2,27.6,11.5,bhubaneswar,20.2961,85.8245
2008-09-15,68.4,25.7,17.1,bhubaneswar,20.2961,85.8245
2008-09-16,76.5,26.1,27.9,bhubaneswar,20.2961,85.8245
2008-09-17,68.4,26.1,27.8,bhubaneswar,20.2961,85.8245
2008-09-18,1.1,28.3,24.2,bhubaneswar,20.2961,85.8245
2008-09-19,0.5,28.0,14.6,bhubaneswar,20.2961,85.8245
2008-09-20,34.2,27.0,11.2,bhubaneswar,20.2961,85.8245
2008-09-21,9.8,26.5,11.5,bhubaneswar,20.2961,85.8245
2008-09-22,14.2,26.2,10.5,bhubaneswar,20.2961,85.8245
2008-09-23,17.5,26.1,9.7,bhubaneswar,20.2961,85.8245
2008-09-24,10.9,27.1,11.5,bhubaneswar,20.2961,85.8245
2008-09-25,0.1,28.0,12.4,bhubaneswar,20.2961,85.8245
2008-09-26,0.0,28.1,16.1,bhubaneswar,20.2961,85.8245
2008-09-27,0.0,28.1,12.5,bhubaneswar,20.2961,85.8245
2008-09-28,1.8,28.1,11.1,bhubaneswar,20.2961,85.8245
2008-09-29,2.9,26.8,9.5,bhubaneswar,20.2961,85.8245
2008-09-30,0.3,27.5,8.4,bhubaneswar,20.2961,85.8245
2008-10-01,0.6,27.7,7.3,bhubaneswar,20.2961,85.8245
2008-10-02,1.4,27.4,6.9,bhubaneswar,20.2961,85.8245
2008-10-03,1.9,27.1,10.1,bhubaneswar,20.2961,85.8245
2008-10-04,0.5,27.6,9.4,bhubaneswar,20.2961,85.8245
2008-10-05,4.8,27.3,7.9,bhubaneswar,20.2961,85.8245
2008-10-06,14.4,26.9,8.0,bhubaneswar,20.2961,85.8245
2008-10-07,3.6,26.4,9.1,bhubaneswar,20.2961,85.8245
2008-10-08,0.8,28.0,7.3,bhubaneswar,20.2961,85.8245
2008-10-09,0.2,28.3,6.2,bhubaneswar,20.2961,85.8245
2008-10-10,0.1,28.1,6.6,bhubaneswar,20.2961,85.8245
2008-10-11,0.0,27.9,10.4,bhubaneswar,20.2961,85.8245
2008-10-12,0.0,27.7,6.8,bhubaneswar,20.2961,85.8245
2008-10-13,0.0,27.9,8.3,bhubaneswar,20.2961,85.8245
2008-10-14,1.0,27.5,6.4,bhubaneswar,20.2961,85.8245
2008-10-15,0.0,27.0,9.1,bhubaneswar,20.2961,85.8245
2008-10-16,0.9,26.9,9.7,bhubaneswar,20.2961,85.8245
2008-10-17,0.0,27.6,8.9,bhubaneswar,20.2961,85.8245
2008-10-18,0.1,27.4,9.9,bhubaneswar,20.2961,85.8245
2008-10-19,0.0,27.7,11.5,bhubaneswar,20.2961,85.8245
2008-10-20,0.2,27.0,13.3,bhubaneswar,20.2961,85.8245
2008-10-21,0.0,26.5,11.7,bhubaneswar,20.2961,85.8245
2008-10-22,0.0,26.7,12.3,bhubaneswar,20.2961,85.8245
2008-10-23,2.8,26.0,13.9,bhubaneswar,20.2961,85.8245
2008-10-24,10.8,24.4,18.2,bhubaneswar,20.2961,85.8245
2008-10-25,13.0,23.5,21.5,bhubaneswar,20.2961,85.8245
2008-10-26,1.2,24.4,19.1,bhubaneswar,20.2961,85.8245
2008-10-27,0.0,24.3,8.9,bhubaneswar,20.2961,85.8245
2008-10-28,0.0,24.9,7.4,bhubaneswar,20.2961,85.8245
2008-10-29,0.4,24.9,8.9,bhubaneswar,20.2961,85.8245
2008-10-30,0.0,25.5,8.7,bhubaneswar,20.2961,85.8245
2008-10-31,0.0,25.2,7.6,bhubaneswar,20.2961,85.8245
2008-11-01,0.0,25.7,7.6,bhubaneswar,20.2961,85.8245
2008-11-02,0.0,25.3,7.7,bhubaneswar,20.2961,85.8245
2008-11-03,0.0,25.4,7.4,bhubaneswar,20.2961,85.8245
2008-11-04,0.0,25.7,8.5,bhubaneswar,20.2961,85.8245
2008-11-05,0.0,25.7,7.0,bhubaneswar,20.2961,85.8245
2008-11-06,0.0,25.2,8.3,bhubaneswar,20.2961,85.8245
2008-11-07,0.0,24.7,10.4,bhubaneswar,20.2961,85.8245
2008-11-08,0.0,25.1,9.3,bhubaneswar,20.2961,85.8245
2008-11-09,0.0,25.3,8.7,bhubaneswar,20.2961,85.8245
2008-11-10,0.0,25.3,8.7,bhubaneswar,20.2961,85.8245
2008-11-11,0.0,24.7,9.7,bhubaneswar,20.2961,85.8245
2008-11-12,0.0,24.0,10.5,bhubaneswar,20.2961,85.8245
2008-11-13,0.0,23.8,14.4,bhubaneswar,20.2961,85.8245
2008-11-14,1.3,24.9,18.7,bhubaneswar,20.2961,85.8245
2008-11-15,3.7,23.0,13.9,bhubaneswar,20.2961,85.8245
2008-11-16,0.9,24.1,12.5,bhubaneswar,20.2961,85.8245
2008-11-17,0.0,25.0,7.4,bhubaneswar,20.2961,85.8245
2008-11-18,0.0,25.5,8.6,bhubaneswar,20.2961,85.8245
2008-11-19,0.0,25.5,7.7,bhubaneswar,20.2961,85.8245
2008-11-20,0.0,25.3,7.9,bhubaneswar,20.2961,85.8245
2008-11-21,0.0,25.3,9.7,bhubaneswar,20.2961,85.8245
2008-11-22,0.0,25.2,8.8,bhubaneswar,20.2961,85.8245
2008-11-23,0.0,24.6,10.6,bhubaneswar,20.2961,85.8245
2008-11-24,0.0,23.0,9.2,bhubaneswar,20.2961,85.8245
2008-11-25,0.0,21.9,10.4,bhubaneswar,20.2961,85.8245
2008-11-26,0.0,21.7,10.4,bhubaneswar,20.2961,85.8245
2008-11-27,0.0,22.6,13.2,bhubaneswar,20.2961,85.8245
2008-11-28,0.0,23.3,11.2,bhubaneswar,20.2961,85.8245
2008-11-29,0.0,23.5,8.4,bhubaneswar,20.2961,85.8245
2008-11-30,0.0,23.7,8.7,bhubaneswar,20.2961,85.8245
2008-12-01,0.0,23.3,10.1,bhubaneswar,20.2961,85.8245
2008-12-02,0.0,23.8,11.7,bhubaneswar,20.2961,85.8245
2008-12-03,0.0,24.3,10.8,bhubaneswar,20.2961,85.8245
2008-12-04,0.0,23.8,10.1,bhubaneswar,20.2961,85.8245
2008-12-05,0.0,24.1,6.7,bhubaneswar,20.2961,85.8245
2008-12-06,0.0,24.3,9.1,bhubaneswar,20.2961,85.8245
2008-12-07,0.0,24.5,8.4,bhubaneswar,20.2961,85.8245
2008-12-08,0.0,23.8,8.7,bhubaneswar,20.2961,85.8245
2008-12-09,0.0,24.0,9.7,bhubaneswar,20.2961,85.8245
2008-12-10,0.0,24.2,8.8,bhubaneswar,20.2961,85.8245
2008-12-11,0.0,24.5,9.5,bhubaneswar,20.2961,85.8245
2008-12-12,0.0,24.6,9.7,bhubaneswar,20.2961,85.8245
2008-12-13,0.0,23.9,9.0,bhubaneswar,20.2961,85.8245
2008-12-14,0.0,24.4,8.7,bhubaneswar,20.2961,85.8245
2008-12-15,0.0,24.3,8.6,bhubaneswar,20.2961,85.8245
2008-12-16,0.0,23.5,7.6,bhubaneswar,20.2961,85.8245
2008-12-17,0.0,22.6,7.2,bhubaneswar,20.2961,85.8245
2008-12-18,0.0,21.8,12.0,bhubaneswar,20.2961,85.8245
2008-12-19,0.0,22.0,7.7,bhubaneswar,20.2961,85.8245
2008-12-20,0.0,23.0,8.2,bhubaneswar,20.2961,85.8245
2008-12-21,0.0,23.5,7.6,bhubaneswar,20.2961,85.8245
2008-12-22,0.1,23.2,7.1,bhubaneswar,20.2961,85.8245
2008-12-23,0.0,23.0,8.6,bhubaneswar,20.2961,85.8245
2008-12-24,0.0,22.3,7.9,bhubaneswar,20.2961,85.8245
2008-12-25,0.0,22.3,7.8,bhubaneswar,20.2961,85.8245
2008-12-26,0.0,21.9,8.9,bhubaneswar,20.2961,85.8245
2008-12-27,0.0,21.9,7.8,bhubaneswar,20.2961,85.8245
2008-12-28,0.0,21.4,9.0,bhubaneswar,20.2961,85.8245
2008-12-29,0.0,22.0,9.7,bhubaneswar,20.2961,85.8245
2008-12-30,0.0,22.3,10.2,bhubaneswar,20.2961,85.8245
2008-12-31,0.0,22.4,11.0,bhubaneswar,20.2961,85.8245
2009-01-01,0.0,22.5,10.6,bhubaneswar,20.2961,85.8245
2009-01-02,0.0,22.4,10.2,bhubaneswar,20.2961,85.8245
2009-01-03,0.0,22.2,8.4,bhubaneswar,20.2961,85.8245
2009-01-04,0.0,22.3,11.2,bhubaneswar,20.2961,85.8245
2009-01-05,0.0,23.0,14.1,bhubaneswar,20.2961,85.8245
2009-01-06,0.0,22.9,12.2,bhubaneswar,20.2961,85.8245
2009-01-07,0.0,22.5,11.8,bhubaneswar,20.2961,85.8245
2009-01-08,0.0,21.9,10.5,bhubaneswar,20.2961,85.8245
2009-01-09,0.0,21.7,8.3,bhubaneswar,20.2961,85.8245
2009-01-10,0.0,22.0,8.8,bhubaneswar,20.2961,85.8245
2009-01-11,0.0,22.9,10.1,bhubaneswar,20.2961,85.8245
2009-01-12,0.0,23.2,8.2,bhubaneswar,20.2961,85.8245
2009-01-13,0.0,22.8,8.2,bhubaneswar,20.2961,85.8245
2009-01-14,0.0,22.4,8.6,bhubaneswar,20.2961,85.8245
2009-01-15,0.0,22.6,10.0,bhubaneswar,20.2961,85.8245
2009-01-16,0.0,22.5,10.7,bhubaneswar,20.2961,85.8245
2009-01-17,0.0,22.7,10.9,bhubaneswar,20.2961,85.8245
2009-01-18,0.0,23.1,10.7,bhubaneswar,20.2961,85.8245
2009-01-19,0.0,23.2,10.4,bhubaneswar,20.2961,85.8245
2009-01-20,0.0,23.8,10.4,bhubaneswar,20.2961,85.8245
2009-01-21,0.0,23.6,11.7,bhubaneswar,20.2961,85.8245
2009-01-22,0.0,23.1,10.8,bhubaneswar,20.2961,85.8245
2009-01-23,0.0,23.3,11.5,bhubaneswar,20.2961,85.8245
2009-01-24,0.0,24.1,11.9,bhubaneswar,20.2961,85.8245
2009-01-25,0.0,24.2,13.1,bhubaneswar,20.2961,85.8245
2009-01-26,0.0,24.9,11.6,bhubaneswar,20.2961,85.8245
2009-01-27,0.0,25.2,14.0,bhubaneswar,20.2961,85.8245
2009-01-28,0.0,26.1,13.7,bhubaneswar,20.2961,85.8245
2009-01-29,0.0,25.3,13.3,bhubaneswar,20.2961,85.8245
2009-01-30,0.0,25.0,12.9,bhubaneswar,20.2961,85.8245
2009-01-31,0.0,25.6,14.8,bhubaneswar,20.2961,85.8245
2009-02-01,0.0,26.1,14.9,bhubaneswar,20.2961,85.8245
2009-02-02,0.0,26.0,11.9,bhubaneswar,20.2961,85.8245
2009-02-03,0.0,25.4,13.3,bhubaneswar,20.2961,85.8245
2009-02-04,0.0,25.6,14.5,bhubaneswar,20.2961,85.8245
2009-02-05,0.0,25.6,15.1,bhubaneswar,20.2961,85.8245
2009-02-06,0.0,25.5,13.8,bhubaneswar,20.2961,85.8245
2009-02-07,0.0,25.7,15.9,bhubaneswar,20.2961,85.8245
2009-02-08,0.0,25.4,14.9,bhubaneswar,20.2961,85.8245
2009-02-09,0.0,25.3,14.3,bhubaneswar,20.2961,85.8245
2009-02-10,0.0,25.3,15.6,bhubaneswar,20.2961,85.8245
2009-02-11,0.0,25.5,16.7,bhubaneswar,20.2961,85.8245
2009-02-12,0.0,26.4,13.4,bhubaneswar,20.2961,85.8245
2009-02-13,0.0,25.4,13.8,bhubaneswar,20.2961,85.8245
2009-02-14,0.0,25.6,12.9,bhubaneswar,20.2961,85.8245
2009-02-15,0.0,26.4,14.1,bhubaneswar,20.2961,85.8245
2009-02-16,0.0,25.4,13.2,bhubaneswar,20.2961,85.8245
2009-02-17,0.0,26.0,15.1,bhubaneswar,20.2961,85.8245
2009-02-18,0.0,26.1,14.0,bhubaneswar,20.2961,85.8245
2009-02-19,0.0,26.2,14.8,bhubaneswar,20.2961,85.8245
2009-02-20,0.0,26.6,15.7,bhubaneswar,20.2961,85.8245
2009-02-21,0.0,27.3,12.2,bhubaneswar,20.2961,85.8245
2009-02-22,0.0,28.1,11.7,bhubaneswar,20.2961,85.8245
2009-02-23,0.0,28.6,14.8,bhubaneswar,20.2961,85.8245
2009-02-24,0.0,29.2,17.5,bhubaneswar,20.2961,85.8245
2009-02-25,0.0,30.0,14.0,bhubaneswar,20.2961,85.8245
2009-02-26,0.0,29.2,9.8,bhubaneswar,20.2961,85.8245
2009-02-27,0.0,28.8,15.2,bhubaneswar,20.2961,85.8245
2009-02-28,0.0,28.6,17.6,bhubaneswar,20.2961,85.8245
2009-03-01,0.0,28.3,14.6,bhubaneswar,20.2961,85.8245
2009-03-02,0.0,27.9,12.2,bhubaneswar,20.2961,85.8245
2009-03-03,0.0,28.7,13.9,bhubaneswar,20.2961,85.8245
2009-03-04,0.0,29.6,13.3,bhubaneswar,20.2961,85.8245
2009-03-05,0.0,30.1,14.0,bhubaneswar,20.2961,85.8245
2009-03-06,0.0,29.8,11.8,bhubaneswar,20.2961,85.8245
2009-03-07,0.0,29.1,16.4,bhubaneswar,20.2961,85.8245
2009-03-08,0.0,28.4,18.7,bhubaneswar,20.2961,85.8245
2009-03-09,0.0,28.7,15.5,bhubaneswar,20.2961,85.8245
2009-03-10,0.0,26.3,9.8,bhubaneswar,20.2961,85.8245
2009-03-11,0.4,28.6,11.7,bhubaneswar,20.2961,85.8245
2009-03-12,0.0,28.8,13.3,bhubaneswar,20.2961,85.8245
2009-03-13,0.0,27.5,13.3,bhubaneswar,20.2961,85.8245
2009-03-14,0.0,27.6,13.0,bhubaneswar,20.2961,85.8245
2009-03-15,0.0,27.6,9.9,bhubaneswar,20.2961,85.8245
2009-03-16,1.8,27.7,10.5,bhubaneswar,20.2961,85.8245
2009-03-17,0.0,27.5,14.8,bhubaneswar,20.2961,85.8245
2009-03-18,0.7,27.9,13.6,bhubaneswar,20.2961,85.8245
2009-03-19,0.0,28.6,14.8,bhubaneswar,20.2961,85.8245
2009-03-20,1.0,28.6,11.3,bhubaneswar,20.2961,85.8245
2009-03-21,0.4,29.1,14.8,bhubaneswar,20.2961,85.8245
2009-03-22,0.0,29.1,13.0,bhubaneswar,20.2961,85.8245
2009-03-23,0.1,28.5,12.6,bhubaneswar,20.2961,85.8245
2009-03-24,0.2,28.8,12.9,bhubaneswar,20.2961,85.8245
2009-03-25,0.3,29.1,9.7,bhubaneswar,20.2961,85.8245
2009-03-26,0.0,29.6,17.3,bhubaneswar,20.2961,85.8245
2009-03-27,0.0,29.4,19.5,bhubaneswar,20.2961,85.8245
2009-03-28,0.8,28.8,15.2,bhubaneswar,20.2961,85.8245
2009-03-29,0.2,29.1,20.8,bhubaneswar,20.2961,85.8245
2009-03-30,2.1,29.7,16.9,bhubaneswar,20.2961,85.8245
2009-03-31,1.5,29.9,20.2,bhubaneswar,20.2961,85.8245
2009-04-01,0.0,30.1,18.1,bhubaneswar,20.2961,85.8245
2009-04-02,0.0,29.9,19.5,bhubaneswar,20.2961,85.8245
2009-04-03,0.0,30.2,18.1,bhubaneswar,20.2961,85.8245
2009-04-04,0.8,30.8,20.2,bhubaneswar,20.2961,85.8245
2009-04-05,0.0,30.6,19.6,bhubaneswar,20.2961,85.8245
2009-04-06,0.0,31.0,15.9,bhubaneswar,20.2961,85.8245
2009-04-07,2.1,30.5,14.8,bhubaneswar,20.2961,85.8245
2009-04-08,2.1,30.5,13.9,bhubaneswar,20.2961,85.8245
2009-04-09,3.4,29.6,14.1,bhubaneswar,20.2961,85.8245
2009-04-10,0.0,30.0,16.2,bhubaneswar,20.2961,85.8245
2009-04-11,0.2,30.5,15.9,bhubaneswar,20.2961,85.8245
2009-04-12,0.0,29.9,18.6,bhubaneswar,20.2961,85.8245
2009-04-13,0.0,29.7,16.6,bhubaneswar,20.2961,85.8245
2009-04-14,0.0,29.9,16.3,bhubaneswar,20.2961,85.8245
2009-04-15,0.0,30.1,17.3,bhubaneswar,20.2961,85.8245
2009-04-16,4.3,27.6,18.1,bhubaneswar,20.2961,85.8245
2009-04-17,0.0,30.5,21.4,bhubaneswar,20.2961,85.8245
2009-04-18,0.0,31.7,25.6,bhubaneswar,20.2961,85.8245
2009-04-19,0.0,31.5,21.3,bhubaneswar,20.2961,85.8245
2009-04-20,0.0,31.9,22.7,bhubaneswar,20.2961,85.8245
2009-04-21,0.0,32.5,22.8,bhubaneswar,20.2961,85.8245
2009-04-22,0.0,32.6,21.4,bhubaneswar,20.2961,85.8245
2009-04-23,0.0,33.6,15.2,bhubaneswar,20.2961,85.8245
2009-04-24,0.0,31.8,17.9,bhubaneswar,20.2961,85.8245
2009-04-25,0.1,31.2,18.7,bhubaneswar,20.2961,85.8245
2009-04-26,0.0,31.8,17.7,bhubaneswar,20.2961,85.8245
2009-04-27,0.0,31.5,19.9,bhubaneswar,20.2961,85.8245
2009-04-28,0.0,31.3,22.6,bhubaneswar,20.2961,85.8245
2009-04-29,0.0,31.0,22.5,bhubaneswar,20.2961,85.8245
2009-04-30,0.0,31.1,21.8,bhubaneswar,20.2961,85.8245
2009-05-01,0.0,31.5,21.0,bhubaneswar,20.2961,85.8245
2009-05-02,0.0,31.9,20.4,bhubaneswar,20.2961,85.8245
2009-05-03,0.0,31.5,21.7,bhubaneswar,20.2961,85.8245
2009-05-04,0.0,30.9,18.9,bhubaneswar,20.2961,85.8245
2009-05-05,0.1,31.9,16.6,bhubaneswar,20.2961,85.8245
2009-05-06,0.2,32.2,17.8,bhubaneswar,20.2961,85.8245
2009-05-07,0.0,32.8,15.9,bhubaneswar,20.2961,85.8245
2009-05-08,1.0,32.4,18.7,bhubaneswar,20.2961,85.8245
2009-05-09,1.4,32.1,18.5,bhubaneswar,20.2961,85.8245
2009-05-10,0.0,32.0,19.0,bhubaneswar,20.2961,85.8245
2009-05-11,0.3,32.2,22.3,bhubaneswar,20.2961,85.8245
2009-05-12,0.0,31.2,24.9,bhubaneswar,20.2961,85.8245
2009-05-13,0.5,31.4,21.8,bhubaneswar,20.2961,85.8245
2009-05-14,1.5,32.0,15.5,bhubaneswar,20.2961,85.8245
2009-05-15,0.0,32.1,20.6,bhubaneswar,20.2961,85.8245
2009-05-16,0.0,31.3,20.3,bhubaneswar,20.2961,85.8245
2009-05-17,0.0,30.9,22.4,bhubaneswar,20.2961,85.8245
2009-05-18,0.0,31.3,24.1,bhubaneswar,20.2961,85.8245
2009-05-19,0.3,31.7,20.9,bhubaneswar,20.2961,85.8245
2009-05-20,0.3,30.8,21.1,bhubaneswar,20.2961,85.8245
2009-05-21,0.0,30.4,15.5,bhubaneswar,20.2961,85.8245
2009-05-22,0.0,31.0,15.1,bhubaneswar,20.2961,85.8245
2009-05-23,0.6,30.8,22.4,bhubaneswar,20.2961,85.8245
2009-05-24,50.9,27.3,31.4,bhubaneswar,20.2961,85.8245
2009-05-25,21.5,26.5,30.1,bhubaneswar,20.2961,85.8245
2009-05-26,0.0,30.9,12.8,bhubaneswar,20.2961,85.8245
2009-05-27,0.0,30.4,20.5,bhubaneswar,20.2961,85.8245
2009-05-28,0.0,30.7,17.3,bhubaneswar,20.2961,85.8245
2009-05-29,1.7,30.3,17.0,bhubaneswar,20.2961,85.8245
2009-05-30,0.0,30.3,14.0,bhubaneswar,20.2961,85.8245
2009-05-31,0.0,30.7,17.2,bhubaneswar,20.2961,85.8245
2009-06-01,0.2,31.8,16.2,bhubaneswar,20.2961,85.8245
2009-06-02,0.4,33.0,11.6,bhubaneswar,20.2961,85.8245
2009-06-03,0.3,34.1,14.9,bhubaneswar,20.2961,85.8245
2009-06-04,8.1,31.9,13.3,bhubaneswar,20.2961,85.8245
2009-06-05,4.7,29.8,14.7,bhubaneswar,20.2961,85.8245
2009-06-06,3.0,29.6,9.1,bhubaneswar,20.2961,85.8245
2009-06-07,0.0,31.3,17.9,bhubaneswar,20.2961,85.8245
2009-06-08,0.0,32.1,16.8,bhubaneswar,20.2961,85.8245
2009-06-09,0.0,31.3,18.0,bhubaneswar,20.2961,85.8245
2009-06-10,0.0,31.1,20.5,bhubaneswar,20.2961,85.8245
2009-06-11,0.8,31.3,19.4,bhubaneswar,20.2961,85.8245
2009-06-12,0.9,32.2,16.3,bhubaneswar,20.2961,85.8245
2009-06-13,0.0,32.8,13.5,bhubaneswar,20.2961,85.8245
2009-06-14,5.5,31.9,15.1,bhubaneswar,20.2961,85.8245
2009-06-15,0.6,33.1,15.7,bhubaneswar,20.2961,85.8245
2009-06-16,0.2,34.4,9.3,bhubaneswar,20.2961,85.8245
2009-06-17,2.1,34.1,10.4,bhubaneswar,20.2961,85.8245
2009-06-18,0.0,32.2,19.6,bhubaneswar,20.2961,85.8245
2009-06-19,1.1,32.7,17.6,bhubaneswar,20.2961,85.8245
2009-06-20,0.0,33.8,15.6,bhubaneswar,20.2961,85.8245
2009-06-21,0.0,34.2,14.8,bhubaneswar,20.2961,85.8245
2009-06-22,1.8,34.9,16.0,bhubaneswar,20.2961,85.8245
2009-06-23,0.5,35.0,16.6,bhubaneswar,20.2961,85.8245
2009-06-24,0.5,33.9,17.1,bhubaneswar,20.2961,85.8245
2009-06-25,1.2,31.7,9.9,bhubaneswar,20.2961,85.8245
2009-06-26,4.5,31.0,16.5,bhubaneswar,20.2961,85.8245
2009-06-27,11.2,29.7,13.3,bhubaneswar,20.2961,85.8245
2009-06-28,12.3,29.1,17.4,bhubaneswar,20.2961,85.8245
2009-06-29,6.6,29.0,16.8,bhubaneswar,20.2961,85.8245
2009-06-30,6.6,29.9,22.8,bhubaneswar,20.2961,85.8245
2009-07-01,19.2,28.5,16.1,bhubaneswar,20.2961,85.8245
2009-07-02,21.0,27.8,14.0,bhubaneswar,20.2961,85.8245
2009-07-03,22.5,27.7,12.4,bhubaneswar,20.2961,85.8245
2009-07-04,16.9,28.0,11.2,bhubaneswar,20.2961,85.8245
2009-07-05,7.9,27.7,11.5,bhubaneswar,20.2961,85.8245
2009-07-06,22.0,26.9,15.9,bhubaneswar,20.2961,85.8245
2009-07-07,20.6,27.5,17.7,bhubaneswar,20.2961,85.8245
2009-07-08,4.5,27.1,17.9,bhubaneswar,20.2961,85.8245
2009-07-09,25.5,26.5,16.1,bhubaneswar,20.2961,85.8245
2009-07-10,6.5,27.0,16.1,bhubaneswar,20.2961,85.8245
2009-07-11,17.4,26.8,15.4,bhubaneswar,20.2961,85.8245
2009-07-12,126.6,26.6,19.2,bhubaneswar,20.2961,85.8245
2009-07-13,52.9,26.5,21.3,bhubaneswar,20.2961,85.8245
2009-07-14,22.8,26.8,19.7,bhubaneswar,20.2961,85.8245
2009-07-15,42.5,26.6,23.0,bhubaneswar,20.2961,85.8245
2009-07-16,2.0,28.2,18.5,bhubaneswar,20.2961,85.8245
2009-07-17,69.4,27.5,9.9,bhubaneswar,20.2961,85.8245
2009-07-18,53.5,26.3,17.4,bhubaneswar,20.2961,85.8245
2009-07-19,41.2,27.2,18.4,bhubaneswar,20.2961,85.8245
2009-07-20,3.4,27.1,21.0,bhubaneswar,20.2961,85.8245
2009-07-21,3.5,28.4,20.3,bhubaneswar,20.2961,85.8245
2009-07-22,7.2,28.1,12.9,bhubaneswar,20.2961,85.8245
2009-07-23,0.0,29.3,13.4,bhubaneswar,20.2961,85.8245
2009-07-24,0.0,30.4,13.3,bhubaneswar,20.2961,85.8245
2009-07-25,5.9,29.7,14.8,bhubaneswar,20.2961,85.8245
2009-07-26,18.4,27.6,13.3,bhubaneswar,20.2961,85.8245
2009-07-27,11.0,27.1,16.6,bhubaneswar,20.2961,85.8245
2009-07-28,21.9,26.9,14.6,bhubaneswar,20.2961,85.8245
2009-07-29,6.1,28.3,13.4,bhubaneswar,20.2961,85.8245
2009-07-30,0.2,29.4,14.0,bhubaneswar,20.2961,85.8245
2009-07-31,2.8,29.8,12.3,bhubaneswar,20.2961,85.8245
2009-08-01,0.2,29.8,12.6,bhubaneswar,20.2961,85.8245
2009-08-02,8.1,29.4,13.8,bhubaneswar,20.2961,85.8245
2009-08-03,4.8,28.8,13.1,bhubaneswar,20.2961,85.8245
2009-08-04,6.6,29.2,12.1,bhubaneswar,20.2961,85.8245
2009-08-05,3.0,29.1,11.8,bhubaneswar,20.2961,85.8245
2009-08-06,4.1,29.4,10.7,bhubaneswar,20.2961,85.8245
2009-08-07,3.2,29.3,11.2,bhubaneswar,20.2961,85.8245
2009-08-08,23.1,27.8,10.7,bhubaneswar,20.2961,85.8245
2009-08-09,11.9,27.9,11.7,bhubaneswar,20.2961,85.8245
2009-08-10,24.9,28.0,9.8,bhubaneswar,20.2961,85.8245
2009-08-11,9.4,27.6,8.9,bhubaneswar,20.2961,85.8245
2009-08-12,2.0,28.7,12.8,bhubaneswar,20.2961,85.8245
2009-08-13,16.5,28.2,10.5,bhubaneswar,20.2961,85.8245
2009-08-14,23.6,26.9,10.6,bhubaneswar,20.2961,85.8245
2009-08-15,9.2,27.4,15.5,bhubaneswar,20.2961,85.8245
2009-08-16,2.9,28.0,14.2,bhubaneswar,20.2961,85.8245
2009-08-17,3.7,28.3,14.1,bhubaneswar,20.2961,85.8245
2009-08-18,0.4,28.6,16.8,bhubaneswar,20.2961,85.8245
2009-08-19,12.9,27.8,18.6,bhubaneswar,20.2961,85.8245
2009-08-20,10.1,27.1,14.1,bhubaneswar,20.2961,85.8245
2009-08-21,14.0,27.2,13.3,bhubaneswar,20.2961,85.8245
2009-08-22,9.2,27.6,9.5,bhubaneswar,20.2961,85.8245
2009-08-23,5.2,27.8,9.2,bhubaneswar,20.2961,85.8245
2009-08-24,30.9,26.4,11.2,bhubaneswar,20.2961,85.8245
2009-08-25,16.3,26.1,12.4,bhubaneswar,20.2961,85.8245
2009-08-26,8.4,26.5,7.7,bhubaneswar,20.2961,85.8245
2009-08-27,12.0,27.3,9.4,bhubaneswar,20.2961,85.8245
2009-08-28,1.4,27.8,9.6,bhubaneswar,20.2961,85.8245
2009-08-29,2.8,28.0,8.7,bhubaneswar,20.2961,85.8245
2009-08-30,17.8,27.8,7.1,bhubaneswar,20.2961,85.8245
2009-08-31,31.4,27.5,12.2,bhubaneswar,20.2961,85.8245
2009-09-01,15.2,27.2,9.7,bhubaneswar,20.2961,85.8245
2009-09-02,13.9,27.7,10.3,bhubaneswar,20.2961,85.8245
2009-09-03,15.2,26.9,9.2,bhubaneswar,20.2961,85.8245
2009-09-04,47.7,26.8,16.4,bhubaneswar,20.2961,85.8245
2009-09-05,43.8,26.4,17.0,bhubaneswar,20.2961,85.8245
2009-09-06,9.1,27.8,19.1,bhubaneswar,20.2961,85.8245
2009-09-07,6.5,27.6,12.1,bhubaneswar,20.2961,85.8245
2009-09-08,8.4,28.3,13.7,bhubaneswar,20.2961,85.8245
2009-09-09,1.0,28.8,19.8,bhubaneswar,20.2961,85.8245
2009-09-10,0.5,28.8,11.7,bhubaneswar,20.2961,85.8245
2009-09-11,3.9,28.9,8.0,bhubaneswar,20.2961,85.8245
2009-09-12,0.2,29.6,9.4,bhubaneswar,20.2961,85.8245
2009-09-13,3.0,29.6,7.3,bhubaneswar,20.2961,85.8245
2009-09-14,0.4,30.0,13.1,bhubaneswar,20.2961,85.8245
2009-09-15,2.0,29.5,10.3,bhubaneswar,20.2961,85.8245
2009-09-16,1.7,29.0,7.9,bhubaneswar,20.2961,85.8245
2009-09-17,26.3,28.0,10.2,bhubaneswar,20.2961,85.8245
2009-09-18,9.5,27.5,10.7,bhubaneswar,20.2961,85.8245
2009-09-19,5.9,27.3,10.8,bhubaneswar,20.2961,85.8245
2009-09-20,5.6,27.3,11.6,bhubaneswar,20.2961,85.8245
2009-09-21,2.4,27.5,12.6,bhubaneswar,20.2961,85.8245
2009-09-22,5.0,27.9,12.4,bhubaneswar,20.2961,85.8245
2009-09-23,17.2,28.2,9.4,bhubaneswar,20.2961,85.8245
2009-09-24,6.3,27.6,9.4,bhubaneswar,20.2961,85.8245
2009-09-25,6.5,27.6,8.4,bhubaneswar,20.2961,85.8245
2009-09-26,7.5,27.6,13.0,bhubaneswar,20.2961,85.8245
2009-09-27,8.7,27.5,11.1,bhubaneswar,20.2961,85.8245
2009-09-28,14.4,26.1,16.1,bhubaneswar,20.2961,85.8245
2009-09-29,14.9,26.4,20.6,bhubaneswar,20.2961,85.8245
2009-09-30,28.9,26.1,19.7,bhubaneswar,20.2961,85.8245
2009-10-01,48.6,25.7,17.3,bhubaneswar,20.2961,85.8245
2009-10-02,9.1,25.9,15.0,bhubaneswar,20.2961,85.8245
2009-10-03,6.8,26.3,12.9,bhubaneswar,20.2961,85.8245
2009-10-04,14.5,26.5,8.9,bhubaneswar,20.2961,85.8245
2009-10-05,13.0,26.6,8.9,bhubaneswar,20.2961,85.8245
2009-10-06,19.2,26.7,10.7,bhubaneswar,20.2961,85.8245
2009-10-07,14.4,27.3,13.6,bhubaneswar,20.2961,85.8245
2009-10-08,0.5,27.1,9.1,bhubaneswar,20.2961,85.8245
2009-10-09,0.0,27.5,8.9,bhubaneswar,20.2961,85.8245
2009-10-10,0.0,27.9,7.7,bhubaneswar,20.2961,85.8245
2009-10-11,0.0,27.4,8.2,bhubaneswar,20.2961,85.8245
2009-10-12,0.0,27.2,7.2,bhubaneswar,20.2961,85.8245
2009-10-13,0.0,27.1,7.8,bhubaneswar,20.2961,85.8245
2009-10-14,0.0,26.6,7.4,bhubaneswar,20.2961,85.8245
2009-10-15,0.0,26.7,7.3,bhubaneswar,20.2961,85.8245
2009-10-16,0.0,26.9,6.9,bhubaneswar,20.2961,85.8245
2009-10-17,0.0,26.9,7.2,bhubaneswar,20.2961,85.8245
2009-10-18,0.0,26.7,7.7,bhubaneswar,20.2961,85.8245
2009-10-19,0.0,26.8,7.6,bhubaneswar,20.2961,85.8245
2009-10-20,0.0,27.0,8.1,bhubaneswar,20.2961,85.8245
2009-10-21,0.0,26.0,8.4,bhubaneswar,20.2961,85.8245
2009-10-22,0.0,24.6,9.3,bhubaneswar,20.2961,85.8245
2009-10-23,0.0,24.7,10.1,bhubaneswar,20.2961,85.8245
2009-10-24,0.0,24.8,8.0,bhubaneswar,20.2961,85.8245
2009-10-25,0.0,24.4,8.9,bhubaneswar,20.2961,85.8245
2009-10-26,0.0,24.5,7.6,bhubaneswar,20.2961,85.8245
2009-10-27,0.0,24.9,8.0,bhubaneswar,20.2961,85.8245
2009-10-28,0.0,25.0,8.4,bhubaneswar,20.2961,85.8245
2009-10-29,0.0,25.0,7.9,bhubaneswar,20.2961,85.8245
2009-10-30,0.0,25.1,8.6,bhubaneswar,20.2961,85.8245
2009-10-31,0.0,25.1,8.3,bhubaneswar,20.2961,85.8245
2009-11-01,0.0,25.1,8.4,bhubaneswar,20.2961,85.8245
2009-11-02,0.0,24.7,11.7,bhubaneswar,20.2961,85.8245
2009-11-03,0.3,25.6,11.1,bhubaneswar,20.2961,85.8245
2009-11-04,0.4,26.0,13.4,bhubaneswar,20.2961,85.8245
2009-11-05,5.3,25.9,12.6,bhubaneswar,20.2961,85.8245
2009-11-06,6.7,25.0,6.9,bhubaneswar,20.2961,85.8245
2009-11-07,0.0,25.9,6.2,bhubaneswar,20.2961,85.8245
2009-11-08,0.5,26.2,10.0,bhubaneswar,20.2961,85.8245
2009-11-09,0.0,26.4,8.1,bhubaneswar,20.2961,85.8245
2009-11-10,0.0,25.9,7.6,bhubaneswar,20.2961,85.8245
2009-11-11,0.0,25.6,9.9,bhubaneswar,20.2961,85.8245
2009-11-12,1.1,25.9,9.1,bhubaneswar,20.2961,85.8245
2009-11-13,0.5,27.2,6.3,bhubaneswar,20.2961,85.8245
2009-11-14,0.1,27.8,8.3,bhubaneswar,20.2961,85.8245
2009-11-15,0.4,28.1,9.8,bhubaneswar,20.2961,85.8245
2009-11-16,0.2,27.5,10.5,bhubaneswar,20.2961,85.8245
2009-11-17,10.8,26.6,13.9,bhubaneswar,20.2961,85.8245
2009-11-18,17.0,25.2,6.5,bhubaneswar,20.2961,85.8245
2009-11-19,5.1,24.6,11.2,bhubaneswar,20.2961,85.8245
2009-11-20,0.0,24.6,11.6,bhubaneswar,20.2961,85.8245
2009-11-21,0.0,23.3,12.7,bhubaneswar,20.2961,85.8245
2009-11-22,0.0,22.1,9.2,bhubaneswar,20.2961,85.8245
2009-11-23,0.0,21.8,7.0,bhubaneswar,20.2961,85.8245
2009-11-24,0.0,20.6,9.2,bhubaneswar,20.2961,85.8245
2009-11-25,0.0,21.3,6.6,bhubaneswar,20.2961,85.8245
2009-11-26,0.0,21.4,7.5,bhubaneswar,20.2961,85.8245
2009-11-27,0.0,20.6,10.0,bhubaneswar,20.2961,85.8245
2009-11-28,0.0,20.7,9.4,bhubaneswar,20.2961,85.8245
2009-11-29,0.0,20.4,9.7,bhubaneswar,20.2961,85.8245
2009-11-30,0.0,20.4,9.7,bhubaneswar,20.2961,85.8245
2009-12-01,0.0,20.7,8.9,bhubaneswar,20.2961,85.8245
2009-12-02,0.0,21.2,9.3,bhubaneswar,20.2961,85.8245
2009-12-03,0.0,21.6,9.0,bhubaneswar,20.2961,85.8245
2009-12-04,0.0,21.8,7.8,bhubaneswar,20.2961,85.8245
2009-12-05,0.0,22.0,8.5,bhubaneswar,20.2961,85.8245
2009-12-06,0.0,22.0,8.4,bhubaneswar,20.2961,85.8245
2009-12-07,0.0,22.5,8.1,bhubaneswar,20.2961,85.8245
2009-12-08,0.0,22.6,10.1,bhubaneswar,20.2961,85.8245
2009-12-09,0.0,23.0,8.8,bhubaneswar,20.2961,85.8245
2009-12-10,0.0,22.5,11.3,bhubaneswar,20.2961,85.8245
2009-12-11,0.0,22.3,9.2,bhubaneswar,20.2961,85.8245
2009-12-12,0.0,21.9,8.6,bhubaneswar,20.2961,85.8245
2009-12-13,0.0,21.8,8.2,bhubaneswar,20.2961,85.8245
2009-12-14,0.0,21.8,7.7,bhubaneswar,20.2961,85.8245
2009-12-15,0.0,22.3,7.7,bhubaneswar,20.2961,85.8245
2009-12-16,0.1,23.3,9.4,bhubaneswar,20.2961,85.8245
2009-12-17,0.0,23.6,8.1,bhubaneswar,20.2961,85.8245
2009-12-18,0.0,23.3,7.6,bhubaneswar,20.2961,85.8245
2009-12-19,0.0,23.6,8.1,bhubaneswar,20.2961,85.8245
2009-12-20,0.0,23.2,10.5,bhubaneswar,20.2961,85.8245
2009-12-21,0.0,22.2,9.7,bhubaneswar,20.2961,85.8245
2009-12-22,0.0,21.3,7.9,bhubaneswar,20.2961,85.8245
2009-12-23,0.0,21.2,8.7,bhubaneswar,20.2961,85.8245
2009-12-24,0.0,20.4,9.2,bhubaneswar,20.2961,85.8245
2009-12-25,0.0,19.7,10.0,bhubaneswar,20.2961,85.8245
2009-12-26,0.0,20.6,9.1,bhubaneswar,20.2961,85.8245
2009-12-27,0.0,20.1,8.6,bhubaneswar,20.2961,85.8245
2009-12-28,0.0,19.9,9.0,bhubaneswar,20.2961,85.8245
2009-12-29,0.0,20.8,8.9,bhubaneswar,20.2961,85.8245
2009-12-30,0.0,21.8,8.0,bhubaneswar,20.2961,85.8245
2009-12-31,0.1,22.8,9.4,bhubaneswar,20.2961,85.8245
2010-01-01,0.0,20.6,13.9,bhubaneswar,20.2961,85.8245
2010-01-02,0.0,18.6,9.5,bhubaneswar,20.2961,85.8245
2010-01-03,0.0,18.8,9.0,bhubaneswar,20.2961,85.8245
2010-01-04,0.0,19.8,9.0,bhubaneswar,20.2961,85.8245
2010-01-05,0.0,20.1,11.2,bhubaneswar,20.2961,85.8245
2010-01-06,0.0,19.5,11.6,bhubaneswar,20.2961,85.8245
2010-01-07,0.0,19.0,12.5,bhubaneswar,20.2961,85.8245
2010-01-08,0.0,20.7,9.4,bhubaneswar,20.2961,85.8245
2010-01-09,0.0,22.4,9.6,bhubaneswar,20.2961,85.8245
2010-01-10,0.0,23.3,11.1,bhubaneswar,20.2961,85.8245
2010-01-11,0.0,23.8,11.0,bhubaneswar,20.2961,85.8245
2010-01-12,0.0,23.2,9.6,bhubaneswar,20.2961,85.8245
2010-01-13,0.0,23.9,7.4,bhubaneswar,20.2961,85.8245
2010-01-14,0.8,22.3,6.8,bhubaneswar,20.2961,85.8245
2010-01-15,0.0,22.7,12.4,bhubaneswar,20.2961,85.8245
2010-01-16,0.0,21.6,8.9,bhubaneswar,20.2961,85.8245
2010-01-17,0.0,20.9,9.4,bhubaneswar,20.2961,85.8245
2010-01-18,0.0,21.1,8.0,bhubaneswar,20.2961,85.8245
2010-01-19,0.0,20.9,8.7,bhubaneswar,20.2961,85.8245
2010-01-20,0.0,20.5,8.8,bhubaneswar,20.2961,85.8245
2010-01-21,0.0,20.5,10.6,bhubaneswar,20.2961,85.8245
2010-01-22,0.0,20.5,9.2,bhubaneswar,20.2961,85.8245
2010-01-23,0.0,20.9,9.0,bhubaneswar,20.2961,85.8245
2010-01-24,0.0,20.9,9.0,bhubaneswar,20.2961,85.8245
2010-01-25,0.0,20.9,9.5,bhubaneswar,20.2961,85.8245
2010-01-26,0.0,22.1,8.9,bhubaneswar,20.2961,85.8245
2010-01-27,0.0,22.4,10.2,bhubaneswar,20.2961,85.8245
2010-01-28,0.0,22.3,10.4,bhubaneswar,20.2961,85.8245
2010-01-29,0.0,22.3,10.7,bhubaneswar,20.2961,85.8245
2010-01-30,0.0,23.0,9.8,bhubaneswar,20.2961,85.8245
2010-01-31,0.0,22.3,10.1,bhubaneswar,20.2961,85.8245
2010-02-01,0.0,22.8,12.7,bhubaneswar,20.2961,85.8245
2010-02-02,0.0,23.3,11.9,bhubaneswar,20.2961,85.8245
2010-02-03,0.0,24.0,10.2,bhubaneswar,20.2961,85.8245
2010-02-04,0.0,24.3,10.7,bhubaneswar,20.2961,85.8245
2010-02-05,0.0,24.0,8.2,bhubaneswar,20.2961,85.8245
2010-02-06,0.0,23.5,9.6,bhubaneswar,20.2961,85.8245
2010-02-07,0.0,24.0,10.1,bhubaneswar,20.2961,85.8245
2010-02-08,0.0,24.7,10.1,bhubaneswar,20.2961,85.8245
2010-02-09,0.0,24.7,13.3,bhubaneswar,20.2961,85.8245
2010-02-10,0.0,24.6,10.1,bhubaneswar,20.2961,85.8245
2010-02-11,0.0,24.4,11.2,bhubaneswar,20.2961,85.8245
2010-02-12,0.0,24.9,13.0,bhubaneswar,20.2961,85.8245
2010-02-13,0.0,25.0,13.9,bhubaneswar,20.2961,85.8245
2010-02-14,0.0,26.0,15.1,bhubaneswar,20.2961,85.8245
2010-02-15,0.0,26.2,15.7,bhubaneswar,20.2961,85.8245
2010-02-16,0.0,26.0,11.6,bhubaneswar,20.2961,85.8245
2010-02-17,0.3,27.2,9.8,bhubaneswar,20.2961,85.8245
2010-02-18,0.2,26.2,14.4,bhubaneswar,20.2961,85.8245
2010-02-19,0.3,26.2,13.4,bhubaneswar,20.2961,85.8245
2010-02-20,0.0,27.1,14.1,bhubaneswar,20.2961,85.8245
2010-02-21,0.0,27.0,12.3,bhubaneswar,20.2961,85.8245
2010-02-22,0.0,26.7,13.3,bhubaneswar,20.2961,85.8245
2010-02-23,0.0,27.0,16.9,bhubaneswar,20.2961,85.8245
2010-02-24,0.8,28.0,17.4,bhubaneswar,20.2961,85.8245
2010-02-25,0.0,28.9,11.0,bhubaneswar,20.2961,85.8245
2010-02-26,0.0,27.9,13.7,bhubaneswar,20.2961,85.8245
2010-02-27,0.0,27.9,11.6,bhubaneswar,20.2961,85.8245
2010-02-28,0.0,28.1,12.6,bhubaneswar,20.2961,85.8245
2010-03-01,0.0,28.3,15.5,bhubaneswar,20.2961,85.8245
2010-03-02,0.0,28.7,16.1,bhubaneswar,20.2961,85.8245
2010-03-03,0.0,29.6,15.6,bhubaneswar,20.2961,85.8245
2010-03-04,0.0,29.5,19.0,bhubaneswar,20.2961,85.8245
2010-03-05,0.0,29.4,17.5,bhubaneswar,20.2961,85.8245
2010-03-06,0.0,30.2,15.5,bhubaneswar,20.2961,85.8245
2010-03-07,0.0,29.8,14.3,bhubaneswar,20.2961,85.8245
2010-03-08,0.3,29.8,15.6,bhubaneswar,20.2961,85.8245
2010-03-09,0.0,28.9,12.9,bhubaneswar,20.2961,85.8245
2010-03-10,0.0,29.0,14.5,bhubaneswar,20.2961,85.8245
2010-03-11,0.3,29.1,12.7,bhubaneswar,20.2961,85.8245
2010-03-12,0.0,29.8,12.8,bhubaneswar,20.2961,85.8245
2010-03-13,0.0,30.2,12.8,bhubaneswar,20.2961,85.8245
2010-03-14,0.6,30.6,12.8,bhubaneswar,20.2961,85.8245
2010-03-15,0.0,30.2,17.3,bhubaneswar,20.2961,85.8245
2010-03-16,0.3,29.5,14.8,bhubaneswar,20.2961,85.8245
2010-03-17,0.7,28.8,15.7,bhubaneswar,20.2961,85.8245
2010-03-18,0.0,29.2,11.9,bhubaneswar,20.2961,85.8245
2010-03-19,0.0,30.3,12.0,bhubaneswar,20.2961,85.8245
2010-03-20,0.0,29.8,13.8,bhubaneswar,20.2961,85.8245
2010-03-21,0.0,29.7,16.6,bhubaneswar,20.2961,85.8245
2010-03-22,0.0,30.3,18.1,bhubaneswar,20.2961,85.8245
2010-03-23,0.0,30.1,20.8,bhubaneswar,20.2961,85.8245
2010-03-24,0.0,29.8,19.5,bhubaneswar,20.2961,85.8245
2010-03-25,0.0,29.8,17.2,bhubaneswar,20.2961,85.8245
2010-03-26,0.0,29.9,18.9,bhubaneswar,20.2961,85.8245
2010-03-27,0.0,29.6,19.6,bhubaneswar,20.2961,85.8245
2010-03-28,0.0,30.1,21.0,bhubaneswar,20.2961,85.8245
2010-03-29,0.0,30.3,19.7,bhubaneswar,20.2961,85.8245
2010-03-30,0.0,30.9,21.4,bhubaneswar,20.2961,85.8245
2010-03-31,0.3,30.9,25.9,bhubaneswar,20.2961,85.8245
2010-04-01,0.0,31.2,20.8,bhubaneswar,20.2961,85.8245
2010-04-02,0.1,30.7,21.3,bhubaneswar,20.2961,85.8245
2010-04-03,0.0,30.5,18.2,bhubaneswar,20.2961,85.8245
2010-04-04,0.0,30.9,19.2,bhubaneswar,20.2961,85.8245
2010-04-05,0.0,31.6,16.3,bhubaneswar,20.2961,85.8245
2010-04-06,0.0,31.2,19.2,bhubaneswar,20.2961,85.8245
2010-04-07,0.0,30.9,17.6,bhubaneswar,20.2961,85.8245
2010-04-08,0.0,30.9,17.3,bhubaneswar,20.2961,85.8245
2010-04-09,0.0,32.0,17.7,bhubaneswar,20.2961,85.8245
2010-04-10,0.0,31.9,20.9,bhubaneswar,20.2961,85.8245
2010-04-11,0.0,31.7,18.6,bhubaneswar,20.2961,85.8245
2010-04-12,0.0,31.2,23.3,bhubaneswar,20.2961,85.8245
2010-04-13,0.0,31.5,22.8,bhubaneswar,20.2961,85.8245
2010-04-14,0.0,31.9,22.0,bhubaneswar,20.2961,85.8245
2010-04-15,0.0,31.0,18.1,bhubaneswar,20.2961,85.8245
2010-04-16,0.0,30.7,22.1,bhubaneswar,20.2961,85.8245
2010-04-17,0.0,31.0,24.7,bhubaneswar,20.2961,85.8245
2010-04-18,0.0,31.5,24.5,bhubaneswar,20.2961,85.8245
2010-04-19,0.0,31.9,26.8,bhubaneswar,20.2961,85.8245
2010-04-20,0.0,32.2,21.0,bhubaneswar,20.2961,85.8245
2010-04-21,0.0,31.7,23.9,bhubaneswar,20.2961,85.8245
2010-04-22,0.0,31.9,17.7,bhubaneswar,20.2961,85.8245
2010-04-23,0.0,31.5,22.4,bhubaneswar,20.2961,85.8245
2010-04-24,0.0,31.9,20.9,bhubaneswar,20.2961,85.8245
2010-04-25,0.0,31.9,20.4,bhubaneswar,20.2961,85.8245
2010-04-26,0.0,31.5,23.3,bhubaneswar,20.2961,85.8245
2010-04-27,0.0,31.4,21.9,bhubaneswar,20.2961,85.8245
2010-04-28,0.0,31.4,25.1,bhubaneswar,20.2961,85.8245
2010-04-29,0.0,31.4,20.1,bhubaneswar,20.2961,85.8245
2010-04-30,1.0,31.6,18.4,bhubaneswar,20.2961,85.8245
2010-05-01,0.0,31.9,14.4,bhubaneswar,20.2961,85.8245
2010-05-02,0.0,33.0,15.5,bhubaneswar,20.2961,85.8245
2010-05-03,0.5,32.0,15.2,bhubaneswar,20.2961,85.8245
2010-05-04,3.8,30.3,17.2,bhubaneswar,20.2961,85.8245
2010-05-05,1.4,30.7,15.8,bhubaneswar,20.2961,85.8245
2010-05-06,0.2,30.5,15.8,bhubaneswar,20.2961,85.8245
2010-05-07,0.0,30.8,20.4,bhubaneswar,20.2961,85.8245
2010-05-08,0.0,31.8,16.6,bhubaneswar,20.2961,85.8245
2010-05-09,0.0,32.7,22.2,bhubaneswar,20.2961,85.8245
2010-05-10,0.0,32.9,17.7,bhubaneswar,20.2961,85.8245
2010-05-11,0.0,32.5,22.6,bhubaneswar,20.2961,85.8245
2010-05-12,0.0,32.6,24.0,bhubaneswar,20.2961,85.8245
2010-05-13,0.0,32.6,20.7,bhubaneswar,20.2961,85.8245
2010-05-14,0.0,32.2,26.2,bhubaneswar,20.2961,85.8245
2010-05-15,0.0,32.0,20.0,bhubaneswar,20.2961,85.8245
2010-05-16,0.0,32.0,21.9,bhubaneswar,20.2961,85.8245
2010-05-17,0.0,31.5,21.3,bhubaneswar,20.2961,85.8245
2010-05-18,0.0,31.3,18.8,bhubaneswar,20.2961,85.8245
2010-05-19,1.1,29.8,18.1,bhubaneswar,20.2961,85.8245
2010-05-20,2.8,29.7,19.1,bhubaneswar,20.2961,85.8245
2010-05-21,6.3,27.9,14.4,bhubaneswar,20.2961,85.8245
2010-05-22,17.6,27.6,17.6,bhubaneswar,20.2961,85.8245
2010-05-23,24.2,27.2,15.7,bhubaneswar,20.2961,85.8245
2010-05-24,0.0,30.5,15.0,bhubaneswar,20.2961,85.8245
2010-05-25,0.0,31.5,23.7,bhubaneswar,20.2961,85.8245
2010-05-26,0.0,33.0,14.9,bhubaneswar,20.2961,85.8245
2010-05-27,0.0,32.8,10.5,bhubaneswar,20.2961,85.8245
2010-05-28,0.0,32.4,11.9,bhubaneswar,20.2961,85.8245
2010-05-29,0.0,32.0,15.9,bhubaneswar,20.2961,85.8245
2010-05-30,0.0,31.7,16.8,bhubaneswar,20.2961,85.8245
2010-05-31,0.0,32.1,24.9,bhubaneswar,20.2961,85.8245
2010-06-01,0.0,32.3,16.2,bhubaneswar,20.2961,85.8245
2010-06-02,0.0,31.9,18.7,bhubaneswar,20.2961,85.8245
2010-06-03,0.0,32.3,16.5,bhubaneswar,20.2961,85.8245
2010-06-04,0.1,34.0,17.3,bhubaneswar,20.2961,85.8245
2010-06-05,0.0,34.9,12.6,bhubaneswar,20.2961,85.8245
2010-06-06,0.2,34.4,12.7,bhubaneswar,20.2961,85.8245
2010-06-07,0.0,33.1,15.7,bhubaneswar,20.2961,85.8245
2010-06-08,0.1,32.5,15.6,bhubaneswar,20.2961,85.8245
2010-06-09,0.4,31.6,16.4,bhubaneswar,20.2961,85.8245
2010-06-10,0.9,31.4,14.1,bhubaneswar,20.2961,85.8245
2010-06-11,14.9,29.9,12.9,bhubaneswar,20.2961,85.8245
2010-06-12,10.4,28.8,13.0,bhubaneswar,20.2961,85.8245
2010-06-13,16.1,28.3,15.8,bhubaneswar,20.2961,85.8245
2010-06-14,9.2,27.9,14.7,bhubaneswar,20.2961,85.8245
2010-06-15,0.4,30.5,17.8,bhubaneswar,20.2961,85.8245
2010-06-16,0.0,30.6,15.6,bhubaneswar,20.2961,85.8245
2010-06-17,0.6,30.4,15.9,bhubaneswar,20.2961,85.8245
2010-06-18,6.3,29.8,14.7,bhubaneswar,20.2961,85.8245
2010-06-19,9.3,29.1,21.7,bhubaneswar,20.2961,85.8245
2010-06-20,3.2,29.3,17.9,bhubaneswar,20.2961,85.8245
2010-06-21,3.1,29.7,12.9,bhubaneswar,20.2961,85.8245
2010-06-22,2.3,31.2,14.9,bhubaneswar,20.2961,85.8245
2010-06-23,34.8,29.3,13.6,bhubaneswar,20.2961,85.8245
2010-06-24,59.7,27.3,10.8,bhubaneswar,20.2961,85.8245
2010-06-25,37.5,27.2,14.5,bhubaneswar,20.2961,85.8245
2010-06-26,21.7,27.9,14.4,bhubaneswar,20.2961,85.8245
2010-06-27,2.7,29.4,17.4,bhubaneswar,20.2961,85.8245
2010-06-28,3.4,29.6,17.2,bhubaneswar,20.2961,85.8245
2010-06-29,12.9,29.9,13.8,bhubaneswar,20.2961,85.8245
2010-06-30,17.4,28.1,12.3,bhubaneswar,20.2961,85.8245
2010-07-01,22.4,27.7,5.7,bhubaneswar,20.2961,85.8245
2010-07-02,11.2,27.4,7.1,bhubaneswar,20.2961,85.8245
2010-07-03,3.0,28.1,20.2,bhubaneswar,20.2961,85.8245
2010-07-04,13.6,27.5,17.3,bhubaneswar,20.2961,85.8245
2010-07-05,11.3,27.2,10.9,bhubaneswar,20.2961,85.8245
2010-07-06,7.5,27.2,15.4,bhubaneswar,20.2961,85.8245
2010-07-07,2.2,27.5,22.7,bhubaneswar,20.2961,85.8245
2010-07-08,1.5,28.5,22.3,bhubaneswar,20.2961,85.8245
2010-07-09,2.8,28.9,13.1,bhubaneswar,20.2961,85.8245
2010-07-10,6.7,29.2,16.3,bhubaneswar,20.2961,85.8245
2010-07-11,25.4,27.8,15.2,bhubaneswar,20.2961,85.8245
2010-07-12,11.3,27.7,13.5,bhubaneswar,20.2961,85.8245
2010-07-13,5.2,27.7,15.3,bhubaneswar,20.2961,85.8245
2010-07-14,11.4,27.7,8.1,bhubaneswar,20.2961,85.8245
2010-07-15,6.6,27.7,9.7,bhubaneswar,20.2961,85.8245
2010-07-16,0.7,28.3,11.9,bhubaneswar,20.2961,85.8245
2010-07-17,1.5,28.6,14.4,bhubaneswar,20.2961,85.8245
2010-07-18,0.7,28.9,13.7,bhubaneswar,20.2961,85.8245
2010-07-19,5.9,28.7,16.3,bhubaneswar,20.2961,85.8245
2010-07-20,2.4,28.5,13.5,bhubaneswar,20.2961,85.8245
2010-07-21,6.4,27.9,12.0,bhubaneswar,20.2961,85.8245
2010-07-22,12.0,28.1,14.1,bhubaneswar,20.2961,85.8245
2010-07-23,22.1,27.8,10.0,bhubaneswar,20.2961,85.8245
2010-07-24,75.0,26.3,17.8,bhubaneswar,20.2961,85.8245
2010-07-25,30.6,26.4,21.6,bhubaneswar,20.2961,85.8245
2010-07-26,0.2,28.1,17.6,bhubaneswar,20.2961,85.8245
2010-07-27,5.0,27.4,8.3,bhubaneswar,20.2961,85.8245
2010-07-28,5.3,27.7,11.1,bhubaneswar,20.2961,85.8245
2010-07-29,7.8,27.8,12.6,bhubaneswar,20.2961,85.8245
2010-07-30,4.7,27.6,17.1,bhubaneswar,20.2961,85.8245
2010-07-31,9.0,28.1,13.6,bhubaneswar,20.2961,85.8245
2010-08-01,5.0,28.2,7.6,bhubaneswar,20.2961,85.8245
2010-08-02,13.5,27.2,7.6,bhubaneswar,20.2961,85.8245
2010-08-03,11.4,26.7,11.2,bhubaneswar,20.2961,85.8245
2010-08-04,16.7,27.1,12.6,bhubaneswar,20.2961,85.8245
2010-08-05,30.7,26.7,15.2,bhubaneswar,20.2961,85.8245
2010-08-06,1.5,27.3,27.2,bhubaneswar,20.2961,85.8245
2010-08-07,0.2,28.1,14.3,bhubaneswar,20.2961,85.8245
2010-08-08,0.7,28.7,9.0,bhubaneswar,20.2961,85.8245
2010-08-09,1.8,29.5,10.3,bhubaneswar,20.2961,85.8245
2010-08-10,7.0,29.0,5.0,bhubaneswar,20.2961,85.8245
2010-08-11,3.8,28.9,8.3,bhubaneswar,20.2961,85.8245
2010-08-12,6.5,27.8,8.7,bhubaneswar,20.2961,85.8245
2010-08-13,5.0,28.2,13.7,bhubaneswar,20.2961,85.8245
2010-08-14,6.7,28.0,15.5,bhubaneswar,20.2961,85.8245
2010-08-15,12.8,28.1,13.5,bhubaneswar,20.2961,85.8245
2010-08-16,0.5,28.8,15.3,bhubaneswar,20.2961,85.8245
2010-08-17,5.1,28.8,12.3,bhubaneswar,20.2961,85.8245
2010-08-18,1.7,28.8,14.5,bhubaneswar,20.2961,85.8245
2010-08-19,8.8,27.8,13.4,bhubaneswar,20.2961,85.8245
2010-08-20,7.3,26.8,14.2,bhubaneswar,20.2961,85.8245
2010-08-21,1.4,28.4,14.8,bhubaneswar,20.2961,85.8245
2010-08-22,0.8,28.7,11.3,bhubaneswar,20.2961,85.8245
2010-08-23,4.5,28.7,10.0,bhubaneswar,20.2961,85.8245
2010-08-24,1.3,28.8,10.1,bhubaneswar,20.2961,85.8245
2010-08-25,10.6,27.6,14.6,bhubaneswar,20.2961,85.8245
2010-08-26,11.8,27.0,19.2,bhubaneswar,20.2961,85.8245
2010-08-27,9.5,27.0,14.8,bhubaneswar,20.2961,85.8245
2010-08-28,16.3,27.7,10.9,bhubaneswar,20.2961,85.8245
2010-08-29,32.5,27.1,12.1,bhubaneswar,20.2961,85.8245
2010-08-30,7.3,26.7,14.6,bhubaneswar,20.2961,85.8245
2010-08-31,0.2,28.2,12.0,bhubaneswar,20.2961,85.8245
2010-09-01,0.2,28.7,8.7,bhubaneswar,20.2961,85.8245
2010-09-02,12.8,28.1,9.0,bhubaneswar,20.2961,85.8245
2010-09-03,9.3,27.7,12.2,bhubaneswar,20.2961,85.8245
2010-09-04,3.7,27.7,12.4,bhubaneswar,20.2961,85.8245
2010-09-05,9.2,27.7,9.4,bhubaneswar,20.2961,85.8245
2010-09-06,11.9,27.6,6.5,bhubaneswar,20.2961,85.8245
2010-09-07,15.4,27.0,14.1,bhubaneswar,20.2961,85.8245
2010-09-08,3.9,28.2,15.2,bhubaneswar,20.2961,85.8245
2010-09-09,3.6,28.2,16.8,bhubaneswar,20.2961,85.8245
2010-09-10,7.8,28.2,9.3,bhubaneswar,20.2961,85.8245
2010-09-11,7.3,28.4,10.5,bhubaneswar,20.2961,85.8245
2010-09-12,6.1,27.5,6.6,bhubaneswar,20.2961,85.8245
2010-09-13,25.2,26.8,9.0,bhubaneswar,20.2961,85.8245
2010-09-14,12.9,27.1,10.4,bhubaneswar,20.2961,85.8245
2010-09-15,5.5,27.2,9.7,bhubaneswar,20.2961,85.8245
2010-09-16,7.9,26.8,10.2,bhubaneswar,20.2961,85.8245
2010-09-17,12.3,26.2,11.0,bhubaneswar,20.2961,85.8245
2010-09-18,5.0,26.5,16.6,bhubaneswar,20.2961,85.8245
2010-09-19,9.5,27.0,17.8,bhubaneswar,20.2961,85.8245
2010-09-20,1.6,27.0,13.4,bhubaneswar,20.2961,85.8245
2010-09-21,6.7,28.3,10.4,bhubaneswar,20.2961,85.8245
2010-09-22,1.1,28.6,7.6,bhubaneswar,20.2961,85.8245
2010-09-23,0.8,28.5,8.7,bhubaneswar,20.2961,85.8245
2010-09-24,2.0,28.6,9.7,bhubaneswar,20.2961,85.8245
2010-09-25,0.9,28.8,8.3,bhubaneswar,20.2961,85.8245
2010-09-26,1.5,28.7,9.4,bhubaneswar,20.2961,85.8245
2010-09-27,1.8,28.8,9.2,bhubaneswar,20.2961,85.8245
2010-09-28,3.6,28.7,7.5,bhubaneswar,20.2961,85.8245
2010-09-29,4.5,27.9,8.1,bhubaneswar,20.2961,85.8245
2010-09-30,0.5,27.6,9.8,bhubaneswar,20.2961,85.8245
2010-10-01,2.6,27.0,11.2,bhubaneswar,20.2961,85.8245
2010-10-02,8.7,27.2,8.4,bhubaneswar,20.2961,85.8245
2010-10-03,0.0,28.3,6.1,bhubaneswar,20.2961,85.8245
2010-10-04,0.0,28.6,8.1,bhubaneswar,20.2961,85.8245
2010-10-05,17.5,26.8,15.3,bhubaneswar,20.2961,85.8245
2010-10-06,9.4,25.8,17.4,bhubaneswar,20.2961,85.8245
2010-10-07,24.5,25.0,19.9,bhubaneswar,20.2961,85.8245
2010-10-08,10.1,26.8,12.8,bhubaneswar,20.2961,85.8245
2010-10-09,0.8,27.3,6.1,bhubaneswar,20.2961,85.8245
2010-10-10,1.7,27.5,9.6,bhubaneswar,20.2961,85.8245
2010-10-11,0.0,28.2,8.6,bhubaneswar,20.2961,85.8245
2010-10-12,0.3,28.0,8.5,bhubaneswar,20.2961,85.8245
2010-10-13,1.6,26.6,16.1,bhubaneswar,20.2961,85.8245
2010-10-14,20.4,26.2,22.6,bhubaneswar,20.2961,85.8245
2010-10-15,2.9,25.9,26.3,bhubaneswar,20.2961,85.8245
2010-10-16,3.7,26.2,20.2,bhubaneswar,20.2961,85.8245
2010-10-17,2.9,25.7,15.6,bhubaneswar,20.2961,85.8245
2010-10-18,0.7,26.7,7.2,bhubaneswar,20.2961,85.8245
2010-10-19,0.3,27.4,8.3,bhubaneswar,20.2961,85.8245
2010-10-20,0.0,28.2,7.9,bhubaneswar,20.2961,85.8245
2010-10-21,5.2,28.0,7.6,bhubaneswar,20.2961,85.8245
2010-10-22,13.1,27.0,6.5,bhubaneswar,20.2961,85.8245
2010-10-23,3.7,26.7,9.6,bhubaneswar,20.2961,85.8245
2010-10-24,20.4,26.0,5.9,bhubaneswar,20.2961,85.8245
2010-10-25,0.0,26.6,5.8,bhubaneswar,20.2961,85.8245
2010-10-26,0.4,26.2,4.7,bhubaneswar,20.2961,85.8245
2010-10-27,0.0,26.3,6.2,bhubaneswar,20.2961,85.8245
2010-10-28,0.3,26.2,8.2,bhubaneswar,20.2961,85.8245
2010-10-29,0.0,26.0,12.5,bhubaneswar,20.2961,85.8245
2010-10-30,0.2,25.9,15.1,bhubaneswar,20.2961,85.8245
2010-10-31,15.2,24.4,9.5,bhubaneswar,20.2961,85.8245
2010-11-01,5.1,23.2,11.7,bhubaneswar,20.2961,85.8245
2010-11-02,0.4,23.8,13.5,bhubaneswar,20.2961,85.8245
2010-11-03,0.1,24.6,12.2,bhubaneswar,20.2961,85.8245
2010-11-04,0.0,24.6,13.8,bhubaneswar,20.2961,85.8245
2010-11-05,0.0,23.8,12.2,bhubaneswar,20.2961,85.8245
2010-11-06,0.0,25.0,15.1,bhubaneswar,20.2961,85.8245
2010-11-07,9.5,25.3,19.5,bhubaneswar,20.2961,85.8245
2010-11-08,17.3,24.2,10.8,bhubaneswar,20.2961,85.8245
2010-11-09,2.5,24.9,6.4,bhubaneswar,20.2961,85.8245
2010-11-10,0.0,25.9,7.8,bhubaneswar,20.2961,85.8245
2010-11-11,1.3,25.8,9.8,bhubaneswar,20.2961,85.8245
2010-11-12,4.8,25.1,6.8,bhubaneswar,20.2961,85.8245
2010-11-13,0.7,25.6,6.4,bhubaneswar,20.2961,85.8245
2010-11-14,0.0,25.1,8.7,bhubaneswar,20.2961,85.8245
2010-11-15,0.0,24.7,10.3,bhubaneswar,20.2961,85.8245
2010-11-16,0.0,24.3,6.9,bhubaneswar,20.2961,85.8245
2010-11-17,0.0,24.3,7.0,bhubaneswar,20.2961,85.8245
2010-11-18,0.0,24.7,7.1,bhubaneswar,20.2961,85.8245
2010-11-19,0.0,25.2,8.3,bhubaneswar,20.2961,85.8245
2010-11-20,0.0,25.7,8.6,bhubaneswar,20.2961,85.8245
2010-11-21,0.6,25.0,8.1,bhubaneswar,20.2961,85.8245
2010-11-22,0.0,24.3,10.1,bhubaneswar,20.2961,85.8245
2010-11-23,0.0,24.0,8.3,bhubaneswar,20.2961,85.8245
2010-11-24,0.0,24.0,7.6,bhubaneswar,20.2961,85.8245
2010-11-25,0.0,24.4,7.1,bhubaneswar,20.2961,85.8245
2010-11-26,0.0,25.2,7.4,bhubaneswar,20.2961,85.8245
2010-11-27,0.8,25.6,6.8,bhubaneswar,20.2961,85.8245
2010-11-28,0.4,25.7,7.3,bhubaneswar,20.2961,85.8245
2010-11-29,0.0,25.2,5.9,bhubaneswar,20.2961,85.8245
2010-11-30,1.1,24.5,7.9,bhubaneswar,20.2961,85.8245
2010-12-01,0.0,22.9,11.8,bhubaneswar,20.2961,85.8245
2010-12-02,0.0,21.0,11.2,bhubaneswar,20.2961,85.8245
2010-12-03,0.0,20.9,13.0,bhubaneswar,20.2961,85.8245
2010-12-04,0.0,21.4,15.5,bhubaneswar,20.2961,85.8245
2010-12-05,14.4,19.7,14.0,bhubaneswar,20.2961,85.8245
2010-12-06,28.6,18.2,15.3,bhubaneswar,20.2961,85.8245
2010-12-07,15.0,21.9,14.3,bhubaneswar,20.2961,85.8245
2010-12-08,27.0,20.2,15.6,bhubaneswar,20.2961,85.8245
2010-12-09,0.5,23.1,10.7,bhubaneswar,20.2961,85.8245
2010-12-10,1.5,22.4,10.6,bhubaneswar,20.2961,85.8245
2010-12-11,0.0,23.2,8.8,bhubaneswar,20.2961,85.8245
2010-12-12,0.0,23.7,7.9,bhubaneswar,20.2961,85.8245
2010-12-13,3.8,22.6,10.5,bhubaneswar,20.2961,85.8245
2010-12-14,0.0,21.1,9.8,bhubaneswar,20.2961,85.8245
2010-12-15,0.0,19.5,10.1,bhubaneswar,20.2961,85.8245
2010-12-16,0.0,18.8,8.1,bhubaneswar,20.2961,85.8245
2010-12-17,0.0,18.3,8.2,bhubaneswar,20.2961,85.8245
2010-12-18,0.0,18.7,8.0,bhubaneswar,20.2961,85.8245
2010-12-19,0.0,18.2,11.8,bhubaneswar,20.2961,85.8245
2010-12-20,0.0,17.8,11.2,bhubaneswar,20.2961,85.8245
2010-12-21,0.0,17.4,8.7,bhubaneswar,20.2961,85.8245
2010-12-22,0.0,18.3,10.6,bhubaneswar,20.2961,85.8245
2010-12-23,0.0,18.6,9.6,bhubaneswar,20.2961,85.8245
2010-12-24,0.0,18.9,9.4,bhubaneswar,20.2961,85.8245
2010-12-25,0.0,19.8,9.2,bhubaneswar,20.2961,85.8245
2010-12-26,0.0,19.7,8.4,bhubaneswar,20.2961,85.8245
2010-12-27,0.0,19.6,8.9,bhubaneswar,20.2961,85.8245
2010-12-28,0.0,19.3,8.9,bhubaneswar,20.2961,85.8245
2010-12-29,0.0,19.0,9.5,bhubaneswar,20.2961,85.8245
2010-12-30,0.0,18.9,9.4,bhubaneswar,20.2961,85.8245
2010-12-31,0.0,19.7,9.3,bhubaneswar,20.2961,85.8245
2011-01-01,0.0,21.5,8.7,bhubaneswar,20.2961,85.8245
2011-01-02,0.0,20.0,13.8,bhubaneswar,20.2961,85.8245
2011-01-03,0.0,18.6,11.7,bhubaneswar,20.2961,85.8245
2011-01-04,0.0,17.2,12.5,bhubaneswar,20.2961,85.8245
2011-01-05,0.0,17.2,11.2,bhubaneswar,20.2961,85.8245
2011-01-06,0.0,16.9,13.5,bhubaneswar,20.2961,85.8245
2011-01-07,0.0,17.4,14.8,bhubaneswar,20.2961,85.8245
2011-01-08,0.0,18.4,12.2,bhubaneswar,20.2961,85.8245
2011-01-09,0.0,19.3,8.9,bhubaneswar,20.2961,85.8245
2011-01-10,0.0,18.7,9.3,bhubaneswar,20.2961,85.8245
2011-01-11,0.0,17.5,10.9,bhubaneswar,20.2961,85.8245
2011-01-12,0.0,17.3,10.5,bhubaneswar,20.2961,85.8245
2011-01-13,0.0,18.8,9.8,bhubaneswar,20.2961,85.8245
2011-01-14,0.0,19.8,9.7,bhubaneswar,20.2961,85.8245
2011-01-15,0.0,20.7,9.8,bhubaneswar,20.2961,85.8245
2011-01-16,0.0,21.8,11.3,bhubaneswar,20.2961,85.8245
2011-01-17,0.0,19.3,13.0,bhubaneswar,20.2961,85.8245
2011-01-18,0.0,19.2,9.6,bhubaneswar,20.2961,85.8245
2011-01-19,0.0,21.8,9.9,bhubaneswar,20.2961,85.8245
2011-01-20,0.0,21.1,10.2,bhubaneswar,20.2961,85.8245
2011-01-21,0.0,20.7,10.5,bhubaneswar,20.2961,85.8245
2011-01-22,0.0,20.5,9.0,bhubaneswar,20.2961,85.8245
2011-01-23,0.0,20.8,8.4,bhubaneswar,20.2961,85.8245
2011-01-24,0.0,21.1,9.1,bhubaneswar,20.2961,85.8245
2011-01-25,0.0,22.3,9.0,bhubaneswar,20.2961,85.8245
2011-01-26,0.0,22.0,8.4,bhubaneswar,20.2961,85.8245
2011-01-27,0.0,22.1,10.2,bhubaneswar,20.2961,85.8245
2011-01-28,0.0,22.2,10.2,bhubaneswar,20.2961,85.8245
2011-01-29,0.0,22.5,12.0,bhubaneswar,20.2961,85.8245
2011-01-30,0.0,23.2,10.7,bhubaneswar,20.2961,85.8245
2011-01-31,0.2,23.2,7.8,bhubaneswar,20.2961,85.8245
2011-02-01,0.0,22.9,11.0,bhubaneswar,20.2961,85.8245
2011-02-02,0.0,22.7,9.7,bhubaneswar,20.2961,85.8245
2011-02-03,0.0,22.1,9.1,bhubaneswar,20.2961,85.8245
2011-02-04,0.0,22.5,10.3,bhubaneswar,20.2961,85.8245
2011-02-05,0.0,22.8,9.4,bhubaneswar,20.2961,85.8245
2011-02-06,0.0,22.7,10.5,bhubaneswar,20.2961,85.8245
2011-02-07,0.0,23.7,11.7,bhubaneswar,20.2961,85.8245
2011-02-08,0.0,24.5,12.7,bhubaneswar,20.2961,85.8245
2011-02-09,0.0,24.7,11.3,bhubaneswar,20.2961,85.8245
2011-02-10,0.0,24.2,13.8,bhubaneswar,20.2961,85.8245
2011-02-11,0.0,24.2,11.9,bhubaneswar,20.2961,85.8245
2011-02-12,0.0,25.2,11.1,bhubaneswar,20.2961,85.8245
2011-02-13,0.0,25.2,11.2,bhubaneswar,20.2961,85.8245
2011-02-14,0.0,25.8,12.1,bhubaneswar,20.2961,85.8245
2011-02-15,0.0,25.4,15.8,bhubaneswar,20.2961,85.8245
2011-02-16,0.0,24.4,17.4,bhubaneswar,20.2961,85.8245
2011-02-17,0.0,25.3,10.5,bhubaneswar,20.2961,85.8245
2011-02-18,3.7,24.0,10.8,bhubaneswar,20.2961,85.8245
2011-02-19,3.4,23.8,12.5,bhubaneswar,20.2961,85.8245
2011-02-20,11.1,22.7,10.5,bhubaneswar,20.2961,85.8245
2011-02-21,35.4,20.5,11.9,bhubaneswar,20.2961,85.8245
2011-02-22,0.0,22.1,8.4,bhubaneswar,20.2961,85.8245
2011-02-23,0.0,22.1,8.7,bhubaneswar,20.2961,85.8245
2011-02-24,0.0,22.8,11.1,bhubaneswar,20.2961,85.8245
2011-02-25,0.0,23.6,11.2,bhubaneswar,20.2961,85.8245
2011-02-26,0.0,24.0,9.2,bhubaneswar,20.2961,85.8245
2011-02-27,0.0,24.4,7.8,bhubaneswar,20.2961,85.8245
2011-02-28,0.0,23.7,11.3,bhubaneswar,20.2961,85.8245
2011-03-01,0.0,24.1,10.0,bhubaneswar,20.2961,85.8245
2011-03-02,0.0,24.8,11.0,bhubaneswar,20.2961,85.8245
2011-03-03,0.0,26.0,11.6,bhubaneswar,20.2961,85.8245
2011-03-04,0.0,26.5,10.5,bhubaneswar,20.2961,85.8245
2011-03-05,0.0,27.3,11.4,bhubaneswar,20.2961,85.8245
2011-03-06,0.0,28.4,9.7,bhubaneswar,20.2961,85.8245
2011-03-07,0.0,27.8,10.4,bhubaneswar,20.2961,85.8245
2011-03-08,0.0,27.4,11.0,bhubaneswar,20.2961,85.8245
2011-03-09,0.0,27.7,15.5,bhubaneswar,20.2961,85.8245
2011-03-10,0.0,27.9,16.2,bhubaneswar,20.2961,85.8245
2011-03-11,0.0,27.0,17.5,bhubaneswar,20.2961,85.8245
2011-03-12,0.2,27.0,15.4,bhubaneswar,20.2961,85.8245
2011-03-13,0.0,27.3,15.5,bhubaneswar,20.2961,85.8245
2011-03-14,0.0,27.5,14.2,bhubaneswar,20.2961,85.8245
2011-03-15,4.3,25.9,9.7,bhubaneswar,20.2961,85.8245
2011-03-16,0.0,26.4,10.7,bhubaneswar,20.2961,85.8245
2011-03-17,0.0,26.4,18.1,bhubaneswar,20.2961,85.8245
2011-03-18,0.0,27.3,21.3,bhubaneswar,20.2961,85.8245
2011-03-19,0.0,28.0,20.4,bhubaneswar,20.2961,85.8245
2011-03-20,0.0,28.2,20.7,bhubaneswar,20.2961,85.8245
2011-03-21,0.0,28.1,22.2,bhubaneswar,20.2961,85.8245
2011-03-22,0.0,29.0,17.3,bhubaneswar,20.2961,85.8245
2011-03-23,0.0,28.7,16.3,bhubaneswar,20.2961,85.8245
2011-03-24,0.0,28.3,19.7,bhubaneswar,20.2961,85.8245
2011-03-25,0.1,27.6,13.0,bhubaneswar,20.2961,85.8245
2011-03-26,0.0,28.3,16.5,bhubaneswar,20.2961,85.8245
2011-03-27,0.1,28.6,20.3,bhubaneswar,20.2961,85.8245
2011-03-28,0.0,29.0,18.4,bhubaneswar,20.2961,85.8245
2011-03-29,0.0,28.8,19.4,bhubaneswar,20.2961,85.8245
2011-03-30,0.0,29.0,26.3,bhubaneswar,20.2961,85.8245
2011-03-31,0.0,29.4,18.6,bhubaneswar,20.2961,85.8245
2011-04-01,0.4,28.7,19.5,bhubaneswar,20.2961,85.8245
2011-04-02,0.0,28.9,18.1,bhubaneswar,20.2961,85.8245
2011-04-03,0.0,29.0,19.5,bhubaneswar,20.2961,85.8245
2011-04-04,12.1,28.5,18.7,bhubaneswar,20.2961,85.8245
2011-04-05,3.4,26.1,9.0,bhubaneswar,20.2961,85.8245
2011-04-06,0.0,27.8,12.6,bhubaneswar,20.2961,85.8245
2011-04-07,0.0,28.2,13.5,bhubaneswar,20.2961,85.8245
2011-04-08,0.0,28.9,13.7,bhubaneswar,20.2961,85.8245
2011-04-09,1.0,29.0,10.9,bhubaneswar,20.2961,85.8245
2011-04-10,0.5,28.8,13.0,bhubaneswar,20.2961,85.8245
2011-04-11,0.2,28.8,13.7,bhubaneswar,20.2961,85.8245
2011-04-12,0.0,29.3,14.0,bhubaneswar,20.2961,85.8245
2011-04-13,0.0,29.5,14.1,bhubaneswar,20.2961,85.8245
2011-04-14,0.4,29.0,13.8,bhubaneswar,20.2961,85.8245
2011-04-15,0.7,29.7,15.4,bhubaneswar,20.2961,85.8245
2011-04-16,0.9,30.0,14.5,bhubaneswar,20.2961,85.8245
2011-04-17,1.7,30.1,12.4,bhubaneswar,20.2961,85.8245
2011-04-18,0.0,30.8,16.5,bhubaneswar,20.2961,85.8245
2011-04-19,4.4,29.6,11.5,bhubaneswar,20.2961,85.8245
2011-04-20,1.1,29.9,11.6,bhubaneswar,20.2961,85.8245
2011-04-21,2.3,29.3,14.7,bhubaneswar,20.2961,85.8245
2011-04-22,2.6,27.9,9.6,bhubaneswar,20.2961,85.8245
2011-04-23,0.2,28.7,16.2,bhubaneswar,20.2961,85.8245
2011-04-24,4.5,27.7,16.8,bhubaneswar,20.2961,85.8245
2011-04-25,3.9,27.3,15.5,bhubaneswar,20.2961,85.8245
2011-04-26,1.7,26.6,10.0,bhubaneswar,20.2961,85.8245
2011-04-27,2.1,27.6,11.8,bhubaneswar,20.2961,85.8245
2011-04-28,3.6,27.5,12.9,bhubaneswar,20.2961,85.8245
2011-04-29,0.7,29.2,11.9,bhubaneswar,20.2961,85.8245
2011-04-30,0.0,29.4,12.6,bhubaneswar,20.2961,85.8245
2011-05-01,0.1,29.9,16.8,bhubaneswar,20.2961,85.8245
2011-05-02,0.0,30.6,21.0,bhubaneswar,20.2961,85.8245
2011-05-03,0.0,31.1,19.4,bhubaneswar,20.2961,85.8245
2011-05-04,0.0,31.3,22.0,bhubaneswar,20.2961,85.8245
2011-05-05,0.0,31.0,18.1,bhubaneswar,20.2961,85.8245
2011-05-06,0.3,31.0,16.6,bhubaneswar,20.2961,85.8245
2011-05-07,9.8,30.2,15.2,bhubaneswar,20.2961,85.8245
2011-05-08,0.8,30.3,11.9,bhubaneswar,20.2961,85.8245
2011-05-09,0.2,31.1,15.2,bhubaneswar,20.2961,85.8245
2011-05-10,0.9,32.2,16.9,bhubaneswar,20.2961,85.8245
2011-05-11,0.3,33.1,13.8,bhubaneswar,20.2961,85.8245
2011-05-12,0.0,33.0,14.5,bhubaneswar,20.2961,85.8245
2011-05-13,0.0,32.3,16.3,bhubaneswar,20.2961,85.8245
2011-05-14,0.0,32.1,18.1,bhubaneswar,20.2961,85.8245
2011-05-15,0.0,31.9,19.1,bhubaneswar,20.2961,85.8245
2011-05-16,0.0,31.2,18.8,bhubaneswar,20.2961,85.8245
2011-05-17,0.0,30.7,19.2,bhubaneswar,20.2961,85.8245
2011-05-18,0.0,31.5,20.8,bhubaneswar,20.2961,85.8245
2011-05-19,0.0,31.8,20.9,bhubaneswar,20.2961,85.8245
2011-05-20,0.0,31.2,25.0,bhubaneswar,20.2961,85.8245
2011-05-21,0.0,31.4,20.2,bhubaneswar,20.2961,85.8245
2011-05-22,0.0,32.0,18.3,bhubaneswar,20.2961,85.8245
2011-05-23,0.0,32.7,13.6,bhubaneswar,20.2961,85.8245
2011-05-24,0.0,32.4,15.1,bhubaneswar,20.2961,85.8245
2011-05-25,0.0,32.3,16.9,bhubaneswar,20.2961,85.8245
2011-05-26,0.4,32.4,13.1,bhubaneswar,20.2961,85.8245
2011-05-27,0.4,31.5,9.3,bhubaneswar,20.2961,85.8245
2011-05-28,6.3,30.7,11.1,bhubaneswar,20.2961,85.8245
2011-05-29,3.6,31.2,11.8,bhubaneswar,20.2961,85.8245
2011-05-30,0.0,32.0,11.7,bhubaneswar,20.2961,85.8245
2011-05-31,0.0,32.3,16.8,bhubaneswar,20.2961,85.8245
2011-06-01,0.0,32.1,13.7,bhubaneswar,20.2961,85.8245
2011-06-02,0.0,31.7,19.4,bhubaneswar,20.2961,85.8245
2011-06-03,0.3,31.4,16.2,bhubaneswar,20.2961,85.8245
2011-06-04,3.1,31.5,10.4,bhubaneswar,20.2961,85.8245
2011-06-05,6.8,30.8,11.8,bhubaneswar,20.2961,85.8245
2011-06-06,0.7,31.1,13.6,bhubaneswar,20.2961,85.8245
2011-06-07,1.5,30.5,15.9,bhubaneswar,20.2961,85.8245
2011-06-08,6.8,30.3,14.3,bhubaneswar,20.2961,85.8245
2011-06-09,1.1,31.8,16.1,bhubaneswar,20.2961,85.8245
2011-06-10,1.9,32.2,14.5,bhubaneswar,20.2961,85.8245
2011-06-11,6.7,30.9,12.6,bhubaneswar,20.2961,85.8245
2011-06-12,6.1,30.3,11.8,bhubaneswar,20.2961,85.8245
2011-06-13,25.3,29.2,14.8,bhubaneswar,20.2961,85.8245
2011-06-14,30.3,29.2,12.0,bhubaneswar,20.2961,85.8245
2011-06-15,54.1,26.7,13.3,bhubaneswar,20.2961,85.8245
2011-06-16,35.2,26.5,18.3,bhubaneswar,20.2961,85.8245
2011-06-17,36.6,27.1,18.7,bhubaneswar,20.2961,85.8245
2011-06-18,17.6,27.8,18.4,bhubaneswar,20.2961,85.8245
2011-06-19,1.5,29.2,18.1,bhubaneswar,20.2961,85.8245
2011-06-20,9.3,28.7,14.8,bhubaneswar,20.2961,85.8245
2011-06-21,4.6,29.1,9.5,bhubaneswar,20.2961,85.8245
2011-06-22,8.4,29.2,12.7,bhubaneswar,20.2961,85.8245
2011-06-23,9.0,29.7,12.2,bhubaneswar,20.2961,85.8245
2011-06-24,1.2,30.2,11.6,bhubaneswar,20.2961,85.8245
2011-06-25,1.4,28.9,10.8,bhubaneswar,20.2961,85.8245
2011-06-26,4.5,27.8,13.2,bhubaneswar,20.2961,85.8245
2011-06-27,2.6,27.6,12.2,bhubaneswar,20.2961,85.8245
2011-06-28,3.3,28.7,13.2,bhubaneswar,20.2961,85.8245
2011-06-29,6.8,28.7,13.4,bhubaneswar,20.2961,85.8245
2011-06-30,2.2,29.8,14.3,bhubaneswar,20.2961,85.8245
2011-07-01,8.2,29.2,12.6,bhubaneswar,20.2961,85.8245
2011-07-02,2.4,29.2,14.5,bhubaneswar,20.2961,85.8245
2011-07-03,8.8,28.5,9.3,bhubaneswar,20.2961,85.8245
2011-07-04,12.0,26.7,9.0,bhubaneswar,20.2961,85.8245
2011-07-05,1.8,27.2,15.6,bhubaneswar,20.2961,85.8245
2011-07-06,9.2,26.8,16.1,bhubaneswar,20.2961,85.8245
2011-07-07,4.0,27.4,21.9,bhubaneswar,20.2961,85.8245
2011-07-08,1.6,27.9,18.6,bhubaneswar,20.2961,85.8245
2011-07-09,13.4,28.3,11.2,bhubaneswar,20.2961,85.8245
2011-07-10,1.1,29.8,11.3,bhubaneswar,20.2961,85.8245
2011-07-11,7.9,29.4,12.1,bhubaneswar,20.2961,85.8245
2011-07-12,19.7,27.9,13.3,bhubaneswar,20.2961,85.8245
2011-07-13,4.9,27.9,12.0,bhubaneswar,20.2961,85.8245
2011-07-14,1.2,28.4,16.6,bhubaneswar,20.2961,85.8245
2011-07-15,18.5,28.5,10.5,bhubaneswar,20.2961,85.8245
2011-07-16,18.2,27.5,10.2,bhubaneswar,20.2961,85.8245
2011-07-17,20.3,27.1,12.9,bhubaneswar,20.2961,85.8245
2011-07-18,17.3,28.1,14.5,bhubaneswar,20.2961,85.8245
2011-07-19,12.5,28.3,14.8,bhubaneswar,20.2961,85.8245
2011-07-20,28.4,27.6,15.8,bhubaneswar,20.2961,85.8245
2011-07-21,5.6,26.9,21.4,bhubaneswar,20.2961,85.8245
2011-07-22,5.0,27.2,21.7,bhubaneswar,20.2961,85.8245
2011-07-23,0.9,28.0,11.5,bhubaneswar,20.2961,85.8245
2011-07-24,16.7,27.2,9.6,bhubaneswar,20.2961,85.8245
2011-07-25,6.9,27.1,11.7,bhubaneswar,20.2961,85.8245
2011-07-26,2.8,27.5,11.6,bhubaneswar,20.2961,85.8245
2011-07-27,1.8,27.8,10.4,bhubaneswar,20.2961,85.8245
2011-07-28,1.8,28.5,9.5,bhubaneswar,20.2961,85.8245
2011-07-29,2.3,28.4,10.9,bhubaneswar,20.2961,85.8245
2011-07-30,3.1,28.7,10.5,bhubaneswar,20.2961,85.8245
2011-07-31,2.3,29.2,8.7,bhubaneswar,20.2961,85.8245
2011-08-01,4.6,29.4,10.7,bhubaneswar,20.2961,85.8245
2011-08-02,29.3,27.9,10.1,bhubaneswar,20.2961,85.8245
2011-08-03,5.4,27.4,13.2,bhubaneswar,20.2961,85.8245
2011-08-04,9.3,27.9,12.9,bhubaneswar,20.2961,85.8245
2011-08-05,15.4,27.5,15.0,bhubaneswar,20.2961,85.8245
2011-08-06,15.2,27.7,12.4,bhubaneswar,20.2961,85.8245
2011-08-07,21.0,27.4,13.0,bhubaneswar,20.2961,85.8245
2011-08-08,16.5,27.4,13.6,bhubaneswar,20.2961,85.8245
2011-08-09,8.5,27.7,17.8,bhubaneswar,20.2961,85.8245
2011-08-10,17.8,27.7,15.8,bhubaneswar,20.2961,85.8245
2011-08-11,28.8,26.5,19.6,bhubaneswar,20.2961,85.8245
2011-08-12,15.4,26.1,17.4,bhubaneswar,20.2961,85.8245
2011-08-13,4.2,27.8,19.3,bhubaneswar,20.2961,85.8245
2011-08-14,10.8,27.9,18.6,bhubaneswar,20.2961,85.8245
2011-08-15,7.4,27.7,14.9,bhubaneswar,20.2961,85.8245
2011-08-16,14.4,27.6,11.3,bhubaneswar,20.2961,85.8245
2011-08-17,21.9,26.8,9.8,bhubaneswar,20.2961,85.8245
2011-08-18,20.8,26.4,10.3,bhubaneswar,20.2961,85.8245
2011-08-19,21.2,26.0,12.6,bhubaneswar,20.2961,85.8245
2011-08-20,9.1,26.8,12.4,bhubaneswar,20.2961,85.8245
2011-08-21,6.0,27.2,12.6,bhubaneswar,20.2961,85.8245
2011-08-22,8.6,27.1,15.9,bhubaneswar,20.2961,85.8245
2011-08-23,17.9,27.2,12.4,bhubaneswar,20.2961,85.8245
2011-08-24,13.5,27.2,12.1,bhubaneswar,20.2961,85.8245
2011-08-25,22.5,26.8,10.5,bhubaneswar,20.2961,85.8245
2011-08-26,25.0,26.5,8.8,bhubaneswar,20.2961,85.8245
2011-08-27,4.2,26.4,8.6,bhubaneswar,20.2961,85.8245
2011-08-28,5.1,26.5,12.1,bhubaneswar,20.2961,85.8245
2011-08-29,12.8,26.7,14.1,bhubaneswar,20.2961,85.8245
2011-08-30,10.7,26.5,15.4,bhubaneswar,20.2961,85.8245
2011-08-31,14.2,26.0,15.1,bhubaneswar,20.2961,85.8245
2011-09-01,28.1,26.0,24.6,bhubaneswar,20.2961,85.8245
2011-09-02,5.6,27.2,17.0,bhubaneswar,20.2961,85.8245
2011-09-03,18.8,26.5,6.5,bhubaneswar,20.2961,85.8245
2011-09-04,39.7,25.7,11.5,bhubaneswar,20.2961,85.8245
2011-09-05,28.5,25.8,16.3,bhubaneswar,20.2961,85.8245
2011-09-06,17.4,26.0,18.4,bhubaneswar,20.2961,85.8245
2011-09-07,7.5,26.4,18.6,bhubaneswar,20.2961,85.8245
2011-09-08,20.8,25.4,16.6,bhubaneswar,20.2961,85.8245
2011-09-09,6.7,26.5,15.5,bhubaneswar,20.2961,85.8245
2011-09-10,1.8,27.7,9.0,bhubaneswar,20.2961,85.8245
2011-09-11,12.1,27.0,8.5,bhubaneswar,20.2961,85.8245
2011-09-12,5.4,27.7,7.7,bhubaneswar,20.2961,85.8245
2011-09-13,19.2,27.6,10.5,bhubaneswar,20.2961,85.8245
2011-09-14,17.5,26.7,9.1,bhubaneswar,20.2961,85.8245
2011-09-15,10.4,26.7,12.6,bhubaneswar,20.2961,85.8245
2011-09-16,11.1,27.3,13.2,bhubaneswar,20.2961,85.8245
2011-09-17,7.0,27.3,10.0,bhubaneswar,20.2961,85.8245
2011-09-18,16.6,26.6,11.7,bhubaneswar,20.2961,85.8245
2011-09-19,11.2,27.2,11.6,bhubaneswar,20.2961,85.8245
2011-09-20,24.3,26.8,15.2,bhubaneswar,20.2961,85.8245
2011-09-21,62.6,25.7,19.9,bhubaneswar,20.2961,85.8245
2011-09-22,15.3,25.5,17.0,bhubaneswar,20.2961,85.8245
2011-09-23,4.6,27.7,16.5,bhubaneswar,20.2961,85.8245
2011-09-24,0.0,28.3,16.8,bhubaneswar,20.2961,85.8245
2011-09-25,0.0,28.5,12.5,bhubaneswar,20.2961,85.8245
2011-09-26,0.5,28.6,12.5,bhubaneswar,20.2961,85.8245
2011-09-27,0.5,28.1,11.1,bhubaneswar,20.2961,85.8245
2011-09-28,0.0,28.0,10.3,bhubaneswar,20.2961,85.8245
2011-09-29,0.0,28.4,10.4,bhubaneswar,20.2961,85.8245
2011-09-30,0.0,28.1,10.1,bhubaneswar,20.2961,85.8245
2011-10-01,0.0,27.6,11.8,bhubaneswar,20.2961,85.8245
2011-10-02,0.0,27.5,11.0,bhubaneswar,20.2961,85.8245
2011-10-03,0.0,27.7,10.0,bhubaneswar,20.2961,85.8245
2011-10-04,0.2,27.7,7.8,bhubaneswar,20.2961,85.8245
2011-10-05,0.0,28.0,6.3,bhubaneswar,20.2961,85.8245
2011-10-06,5.8,27.2,6.2,bhubaneswar,20.2961,85.8245
2011-10-07,7.8,26.7,8.2,bhubaneswar,20.2961,85.8245
2011-10-08,4.6,26.4,9.3,bhubaneswar,20.2961,85.8245
2011-10-09,9.9,26.0,9.6,bhubaneswar,20.2961,85.8245
2011-10-10,3.0,27.3,7.4,bhubaneswar,20.2961,85.8245
2011-10-11,0.0,27.9,7.2,bhubaneswar,20.2961,85.8245
2011-10-12,0.0,28.2,7.9,bhubaneswar,20.2961,85.8245
2011-10-13,2.5,28.1,5.4,bhubaneswar,20.2961,85.8245
2011-10-14,2.5,27.4,7.6,bhubaneswar,20.2961,85.8245
2011-10-15,0.0,28.2,9.3,bhubaneswar,20.2961,85.8245
2011-10-16,0.0,27.9,7.1,bhubaneswar,20.2961,85.8245
2011-10-17,0.0,27.4,10.9,bhubaneswar,20.2961,85.8245
2011-10-18,2.3,26.4,14.8,bhubaneswar,20.2961,85.8245
2011-10-19,0.0,27.3,11.9,bhubaneswar,20.2961,85.8245
2011-10-20,10.9,26.3,8.2,bhubaneswar,20.2961,85.8245
2011-10-21,5.9,25.9,11.6,bhubaneswar,20.2961,85.8245
2011-10-22,4.9,25.2,6.2,bhubaneswar,20.2961,85.8245
2011-10-23,0.0,25.9,8.4,bhubaneswar,20.2961,85.8245
2011-10-24,0.0,26.1,10.3,bhubaneswar,20.2961,85.8245
2011-10-25,0.0,26.6,8.2,bhubaneswar,20.2961,85.8245
2011-10-26,0.0,26.4,8.4,bhubaneswar,20.2961,85.8245
2011-10-27,0.0,26.0,8.6,bhubaneswar,20.2961,85.8245
2011-10-28,0.0,25.1,11.7,bhubaneswar,20.2961,85.8245
2011-10-29,0.0,24.6,11.7,bhubaneswar,20.2961,85.8245
2011-10-30,0.0,24.1,9.2,bhubaneswar,20.2961,85.8245
2011-10-31,0.0,24.4,9.2,bhubaneswar,20.2961,85.8245
2011-11-01,0.0,24.6,8.7,bhubaneswar,20.2961,85.8245
2011-11-02,0.0,24.4,8.9,bhubaneswar,20.2961,85.8245
2011-11-03,0.0,24.4,9.3,bhubaneswar,20.2961,85.8245
2011-11-04,0.0,24.2,9.1,bhubaneswar,20.2961,85.8245
2011-11-05,0.0,24.8,8.8,bhubaneswar,20.2961,85.8245
2011-11-06,0.0,24.7,8.2,bhubaneswar,20.2961,85.8245
2011-11-07,0.0,24.7,8.6,bhubaneswar,20.2961,85.8245
2011-11-08,0.0,23.9,8.5,bhubaneswar,20.2961,85.8245
2011-11-09,0.0,23.2,9.4,bhubaneswar,20.2961,85.8245
2011-11-10,0.0,23.5,8.9,bhubaneswar,20.2961,85.8245
2011-11-11,0.0,23.8,8.0,bhubaneswar,20.2961,85.8245
2011-11-12,0.0,24.4,8.2,bhubaneswar,20.2961,85.8245
2011-11-13,0.0,25.1,6.8,bhubaneswar,20.2961,85.8245
2011-11-14,0.0,24.9,6.9,bhubaneswar,20.2961,85.8245
2011-11-15,0.0,24.4,7.4,bhubaneswar,20.2961,85.8245
2011-11-16,0.0,24.4,8.2,bhubaneswar,20.2961,85.8245
2011-11-17,0.0,23.5,8.7,bhubaneswar,20.2961,85.8245
2011-11-18,0.0,23.7,8.1,bhubaneswar,20.2961,85.8245
2011-11-19,0.0,23.8,7.2,bhubaneswar,20.2961,85.8245
2011-11-20,0.0,24.5,7.4,bhubaneswar,20.2961,85.8245
2011-11-21,0.0,24.3,9.3,bhubaneswar,20.2961,85.8245
2011-11-22,0.0,24.1,9.9,bhubaneswar,20.2961,85.8245
2011-11-23,0.0,23.9,12.0,bhubaneswar,20.2961,85.8245
2011-11-24,0.0,23.6,9.7,bhubaneswar,20.2961,85.8245
2011-11-25,0.0,24.1,11.0,bhubaneswar,20.2961,85.8245
2011-11-26,0.0,24.4,11.0,bhubaneswar,20.2961,85.8245
2011-11-27,0.0,24.4,8.0,bhubaneswar,20.2961,85.8245
2011-11-28,0.0,24.3,8.8,bhubaneswar,20.2961,85.8245
2011-11-29,0.0,24.1,7.5,bhubaneswar,20.2961,85.8245
2011-11-30,0.0,23.8,7.9,bhubaneswar,20.2961,85.8245
2011-12-01,0.5,23.0,9.2,bhubaneswar,20.2961,85.8245
2011-12-02,0.0,23.4,6.4,bhubaneswar,20.2961,85.8245
2011-12-03,0.0,23.7,7.8,bhubaneswar,20.2961,85.8245
2011-12-04,0.0,23.7,7.8,bhubaneswar,20.2961,85.8245
2011-12-05,0.0,23.6,8.0,bhubaneswar,20.2961,85.8245
2011-12-06,0.0,23.2,8.2,bhubaneswar,20.2961,85.8245
2011-12-07,0.0,22.8,8.3,bhubaneswar,20.2961,85.8245
2011-12-08,0.0,22.7,10.8,bhubaneswar,20.2961,85.8245
2011-12-09,0.0,22.5,8.4,bhubaneswar,20.2961,85.8245
2011-12-10,0.0,23.5,9.1,bhubaneswar,20.2961,85.8245
2011-12-11,0.0,23.5,8.9,bhubaneswar,20.2961,85.8245
2011-12-12,0.0,22.9,9.4,bhubaneswar,20.2961,85.8245
2011-12-13,0.0,22.9,8.5,bhubaneswar,20.2961,85.8245
2011-12-14,0.0,22.5,8.9,bhubaneswar,20.2961,85.8245
2011-12-15,0.0,21.8,8.0,bhubaneswar,20.2961,85.8245
2011-12-16,0.0,21.4,8.8,bhubaneswar,20.2961,85.8245
2011-12-17,0.0,20.9,8.2,bhubaneswar,20.2961,85.8245
2011-12-18,0.0,20.2,10.4,bhubaneswar,20.2961,85.8245
2011-12-19,0.0,19.7,8.7,bhubaneswar,20.2961,85.8245
2011-12-20,0.0,20.1,11.5,bhubaneswar,20.2961,85.8245
2011-12-21,0.0,19.7,12.7,bhubaneswar,20.2961,85.8245
2011-12-22,0.0,19.3,9.9,bhubaneswar,20.2961,85.8245
2011-12-23,0.0,19.6,10.5,bhubaneswar,20.2961,85.8245
2011-12-24,0.0,19.3,11.5,bhubaneswar,20.2961,85.8245
2011-12-25,0.0,19.4,13.0,bhubaneswar,20.2961,85.8245
2011-12-26,0.0,19.9,13.5,bhubaneswar,20.2961,85.8245
2011-12-27,0.0,21.7,14.9,bhubaneswar,20.2961,85.8245
2011-12-28,0.6,22.6,19.3,bhubaneswar,20.2961,85.8245
2011-12-29,0.0,23.3,15.5,bhubaneswar,20.2961,85.8245
2011-12-30,0.2,23.9,12.6,bhubaneswar,20.2961,85.8245
2011-12-31,1.3,23.0,11.6,bhubaneswar,20.2961,85.8245
2012-01-01,0.4,23.8,9.2,bhubaneswar,20.2961,85.8245
2012-01-02,0.0,23.0,9.4,bhubaneswar,20.2961,85.8245
2012-01-03,0.3,23.7,5.7,bhubaneswar,20.2961,85.8245
2012-01-04,2.0,23.2,7.1,bhubaneswar,20.2961,85.8245
2012-01-05,0.5,24.4,10.5,bhubaneswar,20.2961,85.8245
2012-01-06,0.6,24.6,10.8,bhubaneswar,20.2961,85.8245
2012-01-07,1.0,23.4,12.1,bhubaneswar,20.2961,85.8245
2012-01-08,1.0,23.3,12.3,bhubaneswar,20.2961,85.8245
2012-01-09,2.0,22.6,10.9,bhubaneswar,20.2961,85.8245
2012-01-10,16.1,20.1,11.6,bhubaneswar,20.2961,85.8245
2012-01-11,0.3,19.4,13.7,bhubaneswar,20.2961,85.8245
2012-01-12,0.0,18.4,9.6,bhubaneswar,20.2961,85.8245
2012-01-13,0.0,16.9,15.6,bhubaneswar,20.2961,85.8245
2012-01-14,0.0,16.3,11.2,bhubaneswar,20.2961,85.8245
2012-01-15,0.0,17.9,10.0,bhubaneswar,20.2961,85.8245
2012-01-16,0.0,19.7,8.7,bhubaneswar,20.2961,85.8245
2012-01-17,0.0,21.7,10.7,bhubaneswar,20.2961,85.8245
2012-01-18,0.0,22.5,10.5,bhubaneswar,20.2961,85.8245
2012-01-19,0.0,22.8,16.5,bhubaneswar,20.2961,85.8245
2012-01-20,0.0,23.2,8.4,bhubaneswar,20.2961,85.8245
2012-01-21,0.0,21.5,11.7,bhubaneswar,20.2961,85.8245
2012-01-22,0.0,19.7,9.5,bhubaneswar,20.2961,85.8245
2012-01-23,0.0,20.5,8.2,bhubaneswar,20.2961,85.8245
2012-01-24,0.0,21.7,10.0,bhubaneswar,20.2961,85.8245
2012-01-25,0.0,22.1,13.0,bhubaneswar,20.2961,85.8245
2012-01-26,0.0,22.8,8.7,bhubaneswar,20.2961,85.8245
2012-01-27,4.5,21.9,9.8,bhubaneswar,20.2961,85.8245
2012-01-28,0.0,22.2,10.9,bhubaneswar,20.2961,85.8245
2012-01-29,0.0,22.6,6.8,bhubaneswar,20.2961,85.8245
2012-01-30,0.0,22.4,11.2,bhubaneswar,20.2961,85.8245
2012-01-31,0.0,21.9,12.7,bhubaneswar,20.2961,85.8245
2012-02-01,0.0,22.0,8.9,bhubaneswar,20.2961,85.8245
2012-02-02,0.0,21.2,10.3,bhubaneswar,20.2961,85.8245
2012-02-03,0.0,21.1,8.6,bhubaneswar,20.2961,85.8245
2012-02-04,0.0,21.9,9.2,bhubaneswar,20.2961,85.8245
2012-02-05,0.0,22.9,8.1,bhubaneswar,20.2961,85.8245
2012-02-06,0.0,24.0,9.1,bhubaneswar,20.2961,85.8245
2012-02-07,0.0,24.2,11.4,bhubaneswar,20.2961,85.8245
2012-02-08,0.0,24.2,18.5,bhubaneswar,20.2961,85.8245
2012-02-09,0.0,23.7,14.3,bhubaneswar,20.2961,85.8245
2012-02-10,0.0,22.6,14.3,bhubaneswar,20.2961,85.8245
2012-02-11,0.0,22.3,13.0,bhubaneswar,20.2961,85.8245
2012-02-12,0.0,23.3,12.6,bhubaneswar,20.2961,85.8245
2012-02-13,0.0,24.3,14.8,bhubaneswar,20.2961,85.8245
2012-02-14,0.0,25.4,12.2,bhubaneswar,20.2961,85.8245
2012-02-15,0.0,26.0,15.9,bhubaneswar,20.2961,85.8245
2012-02-16,0.0,25.2,12.9,bhubaneswar,20.2961,85.8245
2012-02-17,0.0,25.1,11.7,bhubaneswar,20.2961,85.8245
2012-02-18,0.0,25.5,12.5,bhubaneswar,20.2961,85.8245
2012-02-19,0.0,26.0,8.7,bhubaneswar,20.2961,85.8245
2012-02-20,0.0,25.1,8.8,bhubaneswar,20.2961,85.8245
2012-02-21,0.0,26.0,8.6,bhubaneswar,20.2961,85.8245
2012-02-22,0.0,27.3,10.4,bhubaneswar,20.2961,85.8245
2012-02-23,0.0,27.5,12.4,bhubaneswar,20.2961,85.8245
2012-02-24,0.0,27.8,10.0,bhubaneswar,20.2961,85.8245
2012-02-25,0.0,28.1,11.5,bhubaneswar,20.2961,85.8245
2012-02-26,0.0,28.5,11.3,bhubaneswar,20.2961,85.8245
2012-02-27,0.0,28.2,12.1,bhubaneswar,20.2961,85.8245
2012-02-28,0.0,28.5,18.5,bhubaneswar,20.2961,85.8245
2012-02-29,0.0,28.5,15.9,bhubaneswar,20.2961,85.8245
2012-03-01,0.0,28.1,17.3,bhubaneswar,20.2961,85.8245
2012-03-02,0.0,28.0,20.4,bhubaneswar,20.2961,85.8245
2012-03-03,0.0,28.3,11.7,bhubaneswar,20.2961,85.8245
2012-03-04,0.0,28.3,11.8,bhubaneswar,20.2961,85.8245
2012-03-05,0.0,28.4,16.3,bhubaneswar,20.2961,85.8245
2012-03-06,0.0,28.7,17.2,bhubaneswar,20.2961,85.8245
2012-03-07,0.0,28.4,21.5,bhubaneswar,20.2961,85.8245
2012-03-08,0.0,28.9,16.6,bhubaneswar,20.2961,85.8245
2012-03-09,0.0,28.4,14.0,bhubaneswar,20.2961,85.8245
2012-03-10,0.0,28.0,14.5,bhubaneswar,20.2961,85.8245
2012-03-11,0.1,27.5,14.0,bhubaneswar,20.2961,85.8245
2012-03-12,0.0,28.2,17.0,bhubaneswar,20.2961,85.8245
2012-03-13,0.0,26.6,14.7,bhubaneswar,20.2961,85.8245
2012-03-14,0.0,28.2,12.4,bhubaneswar,20.2961,85.8245
2012-03-15,0.0,28.0,14.8,bhubaneswar,20.2961,85.8245
2012-03-16,0.0,28.0,17.0,bhubaneswar,20.2961,85.8245
2012-03-17,0.0,29.0,17.6,bhubaneswar,20.2961,85.8245
2012-03-18,0.0,29.4,17.3,bhubaneswar,20.2961,85.8245
2012-03-19,0.0,29.7,13.4,bhubaneswar,20.2961,85.8245
2012-03-20,0.0,29.4,16.9,bhubaneswar,20.2961,85.8245
2012-03-21,0.0,29.5,17.6,bhubaneswar,20.2961,85.8245
2012-03-22,0.0,30.1,16.8,bhubaneswar,20.2961,85.8245
2012-03-23,0.0,29.8,16.0,bhubaneswar,20.2961,85.8245
2012-03-24,0.0,29.0,17.0,bhubaneswar,20.2961,85.8245
2012-03-25,0.0,28.8,16.2,bhubaneswar,20.2961,85.8245
2012-03-26,0.0,28.8,16.4,bhubaneswar,20.2961,85.8245
2012-03-27,0.0,29.0,16.3,bhubaneswar,20.2961,85.8245
2012-03-28,0.0,29.6,15.1,bhubaneswar,20.2961,85.8245
2012-03-29,0.0,29.9,17.7,bhubaneswar,20.2961,85.8245
2012-03-30,0.8,30.0,14.3,bhubaneswar,20.2961,85.8245
2012-03-31,1.2,29.2,12.2,bhubaneswar,20.2961,85.8245
2012-04-01,2.0,29.4,9.5,bhubaneswar,20.2961,85.8245
2012-04-02,1.0,29.2,13.7,bhubaneswar,20.2961,85.8245
2012-04-03,0.0,29.7,15.0,bhubaneswar,20.2961,85.8245
2012-04-04,1.1,30.0,15.9,bhubaneswar,20.2961,85.8245
2012-04-05,1.6,29.6,16.6,bhubaneswar,20.2961,85.8245
2012-04-06,1.0,30.2,16.9,bhubaneswar,20.2961,85.8245
2012-04-07,0.5,30.1,15.6,bhubaneswar,20.2961,85.8245
2012-04-08,0.0,29.7,21.8,bhubaneswar,20.2961,85.8245
2012-04-09,0.0,30.2,22.1,bhubaneswar,20.2961,85.8245
2012-04-10,0.0,30.4,21.5,bhubaneswar,20.2961,85.8245
2012-04-11,0.0,29.6,25.2,bhubaneswar,20.2961,85.8245
2012-04-12,0.2,30.6,19.4,bhubaneswar,20.2961,85.8245
2012-04-13,1.5,30.9,12.1,bhubaneswar,20.2961,85.8245
2012-04-14,0.4,30.9,15.4,bhubaneswar,20.2961,85.8245
2012-04-15,0.0,31.2,14.2,bhubaneswar,20.2961,85.8245
2012-04-16,0.1,31.4,18.1,bhubaneswar,20.2961,85.8245
2012-04-17,1.3,31.6,15.5,bhubaneswar,20.2961,85.8245
2012-04-18,0.0,31.4,18.4,bhubaneswar,20.2961,85.8245
2012-04-19,0.0,31.4,17.3,bhubaneswar,20.2961,85.8245
2012-04-20,0.0,31.3,17.7,bhubaneswar,20.2961,85.8245
2012-04-21,0.3,32.6,15.5,bhubaneswar,20.2961,85.8245
2012-04-22,0.2,31.6,15.7,bhubaneswar,20.2961,85.8245
2012-04-23,0.4,31.0,16.1,bhubaneswar,20.2961,85.8245
2012-04-24,0.9,31.2,18.9,bhubaneswar,20.2961,85.8245
2012-04-25,0.2,31.2,14.5,bhubaneswar,20.2961,85.8245
2012-04-26,0.0,31.4,18.7,bhubaneswar,20.2961,85.8245
2012-04-27,0.3,31.5,17.6,bhubaneswar,20.2961,85.8245
2012-04-28,1.8,31.6,17.4,bhubaneswar,20.2961,85.8245
2012-04-29,0.2,31.6,19.3,bhubaneswar,20.2961,85.8245
2012-04-30,0.0,31.4,18.9,bhubaneswar,20.2961,85.8245
2012-05-01,0.0,31.8,18.7,bhubaneswar,20.2961,85.8245
2012-05-02,0.0,32.1,17.9,bhubaneswar,20.2961,85.8245
2012-05-03,0.0,31.7,21.7,bhubaneswar,20.2961,85.8245
2012-05-04,14.9,29.1,20.9,bhubaneswar,20.2961,85.8245
2012-05-05,1.5,29.2,10.0,bhubaneswar,20.2961,85.8245
2012-05-06,1.6,29.8,9.4,bhubaneswar,20.2961,85.8245
2012-05-07,0.2,30.5,14.8,bhubaneswar,20.2961,85.8245
2012-05-08,0.0,30.7,17.0,bhubaneswar,20.2961,85.8245
2012-05-09,0.0,30.9,17.3,bhubaneswar,20.2961,85.8245
2012-05-10,1.7,30.5,12.1,bhubaneswar,20.2961,85.8245
2012-05-11,0.7,30.8,19.4,bhubaneswar,20.2961,85.8245
2012-05-12,0.0,31.0,19.4,bhubaneswar,20.2961,85.8245
2012-05-13,0.8,31.9,16.4,bhubaneswar,20.2961,85.8245
2012-05-14,0.0,32.4,16.7,bhubaneswar,20.2961,85.8245
2012-05-15,0.0,32.5,17.1,bhubaneswar,20.2961,85.8245
2012-05-16,2.9,32.9,14.1,bhubaneswar,20.2961,85.8245
2012-05-17,0.0,32.5,16.3,bhubaneswar,20.2961,85.8245
2012-05-18,0.0,32.9,14.1,bhubaneswar,20.2961,85.8245
2012-05-19,0.0,32.3,16.5,bhubaneswar,20.2961,85.8245
2012-05-20,0.0,32.4,17.3,bhubaneswar,20.2961,85.8245
2012-05-21,0.0,31.8,17.7,bhubaneswar,20.2961,85.8245
2012-05-22,0.0,32.4,17.1,bhubaneswar,20.2961,85.8245
2012-05-23,0.0,32.6,19.5,bhubaneswar,20.2961,85.8245
2012-05-24,0.0,33.0,18.1,bhubaneswar,20.2961,85.8245
2012-05-25,0.0,32.9,18.4,bhubaneswar,20.2961,85.8245
2012-05-26,0.0,32.6,20.0,bhubaneswar,20.2961,85.8245
2012-05-27,0.0,32.7,19.5,bhubaneswar,20.2961,85.8245
2012-05-28,1.2,32.9,13.4,bhubaneswar,20.2961,85.8245
2012-05-29,0.0,32.1,14.3,bhubaneswar,20.2961,85.8245
2012-05-30,0.1,32.6,18.8,bhubaneswar,20.2961,85.8245
2012-05-31,0.0,32.8,19.8,bhubaneswar,20.2961,85.8245
2012-06-01,0.0,32.4,18.3,bhubaneswar,20.2961,85.8245
2012-06-02,0.0,33.6,15.6,bhubaneswar,20.2961,85.8245
2012-06-03,0.0,35.0,16.4,bhubaneswar,20.2961,85.8245
2012-06-04,0.0,34.6,19.9,bhubaneswar,20.2961,85.8245
2012-06-05,0.0,36.1,17.7,bhubaneswar,20.2961,85.8245
2012-06-06,0.0,35.7,20.2,bhubaneswar,20.2961,85.8245
2012-06-07,0.2,35.8,11.4,bhubaneswar,20.2961,85.8245
2012-06-08,0.8,34.3,16.6,bhubaneswar,20.2961,85.8245
2012-06-09,0.8,34.2,14.4,bhubaneswar,20.2961,85.8245
2012-06-10,1.0,33.9,17.2,bhubaneswar,20.2961,85.8245
2012-06-11,0.2,34.0,17.7,bhubaneswar,20.2961,85.8245
2012-06-12,3.8,32.8,14.8,bhubaneswar,20.2961,85.8245
2012-06-13,0.3,32.1,17.3,bhubaneswar,20.2961,85.8245
2012-06-14,2.7,31.9,19.0,bhubaneswar,20.2961,85.8245
2012-06-15,1.5,32.6,16.9,bhubaneswar,20.2961,85.8245
2012-06-16,18.5,31.5,17.9,bhubaneswar,20.2961,85.8245
2012-06-17,9.7,28.6,12.6,bhubaneswar,20.2961,85.8245
2012-06-18,19.9,28.4,13.5,bhubaneswar,20.2961,85.8245
2012-06-19,23.8,26.8,14.6,bhubaneswar,20.2961,85.8245
2012-06-20,12.0,27.7,17.5,bhubaneswar,20.2961,85.8245
2012-06-21,83.8,26.1,16.2,bhubaneswar,20.2961,85.8245
2012-06-22,42.1,27.0,18.0,bhubaneswar,20.2961,85.8245
2012-06-23,0.6,28.4,17.9,bhubaneswar,20.2961,85.8245
2012-06-24,7.2,27.2,19.2,bhubaneswar,20.2961,85.8245
2012-06-25,2.0,29.1,20.9,bhubaneswar,20.2961,85.8245
2012-06-26,12.2,28.5,15.3,bhubaneswar,20.2961,85.8245
2012-06-27,2.0,29.7,15.2,bhubaneswar,20.2961,85.8245
2012-06-28,0.5,31.0,12.5,bhubaneswar,20.2961,85.8245
2012-06-29,0.8,31.4,11.4,bhubaneswar,20.2961,85.8245
2012-06-30,1.4,31.2,14.3,bhubaneswar,20.2961,85.8245
2012-07-01,23.8,28.8,13.1,bhubaneswar,20.2961,85.8245
2012-07-02,16.1,27.3,10.1,bhubaneswar,20.2961,85.8245
2012-07-03,66.5,27.4,15.3,bhubaneswar,20.2961,85.8245
2012-07-04,12.1,28.7,12.5,bhubaneswar,20.2961,85.8245
2012-07-05,18.7,28.7,10.5,bhubaneswar,20.2961,85.8245
2012-07-06,13.7,28.0,10.4,bhubaneswar,20.2961,85.8245
2012-07-07,0.9,27.6,14.5,bhubaneswar,20.2961,85.8245
2012-07-08,11.5,26.9,10.6,bhubaneswar,20.2961,85.8245
2012-07-09,35.4,26.6,12.9,bhubaneswar,20.2961,85.8245
2012-07-10,2.3,28.2,13.0,bhubaneswar,20.2961,85.8245
2012-07-11,10.9,28.5,14.6,bhubaneswar,20.2961,85.8245
2012-07-12,16.2,28.6,12.1,bhubaneswar,20.2961,85.8245
2012-07-13,14.2,28.8,11.7,bhubaneswar,20.2961,85.8245
2012-07-14,18.1,28.6,14.1,bhubaneswar,20.2961,85.8245
2012-07-15,19.1,27.6,13.1,bhubaneswar,20.2961,85.8245
2012-07-16,10.2,27.8,10.7,bhubaneswar,20.2961,85.8245
2012-07-17,14.0,28.3,14.2,bhubaneswar,20.2961,85.8245
2012-07-18,23.4,28.0,12.3,bhubaneswar,20.2961,85.8245
2012-07-19,29.6,26.5,9.8,bhubaneswar,20.2961,85.8245
2012-07-20,49.0,25.7,13.9,bhubaneswar,20.2961,85.8245
2012-07-21,44.0,26.4,17.1,bhubaneswar,20.2961,85.8245
2012-07-22,0.6,28.4,17.2,bhubaneswar,20.2961,85.8245
2012-07-23,0.0,28.9,16.5,bhubaneswar,20.2961,85.8245
2012-07-24,12.3,27.5,12.7,bhubaneswar,20.2961,85.8245
2012-07-25,12.4,26.3,13.0,bhubaneswar,20.2961,85.8245
2012-07-26,22.9,26.8,13.3,bhubaneswar,20.2961,85.8245
2012-07-27,0.4,28.0,13.2,bhubaneswar,20.2961,85.8245
2012-07-28,6.3,27.6,17.8,bhubaneswar,20.2961,85.8245
2012-07-29,8.1,27.5,14.1,bhubaneswar,20.2961,85.8245
2012-07-30,55.1,24.7,17.1,bhubaneswar,20.2961,85.8245
2012-07-31,2.8,26.7,20.0,bhubaneswar,20.2961,85.8245
2012-08-01,1.4,27.4,16.6,bhubaneswar,20.2961,85.8245
2012-08-02,4.8,27.3,14.6,bhubaneswar,20.2961,85.8245
2012-08-03,5.2,26.0,14.9,bhubaneswar,20.2961,85.8245
2012-08-04,29.4,25.7,11.6,bhubaneswar,20.2961,85.8245
2012-08-05,11.4,26.5,12.2,bhubaneswar,20.2961,85.8245
2012-08-06,2.4,27.2,18.3,bhubaneswar,20.2961,85.8245
2012-08-07,0.3,28.7,14.6,bhubaneswar,20.2961,85.8245
2012-08-08,10.6,28.8,11.3,bhubaneswar,20.2961,85.8245
2012-08-09,16.4,27.5,8.4,bhubaneswar,20.2961,85.8245
2012-08-10,19.6,26.3,13.5,bhubaneswar,20.2961,85.8245
2012-08-11,8.8,27.0,15.3,bhubaneswar,20.2961,85.8245
2012-08-12,4.5,27.8,15.0,bhubaneswar,20.2961,85.8245
2012-08-13,12.9,27.9,13.7,bhubaneswar,20.2961,85.8245
2012-08-14,9.5,27.9,13.6,bhubaneswar,20.2961,85.8245
2012-08-15,7.8,27.3,9.4,bhubaneswar,20.2961,85.8245
2012-08-16,28.5,26.4,10.8,bhubaneswar,20.2961,85.8245
2012-08-17,30.4,26.6,13.6,bhubaneswar,20.2961,85.8245
2012-08-18,18.5,26.2,9.6,bhubaneswar,20.2961,85.8245
2012-08-19,1.6,28.0,13.3,bhubaneswar,20.2961,85.8245
2012-08-20,4.1,28.0,20.8,bhubaneswar,20.2961,85.8245
2012-08-21,9.9,27.4,20.3,bhubaneswar,20.2961,85.8245
2012-08-22,4.4,28.0,15.1,bhubaneswar,20.2961,85.8245
2012-08-23,2.6,28.8,11.5,bhubaneswar,20.2961,85.8245
2012-08-24,22.5,27.9,9.3,bhubaneswar,20.2961,85.8245
2012-08-25,40.7,26.5,14.3,bhubaneswar,20.2961,85.8245
2012-08-26,26.3,26.4,9.7,bhubaneswar,20.2961,85.8245
2012-08-27,0.6,28.2,10.4,bhubaneswar,20.2961,85.8245
2012-08-28,7.3,28.3,8.2,bhubaneswar,20.2961,85.8245
2012-08-29,8.9,27.7,14.1,bhubaneswar,20.2961,85.8245
2012-08-30,6.6,27.3,13.8,bhubaneswar,20.2961,85.8245
2012-08-31,4.4,27.9,13.4,bhubaneswar,20.2961,85.8245
2012-09-01,10.0,27.9,10.6,bhubaneswar,20.2961,85.8245
2012-09-02,24.1,27.0,12.0,bhubaneswar,20.2961,85.8245
2012-09-03,9.7,26.6,16.9,bhubaneswar,20.2961,85.8245
2012-09-04,1.6,27.6,18.2,bhubaneswar,20.2961,85.8245
2012-09-05,4.9,27.9,18.2,bhubaneswar,20.2961,85.8245
2012-09-06,6.3,27.0,6.5,bhubaneswar,20.2961,85.8245
2012-09-07,11.9,27.2,10.0,bhubaneswar,20.2961,85.8245
2012-09-08,19.6,27.6,10.6,bhubaneswar,20.2961,85.8245
2012-09-09,10.0,26.0,11.0,bhubaneswar,20.2961,85.8245
2012-09-10,9.8,26.7,7.9,bhubaneswar,20.2961,85.8245
2012-09-11,9.3,27.2,14.0,bhubaneswar,20.2961,85.8245
2012-09-12,8.5,27.4,10.2,bhubaneswar,20.2961,85.8245
2012-09-13,15.5,27.0,14.3,bhubaneswar,20.2961,85.8245
2012-09-14,1.8,28.2,12.3,bhubaneswar,20.2961,85.8245
2012-09-15,14.3,27.5,12.8,bhubaneswar,20.2961,85.8245
2012-09-16,18.0,27.3,8.0,bhubaneswar,20.2961,85.8245
2012-09-17,25.5,26.2,7.2,bhubaneswar,20.2961,85.8245
2012-09-18,19.7,26.2,8.4,bhubaneswar,20.2961,85.8245
2012-09-19,2.0,27.5,8.2,bhubaneswar,20.2961,85.8245
2012-09-20,6.4,27.3,10.8,bhubaneswar,20.2961,85.8245
2012-09-21,6.9,27.2,8.3,bhubaneswar,20.2961,85.8245
2012-09-22,6.7,27.5,10.2,bhubaneswar,20.2961,85.8245
2012-09-23,5.9,27.3,11.8,bhubaneswar,20.2961,85.8245
2012-09-24,0.0,28.4,7.3,bhubaneswar,20.2961,85.8245
2012-09-25,0.2,29.4,7.0,bhubaneswar,20.2961,85.8245
2012-09-26,0.0,28.6,8.4,bhubaneswar,20.2961,85.8245
2012-09-27,0.0,28.2,9.9,bhubaneswar,20.2961,85.8245
2012-09-28,3.3,27.9,10.6,bhubaneswar,20.2961,85.8245
2012-09-29,6.5,27.5,13.1,bhubaneswar,20.2961,85.8245
2012-09-30,1.7,27.7,15.2,bhubaneswar,20.2961,85.8245
2012-10-01,2.4,27.1,15.1,bhubaneswar,20.2961,85.8245
2012-10-02,7.7,26.5,17.3,bhubaneswar,20.2961,85.8245
2012-10-03,3.9,27.4,21.5,bhubaneswar,20.2961,85.8245
2012-10-04,4.1,27.1,17.4,bhubaneswar,20.2961,85.8245
2012-10-05,0.1,27.3,11.2,bhubaneswar,20.2961,85.8245
2012-10-06,0.0,28.1,8.9,bhubaneswar,20.2961,85.8245
2012-10-07,7.0,27.2,13.8,bhubaneswar,20.2961,85.8245
2012-10-08,18.2,25.1,15.4,bhubaneswar,20.2961,85.8245
2012-10-09,2.7,26.3,16.9,bhubaneswar,20.2961,85.8245
2012-10-10,0.7,26.1,9.7,bhubaneswar,20.2961,85.8245
2012-10-11,0.4,26.4,10.2,bhubaneswar,20.2961,85.8245
2012-10-12,5.8,26.4,10.6,bhubaneswar,20.2961,85.8245
2012-10-13,4.6,25.7,9.4,bhubaneswar,20.2961,85.8245
2012-10-14,1.6,25.5,6.6,bhubaneswar,20.2961,85.8245
2012-10-15,0.0,26.0,10.1,bhubaneswar,20.2961,85.8245
2012-10-16,0.0,25.9,8.9,bhubaneswar,20.2961,85.8245
2012-10-17,0.0,25.6,10.3,bhubaneswar,20.2961,85.8245
2012-10-18,0.0,25.5,10.2,bhubaneswar,20.2961,85.8245
2012-10-19,0.0,25.6,9.5,bhubaneswar,20.2961,85.8245
2012-10-20,0.0,25.8,11.7,bhubaneswar,20.2961,85.8245
2012-10-21,0.0,26.1,10.0,bhubaneswar,20.2961,85.8245
2012-10-22,0.0,26.2,7.3,bhubaneswar,20.2961,85.8245
2012-10-23,0.0,26.4,8.9,bhubaneswar,20.2961,85.8245
2012-10-24,0.0,26.3,7.2,bhubaneswar,20.2961,85.8245
2012-10-25,0.0,25.8,7.6,bhubaneswar,20.2961,85.8245
2012-10-26,0.0,25.4,9.7,bhubaneswar,20.2961,85.8245
2012-10-27,0.0,25.4,9.1,bhubaneswar,20.2961,85.8245
2012-10-28,0.0,25.0,11.6,bhubaneswar,20.2961,85.8245
2012-10-29,0.0,23.4,12.7,bhubaneswar,20.2961,85.8245
2012-10-30,0.0,23.7,13.1,bhubaneswar,20.2961,85.8245
2012-10-31,0.0,24.6,13.5,bhubaneswar,20.2961,85.8245
2012-11-01,13.3,25.5,12.2,bhubaneswar,20.2961,85.8245
2012-11-02,13.3,24.4,8.9,bhubaneswar,20.2961,85.8245
2012-11-03,19.3,24.3,10.3,bhubaneswar,20.2961,85.8245
2012-11-04,6.8,24.4,10.4,bhubaneswar,20.2961,85.8245
2012-11-05,11.9,24.5,12.7,bhubaneswar,20.2961,85.8245
2012-11-06,10.3,25.0,9.1,bhubaneswar,20.2961,85.8245
2012-11-07,5.3,24.6,6.4,bhubaneswar,20.2961,85.8245
2012-11-08,0.7,24.2,6.5,bhubaneswar,20.2961,85.8245
2012-11-09,0.0,23.7,9.8,bhubaneswar,20.2961,85.8245
2012-11-10,0.0,23.9,7.9,bhubaneswar,20.2961,85.8245
2012-11-11,0.0,23.2,6.8,bhubaneswar,20.2961,85.8245
2012-11-12,0.0,22.4,8.4,bhubaneswar,20.2961,85.8245
2012-11-13,0.0,21.6,9.1,bhubaneswar,20.2961,85.8245
2012-11-14,0.0,21.4,9.7,bhubaneswar,20.2961,85.8245
2012-11-15,0.0,21.1,16.7,bhubaneswar,20.2961,85.8245
2012-11-16,0.0,21.5,16.6,bhubaneswar,20.2961,85.8245
2012-11-17,1.2,22.4,15.1,bhubaneswar,20.2961,85.8245
2012-11-18,0.3,23.6,12.6,bhubaneswar,20.2961,85.8245
2012-11-19,0.0,25.3,14.1,bhubaneswar,20.2961,85.8245
2012-11-20,0.2,24.4,14.7,bhubaneswar,20.2961,85.8245
2012-11-21,0.0,24.0,12.0,bhubaneswar,20.2961,85.8245
2012-11-22,0.0,23.8,8.0,bhubaneswar,20.2961,85.8245
2012-11-23,0.0,24.0,6.6,bhubaneswar,20.2961,85.8245
2012-11-24,0.1,24.0,7.9,bhubaneswar,20.2961,85.8245
2012-11-25,0.0,23.1,8.3,bhubaneswar,20.2961,85.8245
2012-11-26,0.0,22.8,7.9,bhubaneswar,20.2961,85.8245
2012-11-27,0.0,23.0,8.1,bhubaneswar,20.2961,85.8245
2012-11-28,0.0,22.3,8.3,bhubaneswar,20.2961,85.8245
2012-11-29,0.0,21.4,9.0,bhubaneswar,20.2961,85.8245
2012-11-30,0.0,21.2,9.4,bhubaneswar,20.2961,85.8245
2012-12-01,0.0,20.8,12.4,bhubaneswar,20.2961,85.8245
2012-12-02,0.0,20.9,11.7,bhubaneswar,20.2961,85.8245
2012-12-03,0.0,20.4,10.4,bhubaneswar,20.2961,85.8245
2012-12-04,0.0,20.6,7.3,bhubaneswar,20.2961,85.8245
2012-12-05,0.0,20.7,9.6,bhubaneswar,20.2961,85.8245
2012-12-06,0.0,21.8,9.0,bhubaneswar,20.2961,85.8245
2012-12-07,0.0,22.3,9.1,bhubaneswar,20.2961,85.8245
2012-12-08,0.0,22.2,9.4,bhubaneswar,20.2961,85.8245
2012-12-09,0.0,23.0,9.0,bhubaneswar,20.2961,85.8245
2012-12-10,0.0,23.6,10.1,bhubaneswar,20.2961,85.8245
2012-12-11,3.1,24.7,11.4,bhubaneswar,20.2961,85.8245
2012-12-12,0.3,24.6,9.2,bhubaneswar,20.2961,85.8245
2012-12-13,0.0,24.5,9.4,bhubaneswar,20.2961,85.8245
2012-12-14,0.0,24.3,7.1,bhubaneswar,20.2961,85.8245
2012-12-15,0.0,23.3,7.0,bhubaneswar,20.2961,85.8245
2012-12-16,0.0,22.9,10.5,bhubaneswar,20.2961,85.8245
2012-12-17,0.0,21.7,10.6,bhubaneswar,20.2961,85.8245
2012-12-18,0.0,21.7,9.9,bhubaneswar,20.2961,85.8245
2012-12-19,0.0,20.5,9.4,bhubaneswar,20.2961,85.8245
2012-12-20,0.0,21.3,8.6,bhubaneswar,20.2961,85.8245
2012-12-21,0.0,20.6,9.1,bhubaneswar,20.2961,85.8245
2012-12-22,0.0,20.1,8.9,bhubaneswar,20.2961,85.8245
2012-12-23,0.0,19.1,13.2,bhubaneswar,20.2961,85.8245
2012-12-24,0.0,18.0,9.9,bhubaneswar,20.2961,85.8245
2012-12-25,0.0,18.7,9.3,bhubaneswar,20.2961,85.8245
2012-12-26,0.0,18.8,9.7,bhubaneswar,20.2961,85.8245
2012-12-27,0.0,18.3,10.2,bhubaneswar,20.2961,85.8245
2012-12-28,0.0,18.4,8.8,bhubaneswar,20.2961,85.8245
2012-12-29,0.0,19.2,9.4,bhubaneswar,20.2961,85.8245
2012-12-30,0.0,20.1,9.2,bhubaneswar,20.2961,85.8245
2012-12-31,0.0,21.6,8.7,bhubaneswar,20.2961,85.8245
2013-01-01,0.0,22.4,8.1,bhubaneswar,20.2961,85.8245
2013-01-02,0.0,23.7,13.4,bhubaneswar,20.2961,85.8245
2013-01-03,0.0,24.0,7.3,bhubaneswar,20.2961,85.8245
2013-01-04,0.7,22.9,9.1,bhubaneswar,20.2961,85.8245
2013-01-05,0.0,22.2,10.5,bhubaneswar,20.2961,85.8245
2013-01-06,0.0,22.6,9.2,bhubaneswar,20.2961,85.8245
2013-01-07,0.2,22.7,7.0,bhubaneswar,20.2961,85.8245
2013-01-08,0.5,21.3,8.7,bhubaneswar,20.2961,85.8245
2013-01-09,0.0,19.4,10.0,bhubaneswar,20.2961,85.8245
2013-01-10,0.0,20.0,9.7,bhubaneswar,20.2961,85.8245
2013-01-11,0.0,19.4,11.9,bhubaneswar,20.2961,85.8245
2013-01-12,0.0,19.2,8.4,bhubaneswar,20.2961,85.8245
2013-01-13,0.0,20.0,9.7,bhubaneswar,20.2961,85.8245
2013-01-14,0.0,22.4,11.6,bhubaneswar,20.2961,85.8245
2013-01-15,0.0,22.3,11.4,bhubaneswar,20.2961,85.8245
2013-01-16,0.0,22.6,8.4,bhubaneswar,20.2961,85.8245
2013-01-17,0.0,22.8,7.9,bhubaneswar,20.2961,85.8245
2013-01-18,0.0,21.9,10.7,bhubaneswar,20.2961,85.8245
2013-01-19,0.0,21.5,8.7,bhubaneswar,20.2961,85.8245
2013-01-20,0.0,21.8,10.3,bhubaneswar,20.2961,85.8245
2013-01-21,0.6,21.4,9.1,bhubaneswar,20.2961,85.8245
2013-01-22,0.0,21.2,10.7,bhubaneswar,20.2961,85.8245
2013-01-23,0.0,20.9,9.0,bhubaneswar,20.2961,85.8245
2013-01-24,0.0,20.5,12.9,bhubaneswar,20.2961,85.8245
2013-01-25,0.0,20.9,9.7,bhubaneswar,20.2961,85.8245
2013-01-26,0.0,20.6,10.7,bhubaneswar,20.2961,85.8245
2013-01-27,0.0,20.6,11.1,bhubaneswar,20.2961,85.8245
2013-01-28,0.0,20.4,8.3,bhubaneswar,20.2961,85.8245
2013-01-29,0.0,21.1,10.8,bhubaneswar,20.2961,85.8245
2013-01-30,0.0,21.8,9.7,bhubaneswar,20.2961,85.8245
2013-01-31,0.0,21.6,9.4,bhubaneswar,20.2961,85.8245
2013-02-01,0.0,22.2,8.2,bhubaneswar,20.2961,85.8245
2013-02-02,0.0,22.3,9.6,bhubaneswar,20.2961,85.8245
2013-02-03,0.0,22.9,9.7,bhubaneswar,20.2961,85.8245
2013-02-04,0.0,23.4,12.2,bhubaneswar,20.2961,85.8245
2013-02-05,0.0,23.3,10.0,bhubaneswar,20.2961,85.8245
2013-02-06,0.0,24.0,9.4,bhubaneswar,20.2961,85.8245
2013-02-07,0.0,25.3,12.9,bhubaneswar,20.2961,85.8245
2013-02-08,0.0,25.1,8.2,bhubaneswar,20.2961,85.8245
2013-02-09,0.0,23.9,11.8,bhubaneswar,20.2961,85.8245
2013-02-10,0.0,23.3,12.0,bhubaneswar,20.2961,85.8245
2013-02-11,0.0,23.2,11.1,bhubaneswar,20.2961,85.8245
2013-02-12,0.0,23.8,8.9,bhubaneswar,20.2961,85.8245
2013-02-13,0.0,23.9,9.5,bhubaneswar,20.2961,85.8245
2013-02-14,0.0,24.5,12.0,bhubaneswar,20.2961,85.8245
2013-02-15,0.0,24.6,12.4,bhubaneswar,20.2961,85.8245
2013-02-16,0.8,22.4,11.9,bhubaneswar,20.2961,85.8245
2013-02-17,10.4,22.3,7.9,bhubaneswar,20.2961,85.8245
2013-02-18,0.5,22.1,11.0,bhubaneswar,20.2961,85.8245
2013-02-19,0.0,22.5,11.5,bhubaneswar,20.2961,85.8245
2013-02-20,0.0,23.1,10.2,bhubaneswar,20.2961,85.8245
2013-02-21,0.0,23.7,11.1,bhubaneswar,20.2961,85.8245
2013-02-22,0.0,23.7,10.5,bhubaneswar,20.2961,85.8245
2013-02-23,0.0,24.3,11.3,bhubaneswar,20.2961,85.8245
2013-02-24,0.0,25.1,9.3,bhubaneswar,20.2961,85.8245
2013-02-25,0.0,25.6,13.2,bhubaneswar,20.2961,85.8245
2013-02-26,0.0,25.8,11.0,bhubaneswar,20.2961,85.8245
2013-02-27,0.0,25.9,12.9,bhubaneswar,20.2961,85.8245
2013-02-28,0.0,26.8,11.6,bhubaneswar,20.2961,85.8245
2013-03-01,0.0,26.1,12.6,bhubaneswar,20.2961,85.8245
2013-03-02,0.0,25.4,12.9,bhubaneswar,20.2961,85.8245
2013-03-03,0.0,25.6,13.7,bhubaneswar,20.2961,85.8245
2013-03-04,0.0,26.0,15.9,bhubaneswar,20.2961,85.8245
2013-03-05,0.0,26.0,15.5,bhubaneswar,20.2961,85.8245
2013-03-06,0.0,26.4,14.9,bhubaneswar,20.2961,85.8245
2013-03-07,0.0,26.8,16.8,bhubaneswar,20.2961,85.8245
2013-03-08,0.0,27.1,12.3,bhubaneswar,20.2961,85.8245
2013-03-09,0.0,27.6,12.0,bhubaneswar,20.2961,85.8245
2013-03-10,0.0,27.7,17.3,bhubaneswar,20.2961,85.8245
2013-03-11,0.0,27.7,17.2,bhubaneswar,20.2961,85.8245
2013-03-12,0.0,29.0,17.7,bhubaneswar,20.2961,85.8245
2013-03-13,0.0,29.5,16.3,bhubaneswar,20.2961,85.8245
2013-03-14,0.5,29.1,14.7,bhubaneswar,20.2961,85.8245
2013-03-15,2.0,28.9,12.2,bhubaneswar,20.2961,85.8245
2013-03-16,0.3,28.8,11.9,bhubaneswar,20.2961,85.8245
2013-03-17,4.0,26.8,16.0,bhubaneswar,20.2961,85.8245
2013-03-18,0.0,27.4,15.5,bhubaneswar,20.2961,85.8245
2013-03-19,0.0,28.3,14.4,bhubaneswar,20.2961,85.8245
2013-03-20,0.0,28.9,15.5,bhubaneswar,20.2961,85.8245
2013-03-21,0.0,29.2,16.0,bhubaneswar,20.2961,85.8245
2013-03-22,0.3,29.7,17.5,bhubaneswar,20.2961,85.8245
2013-03-23,0.1,29.1,17.7,bhubaneswar,20.2961,85.8245
2013-03-24,0.0,29.3,16.4,bhubaneswar,20.2961,85.8245
2013-03-25,0.0,30.4,17.2,bhubaneswar,20.2961,85.8245
2013-03-26,0.0,31.0,16.8,bhubaneswar,20.2961,85.8245
2013-03-27,0.8,30.8,14.1,bhubaneswar,20.2961,85.8245
2013-03-28,0.1,30.9,14.3,bhubaneswar,20.2961,85.8245
2013-03-29,1.4,29.8,11.8,bhubaneswar,20.2961,85.8245
2013-03-30,0.0,29.9,16.9,bhubaneswar,20.2961,85.8245
2013-03-31,0.0,29.9,14.4,bhubaneswar,20.2961,85.8245
2013-04-01,0.3,29.9,17.3,bhubaneswar,20.2961,85.8245
2013-04-02,0.3,30.0,15.9,bhubaneswar,20.2961,85.8245
2013-04-03,0.1,30.7,17.4,bhubaneswar,20.2961,85.8245
2013-04-04,0.0,31.4,15.2,bhubaneswar,20.2961,85.8245
2013-04-05,0.0,31.3,12.9,bhubaneswar,20.2961,85.8245
2013-04-06,0.0,31.1,14.6,bhubaneswar,20.2961,85.8245
2013-04-07,0.0,30.8,17.7,bhubaneswar,20.2961,85.8245
2013-04-08,0.0,30.5,19.6,bhubaneswar,20.2961,85.8245
2013-04-09,0.0,30.2,19.4,bhubaneswar,20.2961,85.8245
2013-04-10,0.0,31.0,17.3,bhubaneswar,20.2961,85.8245
2013-04-11,0.9,31.4,20.0,bhubaneswar,20.2961,85.8245
2013-04-12,0.0,30.9,18.3,bhubaneswar,20.2961,85.8245
2013-04-13,0.0,30.8,19.2,bhubaneswar,20.2961,85.8245
2013-04-14,0.0,30.3,15.3,bhubaneswar,20.2961,85.8245
2013-04-15,0.0,30.8,19.4,bhubaneswar,20.2961,85.8245
2013-04-16,1.2,30.7,21.1,bhubaneswar,20.2961,85.8245
2013-04-17,1.2,31.6,19.5,bhubaneswar,20.2961,85.8245
2013-04-18,5.8,28.9,19.1,bhubaneswar,20.2961,85.8245
2013-04-19,0.1,29.1,24.7,bhubaneswar,20.2961,85.8245
2013-04-20,5.5,28.1,17.0,bhubaneswar,20.2961,85.8245
2013-04-21,12.7,26.0,13.0,bhubaneswar,20.2961,85.8245
2013-04-22,8.3,26.3,9.7,bhubaneswar,20.2961,85.8245
2013-04-23,0.4,27.9,12.3,bhubaneswar,20.2961,85.8245
2013-04-24,0.6,28.6,14.8,bhubaneswar,20.2961,85.8245
2013-04-25,0.1,29.4,11.9,bhubaneswar,20.2961,85.8245
2013-04-26,0.9,30.3,13.6,bhubaneswar,20.2961,85.8245
2013-04-27,0.2,30.8,16.6,bhubaneswar,20.2961,85.8245
2013-04-28,0.0,31.4,17.0,bhubaneswar,20.2961,85.8245
2013-04-29,0.0,31.4,19.1,bhubaneswar,20.2961,85.8245
2013-04-30,0.0,31.1,18.6,bhubaneswar,20.2961,85.8245
2013-05-01,0.0,31.7,21.9,bhubaneswar,20.2961,85.8245
2013-05-02,0.0,31.8,21.6,bhubaneswar,20.2961,85.8245
2013-05-03,0.0,31.3,23.6,bhubaneswar,20.2961,85.8245
2013-05-04,0.0,31.1,25.1,bhubaneswar,20.2961,85.8245
2013-05-05,0.0,30.7,25.5,bhubaneswar,20.2961,85.8245
2013-05-06,0.0,30.8,27.2,bhubaneswar,20.2961,85.8245
2013-05-07,0.0,31.1,22.8,bhubaneswar,20.2961,85.8245
2013-05-08,0.0,31.6,24.1,bhubaneswar,20.2961,85.8245
2013-05-09,0.0,32.2,21.5,bhubaneswar,20.2961,85.8245
2013-05-10,0.0,32.0,22.1,bhubaneswar,20.2961,85.8245
2013-05-11,0.0,32.0,20.7,bhubaneswar,20.2961,85.8245
2013-05-12,1.3,31.5,22.2,bhubaneswar,20.2961,85.8245
2013-05-13,0.0,31.0,17.5,bhubaneswar,20.2961,85.8245
2013-05-14,0.9,29.8,13.9,bhubaneswar,20.2961,85.8245
2013-05-15,0.2,29.6,11.9,bhubaneswar,20.2961,85.8245
2013-05-16,0.3,31.7,16.9,bhubaneswar,20.2961,85.8245
2013-05-17,0.0,31.7,22.0,bhubaneswar,20.2961,85.8245
2013-05-18,0.0,31.7,22.8,bhubaneswar,20.2961,85.8245
2013-05-19,0.0,32.0,23.5,bhubaneswar,20.2961,85.8245
2013-05-20,0.0,32.4,19.8,bhubaneswar,20.2961,85.8245
2013-05-21,0.0,32.6,21.2,bhubaneswar,20.2961,85.8245
2013-05-22,0.0,32.9,18.0,bhubaneswar,20.2961,85.8245
2013-05-23,0.0,33.1,18.7,bhubaneswar,20.2961,85.8245
2013-05-24,0.0,32.9,15.9,bhubaneswar,20.2961,85.8245
2013-05-25,0.0,34.2,14.5,bhubaneswar,20.2961,85.8245
2013-05-26,1.9,31.9,14.8,bhubaneswar,20.2961,85.8245
2013-05-27,14.4,28.2,11.0,bhubaneswar,20.2961,85.8245
2013-05-28,6.9,30.6,10.2,bhubaneswar,20.2961,85.8245
2013-05-29,4.0,28.3,11.5,bhubaneswar,20.2961,85.8245
2013-05-30,0.0,30.3,17.8,bhubaneswar,20.2961,85.8245
2013-05-31,0.0,30.2,20.2,bhubaneswar,20.2961,85.8245
2013-06-01,1.2,29.9,20.0,bhubaneswar,20.2961,85.8245
2013-06-02,0.2,30.0,14.1,bhubaneswar,20.2961,85.8245
2013-06-03,0.9,29.9,13.1,bhubaneswar,20.2961,85.8245
2013-06-04,0.5,30.1,13.0,bhubaneswar,20.2961,85.8245
2013-06-05,0.0,31.1,13.4,bhubaneswar,20.2961,85.8245
2013-06-06,0.0,31.2,17.5,bhubaneswar,20.2961,85.8245
2013-06-07,1.7,30.5,15.3,bhubaneswar,20.2961,85.8245
2013-06-08,13.8,29.5,11.8,bhubaneswar,20.2961,85.8245
2013-06-09,10.8,29.7,12.4,bhubaneswar,20.2961,85.8245
2013-06-10,19.3,29.2,20.2,bhubaneswar,20.2961,85.8245
2013-06-11,30.8,26.7,10.3,bhubaneswar,20.2961,85.8245
2013-06-12,26.8,26.3,17.3,bhubaneswar,20.2961,85.8245
2013-06-13,15.8,26.9,17.9,bhubaneswar,20.2961,85.8245
2013-06-14,1.0,27.9,23.5,bhubaneswar,20.2961,85.8245
2013-06-15,1.3,28.3,20.9,bhubaneswar,20.2961,85.8245
2013-06-16,1.2,29.2,15.3,bhubaneswar,20.2961,85.8245
2013-06-17,8.7,29.4,8.9,bhubaneswar,20.2961,85.8245
2013-06-18,3.3,30.2,12.9,bhubaneswar,20.2961,85.8245
2013-06-19,8.1,30.1,13.1,bhubaneswar,20.2961,85.8245
2013-06-20,8.3,29.1,10.7,bhubaneswar,20.2961,85.8245
2013-06-21,12.5,28.0,12.0,bhubaneswar,20.2961,85.8245
2013-06-22,15.9,27.5,15.6,bhubaneswar,20.2961,85.8245
2013-06-23,21.4,27.5,13.0,bhubaneswar,20.2961,85.8245
2013-06-24,15.8,27.5,17.5,bhubaneswar,20.2961,85.8245
2013-06-25,3.8,28.5,20.3,bhubaneswar,20.2961,85.8245
2013-06-26,0.8,28.9,20.4,bhubaneswar,20.2961,85.8245
2013-06-27,2.3,29.0,19.7,bhubaneswar,20.2961,85.8245
2013-06-28,27.3,28.7,20.6,bhubaneswar,20.2961,85.8245
2013-06-29,8.4,28.1,18.8,bhubaneswar,20.2961,85.8245
2013-06-30,6.2,27.7,13.3,bhubaneswar,20.2961,85.8245
2013-07-01,10.5,28.3,16.1,bhubaneswar,20.2961,85.8245
2013-07-02,15.1,27.4,13.5,bhubaneswar,20.2961,85.8245
2013-07-03,7.1,28.3,16.4,bhubaneswar,20.2961,85.8245
2013-07-04,8.7,28.4,10.1,bhubaneswar,20.2961,85.8245
2013-07-05,20.7,27.5,10.8,bhubaneswar,20.2961,85.8245
2013-07-06,8.7,27.5,7.6,bhubaneswar,20.2961,85.8245
2013-07-07,3.0,28.1,13.2,bhubaneswar,20.2961,85.8245
2013-07-08,1.5,28.5,8.9,bhubaneswar,20.2961,85.8245
2013-07-09,4.0,28.8,9.1,bhubaneswar,20.2961,85.8245
2013-07-10,11.0,28.0,10.1,bhubaneswar,20.2961,85.8245
2013-07-11,22.1,27.5,15.0,bhubaneswar,20.2961,85.8245
2013-07-12,1.0,28.3,19.7,bhubaneswar,20.2961,85.8245
2013-07-13,6.0,27.9,12.5,bhubaneswar,20.2961,85.8245
2013-07-14,7.4,27.1,10.0,bhubaneswar,20.2961,85.8245
2013-07-15,20.7,27.2,6.6,bhubaneswar,20.2961,85.8245
2013-07-16,24.9,27.1,10.2,bhubaneswar,20.2961,85.8245
2013-07-17,1.0,28.1,12.5,bhubaneswar,20.2961,85.8245
2013-07-18,4.5,28.1,8.7,bhubaneswar,20.2961,85.8245
2013-07-19,7.0,27.9,5.9,bhubaneswar,20.2961,85.8245
2013-07-20,21.7,27.9,8.5,bhubaneswar,20.2961,85.8245
2013-07-21,19.6,27.4,10.6,bhubaneswar,20.2961,85.8245
2013-07-22,14.1,27.5,12.8,bhubaneswar,20.2961,85.8245
2013-07-23,2.9,28.0,12.7,bhubaneswar,20.2961,85.8245
2013-07-24,5.2,27.5,12.7,bhubaneswar,20.2961,85.8245
2013-07-25,15.7,26.6,12.0,bhubaneswar,20.2961,85.8245
2013-07-26,30.4,26.4,18.7,bhubaneswar,20.2961,85.8245
2013-07-27,20.1,27.8,19.6,bhubaneswar,20.2961,85.8245
2013-07-28,6.6,27.9,16.1,bhubaneswar,20.2961,85.8245
2013-07-29,39.3,26.6,15.0,bhubaneswar,20.2961,85.8245
2013-07-30,68.3,25.0,18.8,bhubaneswar,20.2961,85.8245
2013-07-31,3.2,26.3,18.1,bhubaneswar,20.2961,85.8245
2013-08-01,2.4,26.6,18.0,bhubaneswar,20.2961,85.8245
2013-08-02,0.6,28.1,13.1,bhubaneswar,20.2961,85.8245
2013-08-03,7.5,27.7,9.7,bhubaneswar,20.2961,85.8245
2013-08-04,22.4,27.1,11.7,bhubaneswar,20.2961,85.8245
2013-08-05,5.8,27.1,11.2,bhubaneswar,20.2961,85.8245
2013-08-06,3.2,27.7,12.8,bhubaneswar,20.2961,85.8245
2013-08-07,14.4,27.6,12.7,bhubaneswar,20.2961,85.8245
2013-08-08,14.1,27.2,8.9,bhubaneswar,20.2961,85.8245
2013-08-09,15.5,27.6,7.9,bhubaneswar,20.2961,85.8245
2013-08-10,15.4,27.6,9.4,bhubaneswar,20.2961,85.8245
2013-08-11,14.0,25.6,4.6,bhubaneswar,20.2961,85.8245
2013-08-12,4.9,27.1,10.1,bhubaneswar,20.2961,85.8245
2013-08-13,6.3,27.2,11.6,bhubaneswar,20.2961,85.8245
2013-08-14,7.8,27.7,10.2,bhubaneswar,20.2961,85.8245
2013-08-15,5.4,27.7,10.6,bhubaneswar,20.2961,85.8245
2013-08-16,3.6,27.6,10.7,bhubaneswar,20.2961,85.8245
2013-08-17,4.4,27.4,12.9,bhubaneswar,20.2961,85.8245
2013-08-18,24.4,26.9,12.4,bhubaneswar,20.2961,85.8245
2013-08-19,17.0,26.3,17.0,bhubaneswar,20.2961,85.8245
2013-08-20,7.8,26.7,22.3,bhubaneswar,20.2961,85.8245
2013-08-21,1.0,26.6,13.5,bhubaneswar,20.2961,85.8245
2013-08-22,0.0,27.8,11.2,bhubaneswar,20.2961,85.8245
2013-08-23,3.1,28.1,7.7,bhubaneswar,20.2961,85.8245
2013-08-24,11.4,28.0,9.5,bhubaneswar,20.2961,85.8245
2013-08-25,6.6,28.1,8.6,bhubaneswar,20.2961,85.8245
2013-08-26,11.2,27.4,10.4,bhubaneswar,20.2961,85.8245
2013-08-27,12.0,26.5,8.4,bhubaneswar,20.2961,85.8245
2013-08-28,9.2,26.1,12.1,bhubaneswar,20.2961,85.8245
2013-08-29,2.2,27.1,13.6,bhubaneswar,20.2961,85.8245
2013-08-30,0.0,28.7,11.9,bhubaneswar,20.2961,85.8245
2013-08-31,0.4,29.3,10.7,bhubaneswar,20.2961,85.8245
2013-09-01,10.9,28.6,11.6,bhubaneswar,20.2961,85.8245
2013-09-02,29.3,27.2,9.0,bhubaneswar,20.2961,85.8245
2013-09-03,34.7,26.6,11.6,bhubaneswar,20.2961,85.8245
2013-09-04,1.6,28.3,10.5,bhubaneswar,20.2961,85.8245
2013-09-05,1.0,28.9,11.4,bhubaneswar,20.2961,85.8245
2013-09-06,23.3,27.8,6.6,bhubaneswar,20.2961,85.8245
2013-09-07,16.3,26.7,11.2,bhubaneswar,20.2961,85.8245
2013-09-08,15.8,26.2,10.2,bhubaneswar,20.2961,85.8245
2013-09-09,9.1,26.4,9.1,bhubaneswar,20.2961,85.8245
2013-09-10,7.7,27.2,10.2,bhubaneswar,20.2961,85.8245
2013-09-11,1.9,27.4,9.9,bhubaneswar,20.2961,85.8245
2013-09-12,0.5,28.1,6.5,bhubaneswar,20.2961,85.8245
2013-09-13,4.1,27.9,6.5,bhubaneswar,20.2961,85.8245
2013-09-14,1.1,28.1,9.7,bhubaneswar,20.2961,85.8245
2013-09-15,6.7,27.6,8.5,bhubaneswar,20.2961,85.8245
2013-09-16,9.8,27.3,8.6,bhubaneswar,20.2961,85.8245
2013-09-17,2.8,27.7,10.4,bhubaneswar,20.2961,85.8245
2013-09-18,12.8,27.0,7.0,bhubaneswar,20.2961,85.8245
2013-09-19,10.6,25.9,11.2,bhubaneswar,20.2961,85.8245
2013-09-20,11.5,25.3,17.7,bhubaneswar,20.2961,85.8245
2013-09-21,15.9,26.0,16.3,bhubaneswar,20.2961,85.8245
2013-09-22,4.3,26.9,10.5,bhubaneswar,20.2961,85.8245
2013-09-23,0.5,28.0,8.5,bhubaneswar,20.2961,85.8245
2013-09-24,0.3,28.7,7.0,bhubaneswar,20.2961,85.8245
2013-09-25,0.2,28.5,10.0,bhubaneswar,20.2961,85.8245
2013-09-26,0.3,28.7,6.9,bhubaneswar,20.2961,85.8245
2013-09-27,13.9,27.8,7.7,bhubaneswar,20.2961,85.8245
2013-09-28,28.2,26.2,9.7,bhubaneswar,20.2961,85.8245
2013-09-29,7.9,25.7,10.7,bhubaneswar,20.2961,85.8245
2013-09-30,14.9,25.4,8.4,bhubaneswar,20.2961,85.8245
2013-10-01,9.1,25.6,8.6,bhubaneswar,20.2961,85.8245
2013-10-02,5.1,26.2,13.9,bhubaneswar,20.2961,85.8245
2013-10-03,10.9,25.9,15.6,bhubaneswar,20.2961,85.8245
2013-10-04,0.7,27.2,14.8,bhubaneswar,20.2961,85.8245
2013-10-05,6.5,27.3,10.0,bhubaneswar,20.2961,85.8245
2013-10-06,2.9,27.6,8.3,bhubaneswar,20.2961,85.8245
2013-10-07,0.5,28.0,8.9,bhubaneswar,20.2961,85.8245
2013-10-08,7.2,26.5,7.8,bhubaneswar,20.2961,85.8245
2013-10-09,18.5,25.5,10.0,bhubaneswar,20.2961,85.8245
2013-10-10,0.7,26.3,12.5,bhubaneswar,20.2961,85.8245
2013-10-11,13.6,26.1,27.5,bhubaneswar,20.2961,85.8245
2013-10-12,75.4,25.4,51.4,bhubaneswar,20.2961,85.8245
2013-10-13,16.7,27.0,40.7,bhubaneswar,20.2961,85.8245
2013-10-14,2.2,26.8,18.8,bhubaneswar,20.2961,85.8245
2013-10-15,0.0,26.5,8.4,bhubaneswar,20.2961,85.8245
2013-10-16,0.0,26.8,7.5,bhubaneswar,20.2961,85.8245
2013-10-17,0.9,26.5,7.2,bhubaneswar,20.2961,85.8245
2013-10-18,0.9,26.6,6.3,bhubaneswar,20.2961,85.8245
2013-10-19,0.7,26.6,8.2,bhubaneswar,20.2961,85.8245
2013-10-20,14.9,25.9,8.3,bhubaneswar,20.2961,85.8245
2013-10-21,23.0,24.8,10.7,bhubaneswar,20.2961,85.8245
2013-10-22,26.1,24.2,13.6,bhubaneswar,20.2961,85.8245
2013-10-23,32.8,24.2,14.9,bhubaneswar,20.2961,85.8245
2013-10-24,35.3,23.9,15.5,bhubaneswar,20.2961,85.8245
2013-10-25,26.3,24.1,12.6,bhubaneswar,20.2961,85.8245
2013-10-26,11.3,24.7,10.2,bhubaneswar,20.2961,85.8245
2013-10-27,98.3,23.0,11.0,bhubaneswar,20.2961,85.8245
2013-10-28,0.0,24.5,11.8,bhubaneswar,20.2961,85.8245
2013-10-29,0.0,25.3,10.4,bhubaneswar,20.2961,85.8245
2013-10-30,0.0,24.3,10.1,bhubaneswar,20.2961,85.8245
2013-10-31,0.0,23.7,9.0,bhubaneswar,20.2961,85.8245
2013-11-01,0.0,23.8,8.4,bhubaneswar,20.2961,85.8245
2013-11-02,0.0,23.8,8.4,bhubaneswar,20.2961,85.8245
2013-11-03,0.0,23.3,8.5,bhubaneswar,20.2961,85.8245
2013-11-04,0.0,24.0,7.2,bhubaneswar,20.2961,85.8245
2013-11-05,0.0,24.3,8.7,bhubaneswar,20.2961,85.8245
2013-11-06,0.0,23.9,7.1,bhubaneswar,20.2961,85.8245
2013-11-07,0.0,23.3,7.6,bhubaneswar,20.2961,85.8245
2013-11-08,0.0,23.1,8.9,bhubaneswar,20.2961,85.8245
2013-11-09,0.0,23.0,10.2,bhubaneswar,20.2961,85.8245
2013-11-10,0.0,22.4,12.4,bhubaneswar,20.2961,85.8245
2013-11-11,0.0,21.9,9.3,bhubaneswar,20.2961,85.8245
2013-11-12,0.0,21.0,9.4,bhubaneswar,20.2961,85.8245
2013-11-13,0.0,20.8,9.4,bhubaneswar,20.2961,85.8245
2013-11-14,0.0,20.6,8.7,bhubaneswar,20.2961,85.8245
2013-11-15,0.0,21.1,10.6,bhubaneswar,20.2961,85.8245
2013-11-16,0.0,20.8,10.0,bhubaneswar,20.2961,85.8245
2013-11-17,0.0,23.3,11.8,bhubaneswar,20.2961,85.8245
2013-11-18,0.0,22.3,13.2,bhubaneswar,20.2961,85.8245
2013-11-19,0.0,22.0,15.7,bhubaneswar,20.2961,85.8245
2013-11-20,0.0,22.5,12.2,bhubaneswar,20.2961,85.8245
2013-11-21,5.4,21.5,13.5,bhubaneswar,20.2961,85.8245
2013-11-22,0.0,22.6,11.7,bhubaneswar,20.2961,85.8245
2013-11-23,0.0,23.6,8.7,bhubaneswar,20.2961,85.8245
2013-11-24,0.0,23.7,7.2,bhubaneswar,20.2961,85.8245
2013-11-25,0.0,23.4,9.0,bhubaneswar,20.2961,85.8245
2013-11-26,0.0,21.9,9.0,bhubaneswar,20.2961,85.8245
2013-11-27,0.0,22.7,14.5,bhubaneswar,20.2961,85.8245
2013-11-28,0.0,23.7,12.5,bhubaneswar,20.2961,85.8245
2013-11-29,0.0,25.0,8.1,bhubaneswar,20.2961,85.8245
2013-11-30,0.2,25.1,7.5,bhubaneswar,20.2961,85.8245
2013-12-01,0.0,23.9,13.0,bhubaneswar,20.2961,85.8245
2013-12-02,0.0,21.6,12.0,bhubaneswar,20.2961,85.8245
2013-12-03,0.0,20.3,10.5,bhubaneswar,20.2961,85.8245
2013-12-04,0.0,20.3,11.5,bhubaneswar,20.2961,85.8245
2013-12-05,0.0,20.0,13.0,bhubaneswar,20.2961,85.8245
2013-12-06,0.0,19.4,13.4,bhubaneswar,20.2961,85.8245
2013-12-07,0.0,19.5,13.5,bhubaneswar,20.2961,85.8245
2013-12-08,0.0,20.3,14.5,bhubaneswar,20.2961,85.8245
2013-12-09,0.0,21.0,13.9,bhubaneswar,20.2961,85.8245
2013-12-10,1.2,22.4,16.9,bhubaneswar,20.2961,85.8245
2013-12-11,0.0,22.5,15.2,bhubaneswar,20.2961,85.8245
2013-12-12,0.0,21.4,8.7,bhubaneswar,20.2961,85.8245
2013-12-13,0.0,20.2,10.0,bhubaneswar,20.2961,85.8245
2013-12-14,0.0,19.7,9.0,bhubaneswar,20.2961,85.8245
2013-12-15,0.0,19.1,11.5,bhubaneswar,20.2961,85.8245
2013-12-16,0.0,19.4,7.9,bhubaneswar,20.2961,85.8245
2013-12-17,0.0,19.4,8.5,bhubaneswar,20.2961,85.8245
2013-12-18,0.0,20.0,8.8,bhubaneswar,20.2961,85.8245
2013-12-19,0.0,20.8,9.1,bhubaneswar,20.2961,85.8245
2013-12-20,0.0,21.3,9.4,bhubaneswar,20.2961,85.8245
2013-12-21,0.0,21.5,9.3,bhubaneswar,20.2961,85.8245
2013-12-22,0.0,20.7,8.2,bhubaneswar,20.2961,85.8245
2013-12-23,0.0,20.4,9.2,bhubaneswar,20.2961,85.8245
2013-12-24,0.0,22.3,7.6,bhubaneswar,20.2961,85.8245
2013-12-25,0.0,21.4,8.3,bhubaneswar,20.2961,85.8245
2013-12-26,0.0,20.7,8.9,bhubaneswar,20.2961,85.8245
2013-12-27,0.0,20.5,9.7,bhubaneswar,20.2961,85.8245
2013-12-28,0.0,20.7,8.8,bhubaneswar,20.2961,85.8245
2013-12-29,0.0,20.9,8.4,bhubaneswar,20.2961,85.8245
2013-12-30,0.0,20.3,9.8,bhubaneswar,20.2961,85.8245
2013-12-31,0.0,20.8,7.9,bhubaneswar,20.2961,85.8245
2014-01-01,0.0,21.1,8.6,bhubaneswar,20.2961,85.8245
2014-01-02,0.0,21.5,8.7,bhubaneswar,20.2961,85.8245
2014-01-03,0.0,21.2,7.9,bhubaneswar,20.2961,85.8245
2014-01-04,0.0,20.7,8.4,bhubaneswar,20.2961,85.8245
2014-01-05,0.0,21.2,10.2,bhubaneswar,20.2961,85.8245
2014-01-06,0.0,22.3,9.2,bhubaneswar,20.2961,85.8245
2014-01-07,0.0,21.9,10.2,bhubaneswar,20.2961,85.8245
2014-01-08,0.0,20.6,10.5,bhubaneswar,20.2961,85.8245
2014-01-09,0.0,19.9,8.6,bhubaneswar,20.2961,85.8245
2014-01-10,0.0,20.7,8.8,bhubaneswar,20.2961,85.8245
2014-01-11,0.0,20.8,10.7,bhubaneswar,20.2961,85.8245
2014-01-12,0.0,22.1,11.5,bhubaneswar,20.2961,85.8245
2014-01-13,0.0,21.9,10.4,bhubaneswar,20.2961,85.8245
2014-01-14,0.0,21.2,8.9,bhubaneswar,20.2961,85.8245
2014-01-15,0.1,21.5,9.7,bhubaneswar,20.2961,85.8245
2014-01-16,0.0,21.5,9.3,bhubaneswar,20.2961,85.8245
2014-01-17,0.0,20.7,10.3,bhubaneswar,20.2961,85.8245
2014-01-18,0.0,20.7,10.2,bhubaneswar,20.2961,85.8245
2014-01-19,0.0,21.7,7.9,bhubaneswar,20.2961,85.8245
2014-01-20,0.0,22.1,10.8,bhubaneswar,20.2961,85.8245
2014-01-21,0.0,21.1,10.5,bhubaneswar,20.2961,85.8245
2014-01-22,0.0,20.2,9.2,bhubaneswar,20.2961,85.8245
2014-01-23,0.0,21.0,8.9,bhubaneswar,20.2961,85.8245
2014-01-24,0.0,21.8,8.9,bhubaneswar,20.2961,85.8245
2014-01-25,0.0,22.0,10.4,bhubaneswar,20.2961,85.8245
2014-01-26,0.0,21.9,12.8,bhubaneswar,20.2961,85.8245
2014-01-27,0.0,21.2,10.2,bhubaneswar,20.2961,85.8245
2014-01-28,0.0,20.8,9.5,bhubaneswar,20.2961,85.8245
2014-01-29,0.0,20.4,12.2,bhubaneswar,20.2961,85.8245
2014-01-30,0.0,20.8,10.7,bhubaneswar,20.2961,85.8245
2014-01-31,0.0,20.9,9.7,bhubaneswar,20.2961,85.8245
2014-02-01,0.0,21.2,10.9,bhubaneswar,20.2961,85.8245
2014-02-02,0.0,21.8,10.5,bhubaneswar,20.2961,85.8245
2014-02-03,0.0,21.9,10.2,bhubaneswar,20.2961,85.8245
2014-02-04,0.0,23.6,10.8,bhubaneswar,20.2961,85.8245
2014-02-05,0.0,23.6,10.9,bhubaneswar,20.2961,85.8245
2014-02-06,0.0,24.5,8.3,bhubaneswar,20.2961,85.8245
2014-02-07,0.0,24.8,11.5,bhubaneswar,20.2961,85.8245
2014-02-08,0.0,26.3,13.7,bhubaneswar,20.2961,85.8245
2014-02-09,0.0,26.7,13.1,bhubaneswar,20.2961,85.8245
2014-02-10,0.0,26.4,12.5,bhubaneswar,20.2961,85.8245
2014-02-11,0.0,25.7,13.8,bhubaneswar,20.2961,85.8245
2014-02-12,0.2,23.7,14.9,bhubaneswar,20.2961,85.8245
2014-02-13,0.0,23.8,13.9,bhubaneswar,20.2961,85.8245
2014-02-14,0.0,24.3,15.6,bhubaneswar,20.2961,85.8245
2014-02-15,0.0,24.8,16.7,bhubaneswar,20.2961,85.8245
2014-02-16,16.2,23.3,19.7,bhubaneswar,20.2961,85.8245
2014-02-17,0.0,21.1,16.9,bhubaneswar,20.2961,85.8245
2014-02-18,0.0,19.9,10.3,bhubaneswar,20.2961,85.8245
2014-02-19,0.0,20.4,9.2,bhubaneswar,20.2961,85.8245
2014-02-20,0.0,22.0,9.2,bhubaneswar,20.2961,85.8245
2014-02-21,0.0,22.6,11.7,bhubaneswar,20.2961,85.8245
2014-02-22,0.0,23.5,12.8,bhubaneswar,20.2961,85.8245
2014-02-23,0.0,23.6,11.6,bhubaneswar,20.2961,85.8245
2014-02-24,0.0,24.2,11.6,bhubaneswar,20.2961,85.8245
2014-02-25,0.0,24.6,13.6,bhubaneswar,20.2961,85.8245
2014-02-26,0.0,25.3,14.9,bhubaneswar,20.2961,85.8245
2014-02-27,0.0,25.5,14.4,bhubaneswar,20.2961,85.8245
2014-02-28,0.0,25.1,15.3,bhubaneswar,20.2961,85.8245
2014-03-01,0.0,24.9,15.1,bhubaneswar,20.2961,85.8245
2014-03-02,0.5,25.3,8.5,bhubaneswar,20.2961,85.8245
2014-03-03,0.9,25.3,8.4,bhubaneswar,20.2961,85.8245
2014-03-04,20.2,23.9,13.4,bhubaneswar,20.2961,85.8245
2014-03-05,0.1,24.0,9.4,bhubaneswar,20.2961,85.8245
2014-03-06,0.0,25.4,9.7,bhubaneswar,20.2961,85.8245
2014-03-07,0.0,25.4,11.8,bhubaneswar,20.2961,85.8245
2014-03-08,1.7,25.0,11.5,bhubaneswar,20.2961,85.8245
2014-03-09,8.1,24.6,6.3,bhubaneswar,20.2961,85.8245
2014-03-10,3.9,24.6,13.1,bhubaneswar,20.2961,85.8245
2014-03-11,0.0,25.7,12.2,bhubaneswar,20.2961,85.8245
2014-03-12,0.0,26.8,10.2,bhubaneswar,20.2961,85.8245
2014-03-13,0.0,27.3,7.1,bhubaneswar,20.2961,85.8245
2014-03-14,0.0,27.8,10.0,bhubaneswar,20.2961,85.8245
2014-03-15,0.9,27.9,8.0,bhubaneswar,20.2961,85.8245
2014-03-16,0.0,28.5,11.5,bhubaneswar,20.2961,85.8245
2014-03-17,0.0,28.6,13.0,bhubaneswar,20.2961,85.8245
2014-03-18,0.0,29.3,12.8,bhubaneswar,20.2961,85.8245
2014-03-19,0.2,29.8,11.4,bhubaneswar,20.2961,85.8245
2014-03-20,0.0,29.4,12.7,bhubaneswar,20.2961,85.8245
2014-03-21,0.8,28.6,12.0,bhubaneswar,20.2961,85.8245
2014-03-22,0.2,28.6,17.0,bhubaneswar,20.2961,85.8245
2014-03-23,0.0,29.4,12.2,bhubaneswar,20.2961,85.8245
2014-03-24,0.2,28.8,13.7,bhubaneswar,20.2961,85.8245
2014-03-25,0.1,28.8,15.4,bhubaneswar,20.2961,85.8245
2014-03-26,0.0,29.9,14.6,bhubaneswar,20.2961,85.8245
2014-03-27,0.0,30.6,15.6,bhubaneswar,20.2961,85.8245
2014-03-28,0.0,32.0,11.2,bhubaneswar,20.2961,85.8245
2014-03-29,0.0,32.2,11.6,bhubaneswar,20.2961,85.8245
2014-03-30,0.0,32.8,13.9,bhubaneswar,20.2961,85.8245
2014-03-31,0.0,31.7,13.7,bhubaneswar,20.2961,85.8245
2014-04-01,1.7,31.5,7.7,bhubaneswar,20.2961,85.8245
2014-04-02,0.4,30.5,14.6,bhubaneswar,20.2961,85.8245
2014-04-03,1.7,30.5,17.7,bhubaneswar,20.2961,85.8245
2014-04-04,0.0,30.9,13.2,bhubaneswar,20.2961,85.8245
2014-04-05,0.0,30.9,14.8,bhubaneswar,20.2961,85.8245
2014-04-06,0.0,30.3,16.6,bhubaneswar,20.2961,85.8245
2014-04-07,0.1,30.9,18.8,bhubaneswar,20.2961,85.8245
2014-04-08,0.0,32.0,14.8,bhubaneswar,20.2961,85.8245
2014-04-09,0.0,32.6,13.2,bhubaneswar,20.2961,85.8245
2014-04-10,1.4,30.5,13.8,bhubaneswar,20.2961,85.8245
2014-04-11,2.1,30.0,14.7,bhubaneswar,20.2961,85.8245
2014-04-12,1.0,29.7,16.8,bhubaneswar,20.2961,85.8245
2014-04-13,0.4,29.3,14.2,bhubaneswar,20.2961,85.8245
2014-04-14,0.4,29.8,14.8,bhubaneswar,20.2961,85.8245
2014-04-15,0.0,30.4,15.9,bhubaneswar,20.2961,85.8245
2014-04-16,0.1,30.7,14.4,bhubaneswar,20.2961,85.8245
2014-04-17,0.1,30.6,16.6,bhubaneswar,20.2961,85.8245
2014-04-18,0.0,31.3,10.5,bhubaneswar,20.2961,85.8245
2014-04-19,0.1,32.1,11.5,bhubaneswar,20.2961,85.8245
2014-04-20,0.7,32.1,9.4,bhubaneswar,20.2961,85.8245
2014-04-21,0.4,31.4,11.9,bhubaneswar,20.2961,85.8245
2014-04-22,0.2,31.8,11.7,bhubaneswar,20.2961,85.8245
2014-04-23,2.2,32.6,10.9,bhubaneswar,20.2961,85.8245
2014-04-24,1.6,32.3,15.8,bhubaneswar,20.2961,85.8245
2014-04-25,0.5,32.8,14.4,bhubaneswar,20.2961,85.8245
2014-04-26,1.1,31.9,15.9,bhubaneswar,20.2961,85.8245
2014-04-27,0.5,32.0,17.3,bhubaneswar,20.2961,85.8245
2014-04-28,0.5,32.4,15.3,bhubaneswar,20.2961,85.8245
2014-04-29,1.0,32.0,18.1,bhubaneswar,20.2961,85.8245
2014-04-30,0.0,31.8,20.0,bhubaneswar,20.2961,85.8245
2014-05-01,0.5,31.7,16.8,bhubaneswar,20.2961,85.8245
2014-05-02,0.9,31.3,20.4,bhubaneswar,20.2961,85.8245
2014-05-03,0.0,30.7,19.6,bhubaneswar,20.2961,85.8245
2014-05-04,0.1,30.8,21.1,bhubaneswar,20.2961,85.8245
2014-05-05,1.0,30.2,18.2,bhubaneswar,20.2961,85.8245
2014-05-06,0.2,30.6,19.1,bhubaneswar,20.2961,85.8245
2014-05-07,0.1,31.0,21.6,bhubaneswar,20.2961,85.8245
2014-05-08,0.3,31.8,20.5,bhubaneswar,20.2961,85.8245
2014-05-09,3.0,31.7,18.5,bhubaneswar,20.2961,85.8245
2014-05-10,16.3,26.9,13.0,bhubaneswar,20.2961,85.8245
2014-05-11,0.0,30.3,16.8,bhubaneswar,20.2961,85.8245
2014-05-12,0.0,32.0,16.6,bhubaneswar,20.2961,85.8245
2014-05-13,0.3,31.9,14.5,bhubaneswar,20.2961,85.8245
2014-05-14,1.2,32.6,12.0,bhubaneswar,20.2961,85.8245
2014-05-15,0.0,33.1,12.7,bhubaneswar,20.2961,85.8245
2014-05-16,0.0,32.0,18.2,bhubaneswar,20.2961,85.8245
2014-05-17,0.0,31.9,17.3,bhubaneswar,20.2961,85.8245
2014-05-18,0.9,31.8,14.3,bhubaneswar,20.2961,85.8245
2014-05-19,0.4,32.2,16.5,bhubaneswar,20.2961,85.8245
2014-05-20,0.0,32.6,16.9,bhubaneswar,20.2961,85.8245
2014-05-21,0.0,33.0,17.8,bhubaneswar,20.2961,85.8245
2014-05-22,3.1,32.5,14.5,bhubaneswar,20.2961,85.8245
2014-05-23,0.0,32.1,14.8,bhubaneswar,20.2961,85.8245
2014-05-24,0.7,30.9,17.3,bhubaneswar,20.2961,85.8245
2014-05-25,25.7,26.0,20.1,bhubaneswar,20.2961,85.8245
2014-05-26,34.9,26.2,22.3,bhubaneswar,20.2961,85.8245
2014-05-27,9.0,27.5,25.8,bhubaneswar,20.2961,85.8245
2014-05-28,0.2,29.9,17.9,bhubaneswar,20.2961,85.8245
2014-05-29,0.0,30.3,16.3,bhubaneswar,20.2961,85.8245
2014-05-30,0.0,30.6,20.6,bhubaneswar,20.2961,85.8245
2014-05-31,0.0,30.6,19.0,bhubaneswar,20.2961,85.8245
2014-06-01,1.0,30.1,20.0,bhubaneswar,20.2961,85.8245
2014-06-02,0.0,30.4,19.2,bhubaneswar,20.2961,85.8245
2014-06-03,0.3,30.7,17.2,bhubaneswar,20.2961,85.8245
2014-06-04,0.1,30.8,17.4,bhubaneswar,20.2961,85.8245
2014-06-05,0.0,30.9,14.7,bhubaneswar,20.2961,85.8245
2014-06-06,0.0,31.2,16.6,bhubaneswar,20.2961,85.8245
2014-06-07,0.0,31.4,19.9,bhubaneswar,20.2961,85.8245
2014-06-08,0.1,31.7,18.5,bhubaneswar,20.2961,85.8245
2014-06-09,0.0,31.8,16.5,bhubaneswar,20.2961,85.8245
2014-06-10,0.0,32.1,18.7,bhubaneswar,20.2961,85.8245
2014-06-11,0.0,32.3,12.3,bhubaneswar,20.2961,85.8245
2014-06-12,0.0,35.1,10.0,bhubaneswar,20.2961,85.8245
2014-06-13,0.1,35.1,12.8,bhubaneswar,20.2961,85.8245
2014-06-14,0.9,34.0,16.3,bhubaneswar,20.2961,85.8245
2014-06-15,0.2,32.9,19.5,bhubaneswar,20.2961,85.8245
2014-06-16,4.4,32.9,11.8,bhubaneswar,20.2961,85.8245
2014-06-17,5.0,31.0,14.1,bhubaneswar,20.2961,85.8245
2014-06-18,25.1,27.8,14.8,bhubaneswar,20.2961,85.8245
2014-06-19,28.3,27.3,12.2,bhubaneswar,20.2961,85.8245
2014-06-20,41.6,26.6,16.1,bhubaneswar,20.2961,85.8245
2014-06-21,4.0,28.0,12.9,bhubaneswar,20.2961,85.8245
2014-06-22,0.0,30.5,16.6,bhubaneswar,20.2961,85.8245
2014-06-23,1.6,31.1,13.3,bhubaneswar,20.2961,85.8245
2014-06-24,0.3,32.3,10.1,bhubaneswar,20.2961,85.8245
2014-06-25,1.2,31.1,8.8,bhubaneswar,20.2961,85.8245
2014-06-26,13.7,28.4,12.4,bhubaneswar,20.2961,85.8245
2014-06-27,21.5,27.7,9.4,bhubaneswar,20.2961,85.8245
2014-06-28,8.5,28.4,12.6,bhubaneswar,20.2961,85.8245
2014-06-29,8.5,29.1,10.8,bhubaneswar,20.2961,85.8245
2014-06-30,14.0,27.9,8.8,bhubaneswar,20.2961,85.8245
2014-07-01,0.3,29.5,13.1,bhubaneswar,20.2961,85.8245
2014-07-02,0.1,30.4,14.5,bhubaneswar,20.2961,85.8245
2014-07-03,2.0,29.3,10.1,bhubaneswar,20.2961,85.8245
2014-07-04,0.0,30.1,12.1,bhubaneswar,20.2961,85.8245
2014-07-05,12.7,29.3,11.1,bhubaneswar,20.2961,85.8245
2014-07-06,6.5,29.4,18.8,bhubaneswar,20.2961,85.8245
2014-07-07,3.8,29.4,15.5,bhubaneswar,20.2961,85.8245
2014-07-08,16.2,29.2,11.4,bhubaneswar,20.2961,85.8245
2014-07-09,20.8,29.5,10.0,bhubaneswar,20.2961,85.8245
2014-07-10,24.9,28.4,11.6,bhubaneswar,20.2961,85.8245
2014-07-11,7.6,28.1,13.9,bhubaneswar,20.2961,85.8245
2014-07-12,12.5,27.8,14.7,bhubaneswar,20.2961,85.8245
2014-07-13,17.1,27.8,13.3,bhubaneswar,20.2961,85.8245
2014-07-14,12.1,27.9,8.2,bhubaneswar,20.2961,85.8245
2014-07-15,16.3,27.6,14.7,bhubaneswar,20.2961,85.8245
2014-07-16,3.9,28.7,13.6,bhubaneswar,20.2961,85.8245
2014-07-17,16.2,27.6,15.1,bhubaneswar,20.2961,85.8245
2014-07-18,47.3,27.1,14.0,bhubaneswar,20.2961,85.8245
2014-07-19,40.8,26.0,13.2,bhubaneswar,20.2961,85.8245
2014-07-20,53.3,25.7,18.1,bhubaneswar,20.2961,85.8245
2014-07-21,9.4,26.5,25.6,bhubaneswar,20.2961,85.8245
2014-07-22,0.7,28.4,22.1,bhubaneswar,20.2961,85.8245
2014-07-23,0.6,28.5,13.8,bhubaneswar,20.2961,85.8245
2014-07-24,0.2,28.5,12.9,bhubaneswar,20.2961,85.8245
2014-07-25,1.7,27.4,12.6,bhubaneswar,20.2961,85.8245
2014-07-26,4.0,27.1,8.5,bhubaneswar,20.2961,85.8245
2014-07-27,27.0,27.2,14.8,bhubaneswar,20.2961,85.8245
2014-07-28,6.4,27.4,18.6,bhubaneswar,20.2961,85.8245
2014-07-29,27.4,27.7,11.0,bhubaneswar,20.2961,85.8245
2014-07-30,10.5,27.2,15.0,bhubaneswar,20.2961,85.8245
2014-07-31,5.0,27.7,16.4,bhubaneswar,20.2961,85.8245
2014-08-01,19.8,28.0,11.5,bhubaneswar,20.2961,85.8245
2014-08-02,26.1,27.4,13.1,bhubaneswar,20.2961,85.8245
2014-08-03,64.5,25.8,16.7,bhubaneswar,20.2961,85.8245
2014-08-04,32.8,25.7,21.4,bhubaneswar,20.2961,85.8245
2014-08-05,9.0,27.8,23.6,bhubaneswar,20.2961,85.8245
2014-08-06,3.9,28.8,16.7,bhubaneswar,20.2961,85.8245
2014-08-07,1.1,29.0,12.8,bhubaneswar,20.2961,85.8245
2014-08-08,2.6,27.9,13.7,bhubaneswar,20.2961,85.8245
2014-08-09,20.3,27.1,12.2,bhubaneswar,20.2961,85.8245
2014-08-10,6.1,28.4,13.5,bhubaneswar,20.2961,85.8245
2014-08-11,7.4,28.7,13.7,bhubaneswar,20.2961,85.8245
2014-08-12,8.2,28.9,13.8,bhubaneswar,20.2961,85.8245
2014-08-13,5.1,28.9,14.1,bhubaneswar,20.2961,85.8245
2014-08-14,5.5,28.6,13.8,bhubaneswar,20.2961,85.8245
2014-08-15,10.0,27.7,13.3,bhubaneswar,20.2961,85.8245
2014-08-16,3.5,27.8,10.0,bhubaneswar,20.2961,85.8245
2014-08-17,18.7,27.6,9.7,bhubaneswar,20.2961,85.8245
2014-08-18,6.2,28.6,10.8,bhubaneswar,20.2961,85.8245
2014-08-19,2.2,28.9,11.3,bhubaneswar,20.2961,85.8245
2014-08-20,11.7,28.6,9.0,bhubaneswar,20.2961,85.8245
2014-08-21,13.7,27.6,9.9,bhubaneswar,20.2961,85.8245
2014-08-22,10.2,28.0,12.8,bhubaneswar,20.2961,85.8245
2014-08-23,0.9,28.3,18.3,bhubaneswar,20.2961,85.8245
2014-08-24,0.6,28.4,12.4,bhubaneswar,20.2961,85.8245
2014-08-25,6.4,28.6,10.6,bhubaneswar,20.2961,85.8245
2014-08-26,18.3,28.0,10.4,bhubaneswar,20.2961,85.8245
2014-08-27,12.4,27.6,12.1,bhubaneswar,20.2961,85.8245
2014-08-28,5.6,26.8,15.5,bhubaneswar,20.2961,85.8245
2014-08-29,16.9,26.3,17.8,bhubaneswar,20.2961,85.8245
2014-08-30,14.0,26.1,13.2,bhubaneswar,20.2961,85.8245
2014-08-31,18.4,25.9,15.1,bhubaneswar,20.2961,85.8245
2014-09-01,10.4,26.5,18.1,bhubaneswar,20.2961,85.8245
2014-09-02,11.4,27.1,16.3,bhubaneswar,20.2961,85.8245
2014-09-03,34.9,25.5,9.2,bhubaneswar,20.2961,85.8245
2014-09-04,40.0,25.8,11.7,bhubaneswar,20.2961,85.8245
2014-09-05,49.6,25.5,17.6,bhubaneswar,20.2961,85.8245
2014-09-06,24.6,25.9,14.1,bhubaneswar,20.2961,85.8245
2014-09-07,1.7,27.4,18.9,bhubaneswar,20.2961,85.8245
2014-09-08,1.6,27.7,17.9,bhubaneswar,20.2961,85.8245
2014-09-09,0.0,27.9,9.2,bhubaneswar,20.2961,85.8245
2014-09-10,5.3,27.6,5.2,bhubaneswar,20.2961,85.8245
2014-09-11,8.4,27.6,7.6,bhubaneswar,20.2961,85.8245
2014-09-12,5.7,27.6,7.7,bhubaneswar,20.2961,85.8245
2014-09-13,8.3,27.2,6.5,bhubaneswar,20.2961,85.8245
2014-09-14,13.1,27.3,7.7,bhubaneswar,20.2961,85.8245
2014-09-15,9.1,26.7,9.3,bhubaneswar,20.2961,85.8245
2014-09-16,4.2,27.1,9.5,bhubaneswar,20.2961,85.8245
2014-09-17,7.4,27.8,13.0,bhubaneswar,20.2961,85.8245
2014-09-18,6.8,28.3,13.2,bhubaneswar,20.2961,85.8245
2014-09-19,9.4,26.7,16.6,bhubaneswar,20.2961,85.8245
2014-09-20,25.6,25.9,17.4,bhubaneswar,20.2961,85.8245
2014-09-21,13.8,26.8,10.0,bhubaneswar,20.2961,85.8245
2014-09-22,4.6,27.4,9.8,bhubaneswar,20.2961,85.8245
2014-09-23,1.0,28.1,8.2,bhubaneswar,20.2961,85.8245
2014-09-24,0.9,28.6,7.9,bhubaneswar,20.2961,85.8245
2014-09-25,0.1,29.1,11.0,bhubaneswar,20.2961,85.8245
2014-09-26,0.0,28.9,9.1,bhubaneswar,20.2961,85.8245
2014-09-27,0.0,28.4,9.5,bhubaneswar,20.2961,85.8245
2014-09-28,0.2,28.2,9.2,bhubaneswar,20.2961,85.8245
2014-09-29,0.0,28.4,7.1,bhubaneswar,20.2961,85.8245
2014-09-30,0.5,28.7,5.9,bhubaneswar,20.2961,85.8245
2014-10-01,0.2,28.4,6.9,bhubaneswar,20.2961,85.8245
2014-10-02,0.6,28.2,5.2,bhubaneswar,20.2961,85.8245
2014-10-03,0.6,28.2,8.1,bhubaneswar,20.2961,85.8245
2014-10-04,0.4,28.1,5.0,bhubaneswar,20.2961,85.8245
2014-10-05,5.3,27.1,9.4,bhubaneswar,20.2961,85.8245
2014-10-06,2.1,26.6,12.6,bhubaneswar,20.2961,85.8245
2014-10-07,4.2,26.5,9.5,bhubaneswar,20.2961,85.8245
2014-10-08,0.8,26.9,7.4,bhubaneswar,20.2961,85.8245
2014-10-09,0.0,27.7,11.5,bhubaneswar,20.2961,85.8245
2014-10-10,7.0,27.0,17.4,bhubaneswar,20.2961,85.8245
2014-10-11,13.5,25.5,21.5,bhubaneswar,20.2961,85.8245
2014-10-12,25.9,25.6,24.0,bhubaneswar,20.2961,85.8245
2014-10-13,0.3,27.8,29.0,bhubaneswar,20.2961,85.8245
2014-10-14,0.4,27.3,16.6,bhubaneswar,20.2961,85.8245
2014-10-15,3.2,27.0,7.1,bhubaneswar,20.2961,85.8245
2014-10-16,5.0,26.8,6.6,bhubaneswar,20.2961,85.8245
2014-10-17,5.9,26.1,10.5,bhubaneswar,20.2961,85.8245
2014-10-18,1.1,26.0,10.0,bhubaneswar,20.2961,85.8245
2014-10-19,0.3,26.7,6.3,bhubaneswar,20.2961,85.8245
2014-10-20,1.0,26.5,6.9,bhubaneswar,20.2961,85.8245
2014-10-21,0.3,26.0,7.3,bhubaneswar,20.2961,85.8245
2014-10-22,0.0,25.6,7.4,bhubaneswar,20.2961,85.8245
2014-10-23,0.0,25.7,6.9,bhubaneswar,20.2961,85.8245
2014-10-24,0.0,25.7,6.8,bhubaneswar,20.2961,85.8245
2014-10-25,0.0,25.9,6.4,bhubaneswar,20.2961,85.8245
2014-10-26,0.8,25.5,9.7,bhubaneswar,20.2961,85.8245
2014-10-27,1.9,23.5,11.2,bhubaneswar,20.2961,85.8245
2014-10-28,1.3,23.0,9.2,bhubaneswar,20.2961,85.8245
2014-10-29,0.2,24.1,11.8,bhubaneswar,20.2961,85.8245
2014-10-30,0.0,24.1,12.2,bhubaneswar,20.2961,85.8245
2014-10-31,0.0,24.6,11.5,bhubaneswar,20.2961,85.8245
2014-11-01,0.0,25.2,8.4,bhubaneswar,20.2961,85.8245
2014-11-02,0.0,25.3,9.3,bhubaneswar,20.2961,85.8245
2014-11-03,0.0,25.3,8.9,bhubaneswar,20.2961,85.8245
2014-11-04,0.0,24.5,10.1,bhubaneswar,20.2961,85.8245
2014-11-05,0.0,24.3,16.6,bhubaneswar,20.2961,85.8245
2014-11-06,0.0,24.6,14.7,bhubaneswar,20.2961,85.8245
2014-11-07,0.0,25.2,17.7,bhubaneswar,20.2961,85.8245
2014-11-08,0.6,26.0,13.6,bhubaneswar,20.2961,85.8245
2014-11-09,0.4,26.2,12.7,bhubaneswar,20.2961,85.8245
2014-11-10,0.0,26.3,5.1,bhubaneswar,20.2961,85.8245
2014-11-11,0.0,26.4,8.0,bhubaneswar,20.2961,85.8245
2014-11-12,0.4,26.2,8.0,bhubaneswar,20.2961,85.8245
2014-11-13,0.6,26.0,4.2,bhubaneswar,20.2961,85.8245
2014-11-14,0.0,25.7,7.2,bhubaneswar,20.2961,85.8245
2014-11-15,0.0,25.8,7.4,bhubaneswar,20.2961,85.8245
2014-11-16,0.0,25.6,8.0,bhubaneswar,20.2961,85.8245
2014-11-17,0.0,25.0,8.2,bhubaneswar,20.2961,85.8245
2014-11-18,0.0,23.9,8.4,bhubaneswar,20.2961,85.8245
2014-11-19,0.0,23.2,8.4,bhubaneswar,20.2961,85.8245
2014-11-20,0.0,23.1,8.7,bhubaneswar,20.2961,85.8245
2014-11-21,0.0,22.7,8.8,bhubaneswar,20.2961,85.8245
2014-11-22,0.0,23.0,8.2,bhubaneswar,20.2961,85.8245
2014-11-23,0.0,23.3,8.0,bhubaneswar,20.2961,85.8245
2014-11-24,0.0,23.1,7.5,bhubaneswar,20.2961,85.8245
2014-11-25,0.0,22.6,9.0,bhubaneswar,20.2961,85.8245
2014-11-26,0.0,22.1,9.1,bhubaneswar,20.2961,85.8245
2014-11-27,0.0,22.8,8.4,bhubaneswar,20.2961,85.8245
2014-11-28,0.0,23.3,8.4,bhubaneswar,20.2961,85.8245
2014-11-29,0.0,23.0,8.6,bhubaneswar,20.2961,85.8245
2014-11-30,0.0,23.5,7.1,bhubaneswar,20.2961,85.8245
2014-12-01,0.0,23.4,9.0,bhubaneswar,20.2961,85.8245
2014-12-02,0.0,23.1,7.7,bhubaneswar,20.2961,85.8245
2014-12-03,0.0,22.0,7.4,bhubaneswar,20.2961,85.8245
2014-12-04,0.0,21.5,9.6,bhubaneswar,20.2961,85.8245
2014-12-05,0.0,22.0,9.2,bhubaneswar,20.2961,85.8245
2014-12-06,0.0,22.6,8.1,bhubaneswar,20.2961,85.8245
2014-12-07,0.0,22.9,7.7,bhubaneswar,20.2961,85.8245
2014-12-08,0.0,22.7,8.1,bhubaneswar,20.2961,85.8245
2014-12-09,0.0,22.5,7.6,bhubaneswar,20.2961,85.8245
2014-12-10,0.0,22.9,8.4,bhubaneswar,20.2961,85.8245
2014-12-11,0.0,23.1,6.7,bhubaneswar,20.2961,85.8245
2014-12-12,0.0,21.5,9.6,bhubaneswar,20.2961,85.8245
2014-12-13,0.0,21.7,9.4,bhubaneswar,20.2961,85.8245
2014-12-14,0.0,21.8,8.4,bhubaneswar,20.2961,85.8245
2014-12-15,0.0,21.6,9.0,bhubaneswar,20.2961,85.8245
2014-12-16,0.0,22.6,9.5,bhubaneswar,20.2961,85.8245
2014-12-17,0.0,21.1,12.1,bhubaneswar,20.2961,85.8245
2014-12-18,0.0,19.0,13.0,bhubaneswar,20.2961,85.8245
2014-12-19,0.0,18.4,13.6,bhubaneswar,20.2961,85.8245
2014-12-20,0.0,18.4,10.9,bhubaneswar,20.2961,85.8245
2014-12-21,0.0,19.3,10.0,bhubaneswar,20.2961,85.8245
2014-12-22,0.0,19.0,12.7,bhubaneswar,20.2961,85.8245
2014-12-23,0.0,19.2,10.2,bhubaneswar,20.2961,85.8245
2014-12-24,0.0,19.6,9.5,bhubaneswar,20.2961,85.8245
2014-12-25,0.0,19.6,9.2,bhubaneswar,20.2961,85.8245
2014-12-26,0.0,19.3,8.3,bhubaneswar,20.2961,85.8245
2014-12-27,0.0,18.7,13.3,bhubaneswar,20.2961,85.8245
2014-12-28,0.0,18.8,15.5,bhubaneswar,20.2961,85.8245
2014-12-29,0.4,20.7,14.2,bhubaneswar,20.2961,85.8245
2014-12-30,1.2,20.2,14.1,bhubaneswar,20.2961,85.8245
2014-12-31,25.8,19.5,20.6,bhubaneswar,20.2961,85.8245
2015-01-01,38.1,20.5,25.0,bhubaneswar,20.2961,85.8245
2015-01-02,4.0,23.4,12.0,bhubaneswar,20.2961,85.8245
2015-01-03,0.1,23.7,6.5,bhubaneswar,20.2961,85.8245
2015-01-04,1.1,22.8,8.9,bhubaneswar,20.2961,85.8245
2015-01-05,0.6,21.8,9.7,bhubaneswar,20.2961,85.8245
2015-01-06,0.0,19.5,9.6,bhubaneswar,20.2961,85.8245
2015-01-07,0.0,19.8,8.3,bhubaneswar,20.2961,85.8245
2015-01-08,0.0,20.0,7.9,bhubaneswar,20.2961,85.8245
2015-01-09,0.0,18.5,10.8,bhubaneswar,20.2961,85.8245
2015-01-10,0.0,18.1,9.2,bhubaneswar,20.2961,85.8245
2015-01-11,0.0,18.2,8.7,bhubaneswar,20.2961,85.8245
2015-01-12,0.0,18.4,10.2,bhubaneswar,20.2961,85.8245
2015-01-13,0.0,18.6,9.1,bhubaneswar,20.2961,85.8245
2015-01-14,0.0,19.1,9.0,bhubaneswar,20.2961,85.8245
2015-01-15,0.0,19.7,11.2,bhubaneswar,20.2961,85.8245
2015-01-16,0.0,20.0,13.3,bhubaneswar,20.2961,85.8245
2015-01-17,0.0,19.5,8.2,bhubaneswar,20.2961,85.8245
2015-01-18,0.0,19.0,11.2,bhubaneswar,20.2961,85.8245
2015-01-19,0.0,18.6,9.0,bhubaneswar,20.2961,85.8245
2015-01-20,0.0,18.5,9.2,bhubaneswar,20.2961,85.8245
2015-01-21,0.0,18.9,10.5,bhubaneswar,20.2961,85.8245
2015-01-22,0.0,19.3,9.2,bhubaneswar,20.2961,85.8245
2015-01-23,0.0,19.9,8.6,bhubaneswar,20.2961,85.8245
2015-01-24,0.0,21.1,8.8,bhubaneswar,20.2961,85.8245
2015-01-25,0.0,21.4,8.4,bhubaneswar,20.2961,85.8245
2015-01-26,0.0,21.6,9.0,bhubaneswar,20.2961,85.8245
2015-01-27,0.0,22.1,8.6,bhubaneswar,20.2961,85.8245
2015-01-28,0.0,22.0,11.0,bhubaneswar,20.2961,85.8245
2015-01-29,0.0,21.8,8.7,bhubaneswar,20.2961,85.8245
2015-01-30,0.0,22.0,9.2,bhubaneswar,20.2961,85.8245
2015-01-31,0.0,20.0,11.1,bhubaneswar,20.2961,85.8245
2015-02-01,0.0,20.1,9.3,bhubaneswar,20.2961,85.8245
2015-02-02,0.0,20.8,9.2,bhubaneswar,20.2961,85.8245
2015-02-03,0.0,21.1,8.4,bhubaneswar,20.2961,85.8245
2015-02-04,0.0,22.1,9.2,bhubaneswar,20.2961,85.8245
2015-02-05,0.0,23.0,10.3,bhubaneswar,20.2961,85.8245
2015-02-06,0.0,22.6,10.2,bhubaneswar,20.2961,85.8245
2015-02-07,0.0,22.6,11.6,bhubaneswar,20.2961,85.8245
2015-02-08,0.0,22.7,10.1,bhubaneswar,20.2961,85.8245
2015-02-09,0.0,22.6,10.6,bhubaneswar,20.2961,85.8245
2015-02-10,0.0,23.0,10.7,bhubaneswar,20.2961,85.8245
2015-02-11,0.2,23.4,11.7,bhubaneswar,20.2961,85.8245
2015-02-12,1.7,23.0,8.4,bhubaneswar,20.2961,85.8245
2015-02-13,0.2,23.5,9.8,bhubaneswar,20.2961,85.8245
2015-02-14,0.0,23.7,9.3,bhubaneswar,20.2961,85.8245
2015-02-15,0.0,24.3,13.3,bhubaneswar,20.2961,85.8245
2015-02-16,0.0,24.3,14.8,bhubaneswar,20.2961,85.8245
2015-02-17,0.0,24.8,12.3,bhubaneswar,20.2961,85.8245
2015-02-18,0.0,25.5,15.2,bhubaneswar,20.2961,85.8245
2015-02-19,0.3,25.9,12.5,bhubaneswar,20.2961,85.8245
2015-02-20,0.0,25.0,9.8,bhubaneswar,20.2961,85.8245
2015-02-21,0.2,24.9,11.5,bhubaneswar,20.2961,85.8245
2015-02-22,0.0,25.9,11.5,bhubaneswar,20.2961,85.8245
2015-02-23,0.0,26.2,12.5,bhubaneswar,20.2961,85.8245
2015-02-24,0.0,26.4,14.4,bhubaneswar,20.2961,85.8245
2015-02-25,0.0,26.4,16.3,bhubaneswar,20.2961,85.8245
2015-02-26,0.0,26.1,17.1,bhubaneswar,20.2961,85.8245
2015-02-27,0.0,26.0,15.1,bhubaneswar,20.2961,85.8245
2015-02-28,0.0,24.7,15.2,bhubaneswar,20.2961,85.8245
2015-03-01,0.0,24.8,16.4,bhubaneswar,20.2961,85.8245
2015-03-02,0.0,25.6,14.5,bhubaneswar,20.2961,85.8245
2015-03-03,1.5,26.6,10.8,bhubaneswar,20.2961,85.8245
2015-03-04,4.4,25.9,9.4,bhubaneswar,20.2961,85.8245
2015-03-05,0.0,25.5,14.3,bhubaneswar,20.2961,85.8245
2015-03-06,0.0,25.3,12.8,bhubaneswar,20.2961,85.8245
2015-03-07,0.0,25.7,13.6,bhubaneswar,20.2961,85.8245
2015-03-08,0.0,26.0,12.5,bhubaneswar,20.2961,85.8245
2015-03-09,0.0,26.9,10.8,bhubaneswar,20.2961,85.8245
2015-03-10,0.0,27.8,11.8,bhubaneswar,20.2961,85.8245
2015-03-11,0.0,27.8,11.5,bhubaneswar,20.2961,85.8245
2015-03-12,0.0,27.8,12.0,bhubaneswar,20.2961,85.8245
2015-03-13,0.0,28.1,12.5,bhubaneswar,20.2961,85.8245
2015-03-14,0.2,28.4,13.8,bhubaneswar,20.2961,85.8245
2015-03-15,0.0,28.1,15.0,bhubaneswar,20.2961,85.8245
2015-03-16,0.0,27.0,12.0,bhubaneswar,20.2961,85.8245
2015-03-17,0.0,27.8,11.9,bhubaneswar,20.2961,85.8245
2015-03-18,0.8,28.6,8.2,bhubaneswar,20.2961,85.8245
2015-03-19,0.1,28.3,13.1,bhubaneswar,20.2961,85.8245
2015-03-20,0.0,28.2,16.2,bhubaneswar,20.2961,85.8245
2015-03-21,0.0,28.6,13.0,bhubaneswar,20.2961,85.8245
2015-03-22,0.0,28.6,12.2,bhubaneswar,20.2961,85.8245
2015-03-23,0.0,29.1,16.5,bhubaneswar,20.2961,85.8245
2015-03-24,1.3,29.1,15.0,bhubaneswar,20.2961,85.8245
2015-03-25,1.8,28.5,15.5,bhubaneswar,20.2961,85.8245
2015-03-26,0.0,28.2,14.9,bhubaneswar,20.2961,85.8245
2015-03-27,0.0,28.0,16.2,bhubaneswar,20.2961,85.8245
2015-03-28,0.1,28.5,17.9,bhubaneswar,20.2961,85.8245
2015-03-29,0.3,28.9,17.0,bhubaneswar,20.2961,85.8245
2015-03-30,0.2,28.5,17.8,bhubaneswar,20.2961,85.8245
2015-03-31,0.3,28.8,12.6,bhubaneswar,20.2961,85.8245
2015-04-01,0.8,29.5,16.9,bhubaneswar,20.2961,85.8245
2015-04-02,1.3,29.9,16.9,bhubaneswar,20.2961,85.8245
2015-04-03,0.0,31.0,16.9,bhubaneswar,20.2961,85.8245
2015-04-04,1.0,30.4,19.5,bhubaneswar,20.2961,85.8245
2015-04-05,0.0,29.8,19.1,bhubaneswar,20.2961,85.8245
2015-04-06,0.8,29.7,18.0,bhubaneswar,20.2961,85.8245
2015-04-07,0.3,29.2,19.2,bhubaneswar,20.2961,85.8245
2015-04-08,0.7,28.9,10.9,bhubaneswar,20.2961,85.8245
2015-04-09,0.0,29.8,12.1,bhubaneswar,20.2961,85.8245
2015-04-10,1.5,29.8,12.8,bhubaneswar,20.2961,85.8245
2015-04-11,3.4,29.3,11.1,bhubaneswar,20.2961,85.8245
2015-04-12,11.8,27.5,12.5,bhubaneswar,20.2961,85.8245
2015-04-13,1.0,27.6,9.3,bhubaneswar,20.2961,85.8245
2015-04-14,1.5,27.8,10.4,bhubaneswar,20.2961,85.8245
2015-04-15,0.1,27.8,10.4,bhubaneswar,20.2961,85.8245
2015-04-16,0.2,27.3,8.0,bhubaneswar,20.2961,85.8245
2015-04-17,0.4,28.4,12.2,bhubaneswar,20.2961,85.8245
2015-04-18,0.0,29.6,17.8,bhubaneswar,20.2961,85.8245
2015-04-19,0.0,30.0,18.2,bhubaneswar,20.2961,85.8245
2015-04-20,0.0,30.5,19.5,bhubaneswar,20.2961,85.8245
2015-04-21,0.0,31.5,19.8,bhubaneswar,20.2961,85.8245
2015-04-22,0.0,31.5,18.7,bhubaneswar,20.2961,85.8245
2015-04-23,1.0,31.3,18.9,bhubaneswar,20.2961,85.8245
2015-04-24,3.2,29.0,23.0,bhubaneswar,20.2961,85.8245
2015-04-25,10.1,26.6,15.7,bhubaneswar,20.2961,85.8245
2015-04-26,2.3,26.6,12.2,bhubaneswar,20.2961,85.8245
2015-04-27,1.5,28.1,13.0,bhubaneswar,20.2961,85.8245
2015-04-28,0.2,29.1,19.8,bhubaneswar,20.2961,85.8245
2015-04-29,0.3,29.8,22.8,bhubaneswar,20.2961,85.8245
2015-04-30,0.0,30.3,17.2,bhubaneswar,20.2961,85.8245
2015-05-01,0.0,30.6,17.0,bhubaneswar,20.2961,85.8245
2015-05-02,0.0,30.4,19.2,bhubaneswar,20.2961,85.8245
2015-05-03,0.5,30.2,17.0,bhubaneswar,20.2961,85.8245
2015-05-04,0.6,29.9,12.1,bhubaneswar,20.2961,85.8245
2015-05-05,0.1,30.7,12.1,bhubaneswar,20.2961,85.8245
2015-05-06,0.4,31.2,15.9,bhubaneswar,20.2961,85.8245
2015-05-07,0.0,31.1,16.1,bhubaneswar,20.2961,85.8245
2015-05-08,0.0,31.2,17.5,bhubaneswar,20.2961,85.8245
2015-05-09,0.0,31.5,18.4,bhubaneswar,20.2961,85.8245
2015-05-10,0.0,31.4,16.8,bhubaneswar,20.2961,85.8245
2015-05-11,0.0,31.7,15.7,bhubaneswar,20.2961,85.8245
2015-05-12,0.4,31.7,13.7,bhubaneswar,20.2961,85.8245
2015-05-13,0.0,31.3,18.8,bhubaneswar,20.2961,85.8245
2015-05-14,0.0,31.2,15.7,bhubaneswar,20.2961,85.8245
2015-05-15,0.6,31.4,16.8,bhubaneswar,20.2961,85.8245
2015-05-16,1.8,30.7,12.5,bhubaneswar,20.2961,85.8245
2015-05-17,0.6,29.3,15.6,bhubaneswar,20.2961,85.8245
2015-05-18,0.3,30.8,16.3,bhubaneswar,20.2961,85.8245
2015-05-19,0.0,32.0,16.2,bhubaneswar,20.2961,85.8245
2015-05-20,0.0,33.9,9.7,bhubaneswar,20.2961,85.8245
2015-05-21,0.0,33.4,17.0,bhubaneswar,20.2961,85.8245
2015-05-22,0.0,33.1,17.0,bhubaneswar,20.2961,85.8245
2015-05-23,0.0,33.5,21.3,bhubaneswar,20.2961,85.8245
2015-05-24,0.0,33.9,14.9,bhubaneswar,20.2961,85.8245
2015-05-25,0.0,33.9,15.4,bhubaneswar,20.2961,85.8245
2015-05-26,0.0,32.7,17.5,bhubaneswar,20.2961,85.8245
2015-05-27,0.0,31.8,20.4,bhubaneswar,20.2961,85.8245
2015-05-28,0.0,31.6,18.6,bhubaneswar,20.2961,85.8245
2015-05-29,0.0,31.7,19.2,bhubaneswar,20.2961,85.8245
2015-05-30,0.0,31.6,19.1,bhubaneswar,20.2961,85.8245
2015-05-31,0.0,31.2,22.3,bhubaneswar,20.2961,85.8245
2015-06-01,0.0,31.5,18.4,bhubaneswar,20.2961,85.8245
2015-06-02,0.2,31.0,16.1,bhubaneswar,20.2961,85.8245
2015-06-03,3.0,30.7,13.4,bhubaneswar,20.2961,85.8245
2015-06-04,1.5,30.5,15.2,bhubaneswar,20.2961,85.8245
2015-06-05,9.1,28.4,14.0,bhubaneswar,20.2961,85.8245
2015-06-06,2.8,29.7,11.2,bhubaneswar,20.2961,85.8245
2015-06-07,0.7,30.6,16.6,bhubaneswar,20.2961,85.8245
2015-06-08,0.0,30.8,18.4,bhubaneswar,20.2961,85.8245
2015-06-09,0.0,32.3,17.6,bhubaneswar,20.2961,85.8245
2015-06-10,0.0,33.4,17.0,bhubaneswar,20.2961,85.8245
2015-06-11,12.9,32.3,17.4,bhubaneswar,20.2961,85.8245
2015-06-12,24.2,26.9,9.7,bhubaneswar,20.2961,85.8245
2015-06-13,2.0,29.4,16.2,bhubaneswar,20.2961,85.8245
2015-06-14,9.3,29.2,15.5,bhubaneswar,20.2961,85.8245
2015-06-15,11.4,27.9,10.1,bhubaneswar,20.2961,85.8245
2015-06-16,1.7,28.6,11.8,bhubaneswar,20.2961,85.8245
2015-06-17,4.5,28.3,12.3,bhubaneswar,20.2961,85.8245
2015-06-18,9.7,28.7,15.7,bhubaneswar,20.2961,85.8245
2015-06-19,4.3,28.4,20.0,bhubaneswar,20.2961,85.8245
2015-06-20,9.7,28.2,24.0,bhubaneswar,20.2961,85.8245
2015-06-21,12.7,27.8,26.2,bhubaneswar,20.2961,85.8245
2015-06-22,9.7,27.8,23.7,bhubaneswar,20.2961,85.8245
2015-06-23,15.5,26.9,19.9,bhubaneswar,20.2961,85.8245
2015-06-24,9.3,28.1,17.4,bhubaneswar,20.2961,85.8245
2015-06-25,2.0,29.4,17.7,bhubaneswar,20.2961,85.8245
2015-06-26,1.2,28.9,18.5,bhubaneswar,20.2961,85.8245
2015-06-27,1.6,29.4,15.5,bhubaneswar,20.2961,85.8245
2015-06-28,3.0,29.7,9.9,bhubaneswar,20.2961,85.8245
2015-06-29,19.7,27.9,10.7,bhubaneswar,20.2961,85.8245
2015-06-30,9.5,28.0,15.1,bhubaneswar,20.2961,85.8245
2015-07-01,25.9,27.7,12.9,bhubaneswar,20.2961,85.8245
2015-07-02,2.6,29.2,13.3,bhubaneswar,20.2961,85.8245
2015-07-03,2.4,28.9,14.0,bhubaneswar,20.2961,85.8245
2015-07-04,1.2,29.7,11.1,bhubaneswar,20.2961,85.8245
2015-07-05,5.8,29.4,10.3,bhubaneswar,20.2961,85.8245
2015-07-06,8.0,28.7,13.0,bhubaneswar,20.2961,85.8245
2015-07-07,9.0,28.3,10.8,bhubaneswar,20.2961,85.8245
2015-07-08,4.8,29.0,12.1,bhubaneswar,20.2961,85.8245
2015-07-09,19.1,27.7,18.1,bhubaneswar,20.2961,85.8245
2015-07-10,1.2,29.0,22.5,bhubaneswar,20.2961,85.8245
2015-07-11,5.1,27.9,12.0,bhubaneswar,20.2961,85.8245
2015-07-12,0.6,29.2,7.9,bhubaneswar,20.2961,85.8245
2015-07-13,15.0,29.5,8.1,bhubaneswar,20.2961,85.8245
2015-07-14,5.9,29.4,8.5,bhubaneswar,20.2961,85.8245
2015-07-15,18.4,29.2,8.3,bhubaneswar,20.2961,85.8245
2015-07-16,18.0,28.2,11.9,bhubaneswar,20.2961,85.8245
2015-07-17,13.3,28.1,12.5,bhubaneswar,20.2961,85.8245
2015-07-18,16.3,27.7,7.1,bhubaneswar,20.2961,85.8245
2015-07-19,10.2,27.4,14.5,bhubaneswar,20.2961,85.8245
2015-07-20,6.6,28.5,9.1,bhubaneswar,20.2961,85.8245
2015-07-21,16.4,28.0,8.5,bhubaneswar,20.2961,85.8245
2015-07-22,12.1,27.3,19.1,bhubaneswar,20.2961,85.8245
2015-07-23,6.1,27.7,19.3,bhubaneswar,20.2961,85.8245
2015-07-24,13.0,27.8,16.9,bhubaneswar,20.2961,85.8245
2015-07-25,23.0,27.2,13.4,bhubaneswar,20.2961,85.8245
2015-07-26,15.8,27.2,19.2,bhubaneswar,20.2961,85.8245
2015-07-27,11.8,28.1,21.1,bhubaneswar,20.2961,85.8245
2015-07-28,23.3,26.8,16.1,bhubaneswar,20.2961,85.8245
2015-07-29,4.4,27.8,16.5,bhubaneswar,20.2961,85.8245
2015-07-30,4.7,28.1,20.0,bhubaneswar,20.2961,85.8245
2015-07-31,19.9,26.9,13.8,bhubaneswar,20.2961,85.8245
2015-08-01,7.4,27.8,15.7,bhubaneswar,20.2961,85.8245
2015-08-02,4.5,27.4,15.5,bhubaneswar,20.2961,85.8245
2015-08-03,1.0,28.3,14.0,bhubaneswar,20.2961,85.8245
2015-08-04,1.8,28.7,12.2,bhubaneswar,20.2961,85.8245
2015-08-05,0.0,28.8,12.5,bhubaneswar,20.2961,85.8245
2015-08-06,1.3,28.1,10.7,bhubaneswar,20.2961,85.8245
2015-08-07,1.4,28.0,8.2,bhubaneswar,20.2961,85.8245
2015-08-08,0.3,28.5,7.6,bhubaneswar,20.2961,85.8245
2015-08-09,0.2,29.0,8.0,bhubaneswar,20.2961,85.8245
2015-08-10,3.6,28.6,11.9,bhubaneswar,20.2961,85.8245
2015-08-11,15.2,27.5,15.6,bhubaneswar,20.2961,85.8245
2015-08-12,9.6,27.3,10.8,bhubaneswar,20.2961,85.8245
2015-08-13,3.8,28.1,15.1,bhubaneswar,20.2961,85.8245
2015-08-14,0.2,28.9,13.4,bhubaneswar,20.2961,85.8245
2015-08-15,11.5,28.5,15.5,bhubaneswar,20.2961,85.8245
2015-08-16,23.8,27.0,15.0,bhubaneswar,20.2961,85.8245
2015-08-17,8.5,27.9,16.9,bhubaneswar,20.2961,85.8245
2015-08-18,7.2,28.3,19.0,bhubaneswar,20.2961,85.8245
2015-08-19,11.7,28.5,16.6,bhubaneswar,20.2961,85.8245
2015-08-20,4.2,28.5,12.1,bhubaneswar,20.2961,85.8245
2015-08-21,12.2,28.7,13.4,bhubaneswar,20.2961,85.8245
2015-08-22,6.3,28.2,12.3,bhubaneswar,20.2961,85.8245
2015-08-23,14.3,28.5,10.5,bhubaneswar,20.2961,85.8245
2015-08-24,19.2,27.6,12.6,bhubaneswar,20.2961,85.8245
2015-08-25,25.1,27.6,9.9,bhubaneswar,20.2961,85.8245
2015-08-26,14.5,27.5,11.8,bhubaneswar,20.2961,85.8245
2015-08-27,10.0,27.1,19.5,bhubaneswar,20.2961,85.8245
2015-08-28,5.3,27.6,10.8,bhubaneswar,20.2961,85.8245
2015-08-29,2.4,28.2,10.5,bhubaneswar,20.2961,85.8245
2015-08-30,10.6,27.9,10.6,bhubaneswar,20.2961,85.8245
2015-08-31,30.2,27.5,11.8,bhubaneswar,20.2961,85.8245
2015-09-01,9.7,27.4,10.9,bhubaneswar,20.2961,85.8245
2015-09-02,5.0,27.9,13.3,bhubaneswar,20.2961,85.8245
2015-09-03,12.2,28.0,12.1,bhubaneswar,20.2961,85.8245
2015-09-04,0.0,29.4,9.5,bhubaneswar,20.2961,85.8245
2015-09-05,4.3,28.9,8.5,bhubaneswar,20.2961,85.8245
2015-09-06,15.7,28.3,10.0,bhubaneswar,20.2961,85.8245
2015-09-07,4.4,28.6,10.8,bhubaneswar,20.2961,85.8245
2015-09-08,5.4,28.1,10.7,bhubaneswar,20.2961,85.8245
2015-09-09,10.1,28.6,10.8,bhubaneswar,20.2961,85.8245
2015-09-10,2.6,28.6,8.0,bhubaneswar,20.2961,85.8245
2015-09-11,4.2,27.3,10.9,bhubaneswar,20.2961,85.8245
2015-09-12,6.3,26.9,12.9,bhubaneswar,20.2961,85.8245
2015-09-13,32.5,26.2,13.4,bhubaneswar,20.2961,85.8245
2015-09-14,11.4,26.4,18.1,bhubaneswar,20.2961,85.8245
2015-09-15,8.3,26.5,16.9,bhubaneswar,20.2961,85.8245
2015-09-16,11.7,27.0,25.0,bhubaneswar,20.2961,85.8245
2015-09-17,4.9,27.6,15.5,bhubaneswar,20.2961,85.8245
2015-09-18,9.1,28.1,12.3,bhubaneswar,20.2961,85.8245
2015-09-19,27.4,26.7,9.2,bhubaneswar,20.2961,85.8245
2015-09-20,7.6,26.8,18.1,bhubaneswar,20.2961,85.8245
2015-09-21,0.0,28.2,18.4,bhubaneswar,20.2961,85.8245
2015-09-22,0.9,29.0,13.8,bhubaneswar,20.2961,85.8245
2015-09-23,0.8,29.3,10.9,bhubaneswar,20.2961,85.8245
2015-09-24,1.9,29.1,11.7,bhubaneswar,20.2961,85.8245
2015-09-25,0.8,28.8,10.0,bhubaneswar,20.2961,85.8245
2015-09-26,0.5,28.8,6.9,bhubaneswar,20.2961,85.8245
2015-09-27,2.7,28.1,8.7,bhubaneswar,20.2961,85.8245
2015-09-28,2.2,27.9,7.3,bhubaneswar,20.2961,85.8245
2015-09-29,0.0,28.1,6.8,bhubaneswar,20.2961,85.8245
2015-09-30,1.4,28.5,10.0,bhubaneswar,20.2961,85.8245
2015-10-01,3.4,27.9,10.7,bhubaneswar,20.2961,85.8245
2015-10-02,5.1,28.1,9.2,bhubaneswar,20.2961,85.8245
2015-10-03,3.9,28.6,6.2,bhubaneswar,20.2961,85.8245
2015-10-04,1.5,28.3,7.9,bhubaneswar,20.2961,85.8245
2015-10-05,0.7,27.8,9.0,bhubaneswar,20.2961,85.8245
2015-10-06,5.6,27.4,12.4,bhubaneswar,20.2961,85.8245
2015-10-07,14.1,26.2,12.3,bhubaneswar,20.2961,85.8245
2015-10-08,1.6,27.9,9.8,bhubaneswar,20.2961,85.8245
2015-10-09,0.0,28.1,9.4,bhubaneswar,20.2961,85.8245
2015-10-10,0.0,28.4,7.4,bhubaneswar,20.2961,85.8245
2015-10-11,0.1,28.5,6.6,bhubaneswar,20.2961,85.8245
2015-10-12,0.6,27.9,7.3,bhubaneswar,20.2961,85.8245
2015-10-13,2.6,27.6,5.9,bhubaneswar,20.2961,85.8245
2015-10-14,2.8,26.7,7.7,bhubaneswar,20.2961,85.8245
2015-10-15,1.4,26.3,7.3,bhubaneswar,20.2961,85.8245
2015-10-16,0.4,26.8,5.9,bhubaneswar,20.2961,85.8245
2015-10-17,0.7,27.4,4.8,bhubaneswar,20.2961,85.8245
2015-10-18,0.4,27.6,6.1,bhubaneswar,20.2961,85.8245
2015-10-19,0.0,27.8,6.6,bhubaneswar,20.2961,85.8245
2015-10-20,0.0,27.8,7.0,bhubaneswar,20.2961,85.8245
2015-10-21,0.0,27.8,8.6,bhubaneswar,20.2961,85.8245
2015-10-22,0.0,27.8,8.7,bhubaneswar,20.2961,85.8245
2015-10-23,0.3,28.2,6.1,bhubaneswar,20.2961,85.8245
2015-10-24,0.6,27.6,6.9,bhubaneswar,20.2961,85.8245
2015-10-25,0.0,26.8,7.4,bhubaneswar,20.2961,85.8245
2015-10-26,0.0,26.1,7.9,bhubaneswar,20.2961,85.8245
2015-10-27,0.0,26.4,9.0,bhubaneswar,20.2961,85.8245
2015-10-28,0.0,26.0,7.9,bhubaneswar,20.2961,85.8245
2015-10-29,0.9,26.2,10.6,bhubaneswar,20.2961,85.8245
2015-10-30,110.3,23.7,21.7,bhubaneswar,20.2961,85.8245
2015-10-31,49.1,24.3,20.1,bhubaneswar,20.2961,85.8245
2015-11-01,9.9,23.5,12.7,bhubaneswar,20.2961,85.8245
2015-11-02,3.7,24.4,13.5,bhubaneswar,20.2961,85.8245
2015-11-03,0.0,24.7,11.0,bhubaneswar,20.2961,85.8245
2015-11-04,0.0,25.3,7.9,bhubaneswar,20.2961,85.8245
2015-11-05,0.0,25.5,8.3,bhubaneswar,20.2961,85.8245
2015-11-06,0.1,25.0,6.8,bhubaneswar,20.2961,85.8245
2015-11-07,0.0,24.7,8.9,bhubaneswar,20.2961,85.8245
2015-11-08,0.0,24.6,10.0,bhubaneswar,20.2961,85.8245
2015-11-09,0.0,24.8,8.7,bhubaneswar,20.2961,85.8245
2015-11-10,0.0,24.5,9.4,bhubaneswar,20.2961,85.8245
2015-11-11,0.0,24.7,8.9,bhubaneswar,20.2961,85.8245
2015-11-12,0.0,24.2,8.5,bhubaneswar,20.2961,85.8245
2015-11-13,0.0,24.5,8.3,bhubaneswar,20.2961,85.8245
2015-11-14,0.0,24.9,8.6,bhubaneswar,20.2961,85.8245
2015-11-15,0.0,25.1,9.1,bhubaneswar,20.2961,85.8245
2015-11-16,0.0,25.1,7.9,bhubaneswar,20.2961,85.8245
2015-11-17,2.4,22.3,10.5,bhubaneswar,20.2961,85.8245
2015-11-18,0.0,22.2,13.7,bhubaneswar,20.2961,85.8245
2015-11-19,0.0,22.9,13.9,bhubaneswar,20.2961,85.8245
2015-11-20,0.0,23.1,11.2,bhubaneswar,20.2961,85.8245
2015-11-21,0.0,23.1,10.4,bhubaneswar,20.2961,85.8245
2015-11-22,0.0,23.0,10.5,bhubaneswar,20.2961,85.8245
2015-11-23,0.0,22.9,8.8,bhubaneswar,20.2961,85.8245
2015-11-24,0.0,23.4,8.7,bhubaneswar,20.2961,85.8245
2015-11-25,0.0,23.8,9.1,bhubaneswar,20.2961,85.8245
2015-11-26,0.0,24.2,8.8,bhubaneswar,20.2961,85.8245
2015-11-27,0.0,24.4,9.5,bhubaneswar,20.2961,85.8245
2015-11-28,0.0,24.0,8.4,bhubaneswar,20.2961,85.8245
2015-11-29,0.0,24.0,7.9,bhubaneswar,20.2961,85.8245
2015-11-30,0.0,24.8,7.6,bhubaneswar,20.2961,85.8245
2015-12-01,0.0,25.4,8.2,bhubaneswar,20.2961,85.8245
2015-12-02,2.2,24.0,8.1,bhubaneswar,20.2961,85.8245
2015-12-03,0.0,24.3,8.7,bhubaneswar,20.2961,85.8245
2015-12-04,0.1,23.9,6.9,bhubaneswar,20.2961,85.8245
2015-12-05,0.0,24.0,8.2,bhubaneswar,20.2961,85.8245
2015-12-06,0.0,24.1,7.9,bhubaneswar,20.2961,85.8245
2015-12-07,0.1,23.9,7.4,bhubaneswar,20.2961,85.8245
2015-12-08,0.0,23.1,9.9,bhubaneswar,20.2961,85.8245
2015-12-09,0.0,22.9,8.6,bhubaneswar,20.2961,85.8245
2015-12-10,0.0,22.7,11.3,bhubaneswar,20.2961,85.8245
2015-12-11,0.0,23.8,9.2,bhubaneswar,20.2961,85.8245
2015-12-12,0.0,25.1,10.4,bhubaneswar,20.2961,85.8245
2015-12-13,1.0,25.2,10.0,bhubaneswar,20.2961,85.8245
2015-12-14,6.6,24.4,8.3,bhubaneswar,20.2961,85.8245
2015-12-15,0.4,23.2,10.4,bhubaneswar,20.2961,85.8245
2015-12-16,0.0,23.0,12.8,bhubaneswar,20.2961,85.8245
2015-12-17,5.2,22.7,12.7,bhubaneswar,20.2961,85.8245
2015-12-18,6.5,22.0,11.3,bhubaneswar,20.2961,85.8245
2015-12-19,0.0,21.2,15.8,bhubaneswar,20.2961,85.8245
2015-12-20,0.0,21.1,8.7,bhubaneswar,20.2961,85.8245
2015-12-21,3.9,21.8,7.2,bhubaneswar,20.2961,85.8245
2015-12-22,4.8,21.1,10.9,bhubaneswar,20.2961,85.8245
2015-12-23,2.3,22.3,10.1,bhubaneswar,20.2961,85.8245
2015-12-24,5.0,21.0,11.2,bhubaneswar,20.2961,85.8245
2015-12-25,0.1,19.9,15.8,bhubaneswar,20.2961,85.8245
2015-12-26,0.0,17.7,11.1,bhubaneswar,20.2961,85.8245
2015-12-27,0.0,18.1,9.1,bhubaneswar,20.2961,85.8245
2015-12-28,0.0,19.8,8.6,bhubaneswar,20.2961,85.8245
2015-12-29,0.0,20.5,9.2,bhubaneswar,20.2961,85.8245
2015-12-30,0.0,20.9,9.2,bhubaneswar,20.2961,85.8245
2015-12-31,0.0,21.5,8.5,bhubaneswar,20.2961,85.8245
2016-01-01,0.0,21.1,8.0,bhubaneswar,20.2961,85.8245
2016-01-02,0.0,21.4,8.2,bhubaneswar,20.2961,85.8245
2016-01-03,0.2,21.8,8.0,bhubaneswar,20.2961,85.8245
2016-01-04,0.0,21.2,8.7,bhubaneswar,20.2961,85.8245
2016-01-05,0.0,20.6,8.4,bhubaneswar,20.2961,85.8245
2016-01-06,0.0,21.7,8.7,bhubaneswar,20.2961,85.8245
2016-01-07,0.0,21.1,7.7,bhubaneswar,20.2961,85.8245
2016-01-08,0.0,22.2,9.9,bhubaneswar,20.2961,85.8245
2016-01-09,0.0,22.7,8.9,bhubaneswar,20.2961,85.8245
2016-01-10,0.0,21.8,12.5,bhubaneswar,20.2961,85.8245
2016-01-11,0.0,21.2,8.7,bhubaneswar,20.2961,85.8245
2016-01-12,0.0,21.2,9.0,bhubaneswar,20.2961,85.8245
2016-01-13,0.0,21.2,9.0,bhubaneswar,20.2961,85.8245
2016-01-14,0.0,21.5,10.1,bhubaneswar,20.2961,85.8245
2016-01-15,0.0,22.3,10.7,bhubaneswar,20.2961,85.8245
2016-01-16,0.0,23.2,10.9,bhubaneswar,20.2961,85.8245
2016-01-17,0.0,23.2,7.5,bhubaneswar,20.2961,85.8245
2016-01-18,0.0,22.6,10.1,bhubaneswar,20.2961,85.8245
2016-01-19,0.3,23.1,15.3,bhubaneswar,20.2961,85.8245
2016-01-20,1.1,22.9,11.3,bhubaneswar,20.2961,85.8245
2016-01-21,0.0,20.3,12.4,bhubaneswar,20.2961,85.8245
2016-01-22,0.0,18.5,14.1,bhubaneswar,20.2961,85.8245
2016-01-23,0.0,18.4,12.3,bhubaneswar,20.2961,85.8245
2016-01-24,0.0,18.6,9.7,bhubaneswar,20.2961,85.8245
2016-01-25,0.0,19.8,10.0,bhubaneswar,20.2961,85.8245
2016-01-26,0.0,21.3,10.5,bhubaneswar,20.2961,85.8245
2016-01-27,0.0,23.0,15.0,bhubaneswar,20.2961,85.8245
2016-01-28,0.1,24.1,10.2,bhubaneswar,20.2961,85.8245
2016-01-29,0.0,22.9,13.3,bhubaneswar,20.2961,85.8245
2016-01-30,0.0,23.5,12.4,bhubaneswar,20.2961,85.8245
2016-01-31,0.0,25.0,11.5,bhubaneswar,20.2961,85.8245
2016-02-01,0.0,25.1,12.1,bhubaneswar,20.2961,85.8245
2016-02-02,0.0,25.5,9.8,bhubaneswar,20.2961,85.8245
2016-02-03,0.2,25.0,9.6,bhubaneswar,20.2961,85.8245
2016-02-04,0.2,23.6,11.6,bhubaneswar,20.2961,85.8245
2016-02-05,0.0,23.7,9.8,bhubaneswar,20.2961,85.8245
2016-02-06,0.0,24.1,10.2,bhubaneswar,20.2961,85.8245
2016-02-07,0.7,23.7,9.8,bhubaneswar,20.2961,85.8245
2016-02-08,0.0,24.5,13.0,bhubaneswar,20.2961,85.8245
2016-02-09,0.1,25.3,9.2,bhubaneswar,20.2961,85.8245
2016-02-10,0.0,25.6,12.7,bhubaneswar,20.2961,85.8245
2016-02-11,0.5,25.7,20.2,bhubaneswar,20.2961,85.8245
2016-02-12,0.0,26.8,13.0,bhubaneswar,20.2961,85.8245
2016-02-13,0.0,26.4,12.1,bhubaneswar,20.2961,85.8245
2016-02-14,0.0,26.5,15.0,bhubaneswar,20.2961,85.8245
2016-02-15,0.0,26.2,13.2,bhubaneswar,20.2961,85.8245
2016-02-16,0.0,25.8,9.0,bhubaneswar,20.2961,85.8245
2016-02-17,0.0,26.2,9.7,bhubaneswar,20.2961,85.8245
2016-02-18,0.0,27.3,11.9,bhubaneswar,20.2961,85.8245
2016-02-19,0.0,28.0,12.8,bhubaneswar,20.2961,85.8245
2016-02-20,0.0,28.5,12.8,bhubaneswar,20.2961,85.8245
2016-02-21,0.0,28.5,14.5,bhubaneswar,20.2961,85.8245
2016-02-22,0.0,28.4,13.8,bhubaneswar,20.2961,85.8245
2016-02-23,0.1,27.8,14.6,bhubaneswar,20.2961,85.8245
2016-02-24,0.0,27.5,19.4,bhubaneswar,20.2961,85.8245
2016-02-25,0.6,26.4,15.1,bhubaneswar,20.2961,85.8245
2016-02-26,0.8,26.0,14.2,bhubaneswar,20.2961,85.8245
2016-02-27,8.0,24.7,9.0,bhubaneswar,20.2961,85.8245
2016-02-28,1.0,25.2,7.2,bhubaneswar,20.2961,85.8245
2016-02-29,0.6,26.0,8.3,bhubaneswar,20.2961,85.8245
2016-03-01,1.9,26.5,8.8,bhubaneswar,20.2961,85.8245
2016-03-02,0.1,26.6,11.3,bhubaneswar,20.2961,85.8245
2016-03-03,0.0,26.8,11.3,bhubaneswar,20.2961,85.8245
2016-03-04,0.0,28.0,11.5,bhubaneswar,20.2961,85.8245
2016-03-05,0.2,28.2,11.4,bhubaneswar,20.2961,85.8245
2016-03-06,0.0,28.4,8.6,bhubaneswar,20.2961,85.8245
2016-03-07,0.0,27.9,10.1,bhubaneswar,20.2961,85.8245
2016-03-08,0.0,28.0,11.5,bhubaneswar,20.2961,85.8245
2016-03-09,0.0,28.8,14.3,bhubaneswar,20.2961,85.8245
2016-03-10,0.0,29.2,12.4,bhubaneswar,20.2961,85.8245
2016-03-11,0.0,29.2,11.6,bhubaneswar,20.2961,85.8245
2016-03-12,0.0,28.8,13.7,bhubaneswar,20.2961,85.8245
2016-03-13,0.0,28.2,14.5,bhubaneswar,20.2961,85.8245
2016-03-14,0.0,27.2,12.8,bhubaneswar,20.2961,85.8245
2016-03-15,2.1,27.8,12.6,bhubaneswar,20.2961,85.8245
2016-03-16,1.3,28.8,10.4,bhubaneswar,20.2961,85.8245
2016-03-17,18.8,27.2,8.5,bhubaneswar,20.2961,85.8245
2016-03-18,0.0,28.7,12.6,bhubaneswar,20.2961,85.8245
2016-03-19,0.0,29.6,16.4,bhubaneswar,20.2961,85.8245
2016-03-20,0.0,30.3,15.3,bhubaneswar,20.2961,85.8245
2016-03-21,0.0,30.2,12.3,bhubaneswar,20.2961,85.8245
2016-03-22,0.0,29.4,11.3,bhubaneswar,20.2961,85.8245
2016-03-23,0.0,29.4,11.9,bhubaneswar,20.2961,85.8245
2016-03-24,0.0,29.4,13.2,bhubaneswar,20.2961,85.8245
2016-03-25,0.0,29.0,14.8,bhubaneswar,20.2961,85.8245
2016-03-26,0.0,29.0,15.5,bhubaneswar,20.2961,85.8245
2016-03-27,0.0,28.9,19.6,bhubaneswar,20.2961,85.8245
2016-03-28,0.0,29.4,15.5,bhubaneswar,20.2961,85.8245
2016-03-29,0.1,29.2,18.1,bhubaneswar,20.2961,85.8245
2016-03-30,0.8,29.4,18.6,bhubaneswar,20.2961,85.8245
2016-03-31,0.4,29.7,16.0,bhubaneswar,20.2961,85.8245
2016-04-01,0.5,30.0,20.2,bhubaneswar,20.2961,85.8245
2016-04-02,0.0,30.2,19.9,bhubaneswar,20.2961,85.8245
2016-04-03,0.0,30.2,18.8,bhubaneswar,20.2961,85.8245
2016-04-04,0.0,30.8,19.0,bhubaneswar,20.2961,85.8245
2016-04-05,0.0,31.6,16.3,bhubaneswar,20.2961,85.8245
2016-04-06,0.9,31.9,12.5,bhubaneswar,20.2961,85.8245
2016-04-07,1.1,32.1,12.3,bhubaneswar,20.2961,85.8245
2016-04-08,0.0,31.6,15.0,bhubaneswar,20.2961,85.8245
2016-04-09,0.0,32.0,14.1,bhubaneswar,20.2961,85.8245
2016-04-10,0.0,32.7,15.7,bhubaneswar,20.2961,85.8245
2016-04-11,0.0,33.4,13.9,bhubaneswar,20.2961,85.8245
2016-04-12,0.0,32.7,16.4,bhubaneswar,20.2961,85.8245
2016-04-13,0.0,31.9,15.9,bhubaneswar,20.2961,85.8245
2016-04-14,0.0,31.5,18.5,bhubaneswar,20.2961,85.8245
2016-04-15,0.0,31.1,17.1,bhubaneswar,20.2961,85.8245
2016-04-16,0.0,31.2,21.2,bhubaneswar,20.2961,85.8245
2016-04-17,0.0,31.6,20.5,bhubaneswar,20.2961,85.8245
2016-04-18,0.0,31.4,21.3,bhubaneswar,20.2961,85.8245
2016-04-19,0.0,31.1,19.6,bhubaneswar,20.2961,85.8245
2016-04-20,0.0,31.2,19.1,bhubaneswar,20.2961,85.8245
2016-04-21,0.0,31.8,21.3,bhubaneswar,20.2961,85.8245
2016-04-22,0.0,32.0,21.4,bhubaneswar,20.2961,85.8245
2016-04-23,0.0,32.5,22.2,bhubaneswar,20.2961,85.8245
2016-04-24,0.0,32.0,18.8,bhubaneswar,20.2961,85.8245
2016-04-25,0.0,31.4,19.2,bhubaneswar,20.2961,85.8245
2016-04-26,0.0,31.1,22.4,bhubaneswar,20.2961,85.8245
2016-04-27,0.0,31.9,17.9,bhubaneswar,20.2961,85.8245
2016-04-28,0.4,32.8,13.8,bhubaneswar,20.2961,85.8245
2016-04-29,0.2,33.0,14.4,bhubaneswar,20.2961,85.8245
2016-04-30,0.4,32.8,14.2,bhubaneswar,20.2961,85.8245
2016-05-01,1.4,32.4,18.2,bhubaneswar,20.2961,85.8245
2016-05-02,0.0,32.0,18.4,bhubaneswar,20.2961,85.8245
2016-05-03,0.0,31.7,17.6,bhubaneswar,20.2961,85.8245
2016-05-04,1.5,31.3,16.2,bhubaneswar,20.2961,85.8245
2016-05-05,0.0,31.9,16.5,bhubaneswar,20.2961,85.8245
2016-05-06,0.3,31.6,13.2,bhubaneswar,20.2961,85.8245
2016-05-07,1.0,31.3,18.4,bhubaneswar,20.2961,85.8245
2016-05-08,1.2,30.7,14.6,bhubaneswar,20.2961,85.8245
2016-05-09,0.6,30.9,15.1,bhubaneswar,20.2961,85.8245
2016-05-10,1.5,30.6,15.5,bhubaneswar,20.2961,85.8245
2016-05-11,3.4,30.7,14.0,bhubaneswar,20.2961,85.8245
2016-05-12,0.2,31.7,17.3,bhubaneswar,20.2961,85.8245
2016-05-13,0.0,32.2,17.1,bhubaneswar,20.2961,85.8245
2016-05-14,0.0,31.3,21.3,bhubaneswar,20.2961,85.8245
2016-05-15,0.0,31.2,23.6,bhubaneswar,20.2961,85.8245
2016-05-16,0.0,31.2,23.3,bhubaneswar,20.2961,85.8245
2016-05-17,0.1,30.7,22.4,bhubaneswar,20.2961,85.8245
2016-05-18,14.9,29.6,21.2,bhubaneswar,20.2961,85.8245
2016-05-19,22.4,27.1,17.3,bhubaneswar,20.2961,85.8245
2016-05-20,36.4,26.0,26.1,bhubaneswar,20.2961,85.8245
2016-05-21,1.3,30.1,14.5,bhubaneswar,20.2961,85.8245
2016-05-22,0.0,31.5,15.6,bhubaneswar,20.2961,85.8245
2016-05-23,0.0,32.2,12.8,bhubaneswar,20.2961,85.8245
2016-05-24,0.2,31.9,10.3,bhubaneswar,20.2961,85.8245
2016-05-25,0.0,32.6,11.7,bhubaneswar,20.2961,85.8245
2016-05-26,0.7,32.3,12.6,bhubaneswar,20.2961,85.8245
2016-05-27,0.0,31.7,11.6,bhubaneswar,20.2961,85.8245
2016-05-28,0.1,32.5,12.3,bhubaneswar,20.2961,85.8245
2016-05-29,0.0,32.1,12.3,bhubaneswar,20.2961,85.8245
2016-05-30,0.0,31.8,15.5,bhubaneswar,20.2961,85.8245
2016-05-31,0.0,31.7,13.2,bhubaneswar,20.2961,85.8245
2016-06-01,0.6,31.6,13.5,bhubaneswar,20.2961,85.8245
2016-06-02,8.9,31.2,16.0,bhubaneswar,20.2961,85.8245
2016-06-03,11.3,28.6,13.8,bhubaneswar,20.2961,85.8245
2016-06-04,1.7,28.7,11.1,bhubaneswar,20.2961,85.8245
2016-06-05,6.8,28.5,12.9,bhubaneswar,20.2961,85.8245
2016-06-06,6.0,29.2,10.0,bhubaneswar,20.2961,85.8245
2016-06-07,7.6,29.0,14.5,bhubaneswar,20.2961,85.8245
2016-06-08,7.6,28.2,9.3,bhubaneswar,20.2961,85.8245
2016-06-09,11.8,28.3,16.1,bhubaneswar,20.2961,85.8245
2016-06-10,0.0,31.6,19.1,bhubaneswar,20.2961,85.8245
2016-06-11,0.0,31.8,21.6,bhubaneswar,20.2961,85.8245
2016-06-12,4.9,32.1,16.1,bhubaneswar,20.2961,85.8245
2016-06-13,2.2,31.6,16.1,bhubaneswar,20.2961,85.8245
2016-06-14,3.3,31.8,13.4,bhubaneswar,20.2961,85.8245
2016-06-15,0.0,31.1,11.3,bhubaneswar,20.2961,85.8245
2016-06-16,21.4,28.1,8.9,bhubaneswar,20.2961,85.8245
2016-06-17,15.2,27.4,6.4,bhubaneswar,20.2961,85.8245
2016-06-18,4.7,28.0,12.7,bhubaneswar,20.2961,85.8245
2016-06-19,0.9,28.5,16.1,bhubaneswar,20.2961,85.8245
2016-06-20,1.2,28.6,14.1,bhubaneswar,20.2961,85.8245
2016-06-21,0.3,29.3,14.4,bhubaneswar,20.2961,85.8245
2016-06-22,0.1,29.8,13.4,bhubaneswar,20.2961,85.8245
2016-06-23,1.1,29.9,13.3,bhubaneswar,20.2961,85.8245
2016-06-24,4.2,29.5,10.0,bhubaneswar,20.2961,85.8245
2016-06-25,1.1,29.8,11.5,bhubaneswar,20.2961,85.8245
2016-06-26,19.2,27.9,12.0,bhubaneswar,20.2961,85.8245
2016-06-27,12.2,27.3,12.0,bhubaneswar,20.2961,85.8245
2016-06-28,3.5,28.6,14.5,bhubaneswar,20.2961,85.8245
2016-06-29,2.7,28.5,23.5,bhubaneswar,20.2961,85.8245
2016-06-30,1.8,28.5,14.5,bhubaneswar,20.2961,85.8245
2016-07-01,11.6,28.3,10.2,bhubaneswar,20.2961,85.8245
2016-07-02,28.5,27.2,16.3,bhubaneswar,20.2961,85.8245
2016-07-03,9.6,27.6,16.8,bhubaneswar,20.2961,85.8245
2016-07-04,14.6,28.0,21.8,bhubaneswar,20.2961,85.8245
2016-07-05,10.2,27.8,18.2,bhubaneswar,20.2961,85.8245
2016-07-06,0.7,29.2,17.8,bhubaneswar,20.2961,85.8245
2016-07-07,13.0,29.0,13.3,bhubaneswar,20.2961,85.8245
2016-07-08,16.2,26.8,13.9,bhubaneswar,20.2961,85.8245
2016-07-09,5.0,27.4,19.6,bhubaneswar,20.2961,85.8245
2016-07-10,11.0,26.8,17.8,bhubaneswar,20.2961,85.8245
2016-07-11,4.8,27.1,11.6,bhubaneswar,20.2961,85.8245
2016-07-12,5.3,27.7,13.8,bhubaneswar,20.2961,85.8245
2016-07-13,6.1,29.3,13.7,bhubaneswar,20.2961,85.8245
2016-07-14,7.3,29.1,12.3,bhubaneswar,20.2961,85.8245
2016-07-15,13.6,28.2,10.7,bhubaneswar,20.2961,85.8245
2016-07-16,11.2,27.6,12.0,bhubaneswar,20.2961,85.8245
2016-07-17,13.5,28.2,17.0,bhubaneswar,20.2961,85.8245
2016-07-18,9.4,28.2,9.9,bhubaneswar,20.2961,85.8245
2016-07-19,7.5,28.0,10.9,bhubaneswar,20.2961,85.8245
2016-07-20,7.5,28.5,9.9,bhubaneswar,20.2961,85.8245
2016-07-21,5.6,28.2,10.8,bhubaneswar,20.2961,85.8245
2016-07-22,9.2,27.3,14.4,bhubaneswar,20.2961,85.8245
2016-07-23,12.5,26.8,15.3,bhubaneswar,20.2961,85.8245
2016-07-24,12.9,27.1,12.8,bhubaneswar,20.2961,85.8245
2016-07-25,16.9,27.0,18.4,bhubaneswar,20.2961,85.8245
2016-07-26,14.1,25.7,15.2,bhubaneswar,20.2961,85.8245
2016-07-27,3.0,26.8,11.5,bhubaneswar,20.2961,85.8245
2016-07-28,0.3,28.6,12.0,bhubaneswar,20.2961,85.8245
2016-07-29,5.7,28.7,9.9,bhubaneswar,20.2961,85.8245
2016-07-30,14.4,27.7,7.5,bhubaneswar,20.2961,85.8245
2016-07-31,19.8,27.1,8.5,bhubaneswar,20.2961,85.8245
2016-08-01,34.4,27.0,12.6,bhubaneswar,20.2961,85.8245
2016-08-02,17.3,25.9,8.6,bhubaneswar,20.2961,85.8245
2016-08-03,14.0,26.2,8.9,bhubaneswar,20.2961,85.8245
2016-08-04,23.6,26.2,12.0,bhubaneswar,20.2961,85.8245
2016-08-05,27.1,26.4,17.0,bhubaneswar,20.2961,85.8245
2016-08-06,3.8,27.8,19.2,bhubaneswar,20.2961,85.8245
2016-08-07,33.6,26.9,14.9,bhubaneswar,20.2961,85.8245
2016-08-08,18.7,27.7,11.7,bhubaneswar,20.2961,85.8245
2016-08-09,58.0,26.6,13.2,bhubaneswar,20.2961,85.8245
2016-08-10,25.2,26.2,14.1,bhubaneswar,20.2961,85.8245
2016-08-11,13.4,26.6,15.4,bhubaneswar,20.2961,85.8245
2016-08-12,5.4,27.6,16.4,bhubaneswar,20.2961,85.8245
2016-08-13,2.0,29.1,13.3,bhubaneswar,20.2961,85.8245
2016-08-14,11.4,28.2,12.6,bhubaneswar,20.2961,85.8245
2016-08-15,17.9,27.2,16.1,bhubaneswar,20.2961,85.8245
2016-08-16,17.8,26.2,16.5,bhubaneswar,20.2961,85.8245
2016-08-17,6.7,26.7,24.9,bhubaneswar,20.2961,85.8245
2016-08-18,0.6,28.3,17.3,bhubaneswar,20.2961,85.8245
2016-08-19,0.1,29.3,11.6,bhubaneswar,20.2961,85.8245
2016-08-20,0.4,29.4,8.0,bhubaneswar,20.2961,85.8245
2016-08-21,3.7,28.8,11.0,bhubaneswar,20.2961,85.8245
2016-08-22,6.7,27.6,11.4,bhubaneswar,20.2961,85.8245
2016-08-23,10.4,27.6,9.4,bhubaneswar,20.2961,85.8245
2016-08-24,16.7,28.1,7.4,bhubaneswar,20.2961,85.8245
2016-08-25,23.9,27.8,9.2,bhubaneswar,20.2961,85.8245
2016-08-26,13.4,27.3,12.8,bhubaneswar,20.2961,85.8245
2016-08-27,5.3,27.8,11.9,bhubaneswar,20.2961,85.8245
2016-08-28,1.4,28.6,10.8,bhubaneswar,20.2961,85.8245
2016-08-29,9.3,28.5,9.2,bhubaneswar,20.2961,85.8245
2016-08-30,8.2,28.1,11.6,bhubaneswar,20.2961,85.8245
2016-08-31,2.9,27.4,11.4,bhubaneswar,20.2961,85.8245
2016-09-01,3.9,27.8,13.0,bhubaneswar,20.2961,85.8245
2016-09-02,7.0,28.2,11.3,bhubaneswar,20.2961,85.8245
2016-09-03,26.3,26.5,13.4,bhubaneswar,20.2961,85.8245
2016-09-04,26.4,26.2,17.1,bhubaneswar,20.2961,85.8245
2016-09-05,16.6,26.2,13.7,bhubaneswar,20.2961,85.8245
2016-09-06,0.0,27.2,14.2,bhubaneswar,20.2961,85.8245
2016-09-07,0.1,28.1,13.9,bhubaneswar,20.2961,85.8245
2016-09-08,0.2,27.4,15.6,bhubaneswar,20.2961,85.8245
2016-09-09,5.1,27.2,6.1,bhubaneswar,20.2961,85.8245
2016-09-10,8.2,27.2,10.5,bhubaneswar,20.2961,85.8245
2016-09-11,14.5,27.0,10.1,bhubaneswar,20.2961,85.8245
2016-09-12,8.6,26.9,10.8,bhubaneswar,20.2961,85.8245
2016-09-13,17.9,26.5,12.3,bhubaneswar,20.2961,85.8245
2016-09-14,7.6,26.8,13.9,bhubaneswar,20.2961,85.8245
2016-09-15,10.7,26.9,11.7,bhubaneswar,20.2961,85.8245
2016-09-16,10.8,27.4,14.6,bhubaneswar,20.2961,85.8245
2016-09-17,6.2,27.1,11.7,bhubaneswar,20.2961,85.8245
2016-09-18,8.2,27.2,11.1,bhubaneswar,20.2961,85.8245
2016-09-19,4.5,27.8,10.5,bhubaneswar,20.2961,85.8245
2016-09-20,1.6,28.3,13.0,bhubaneswar,20.2961,85.8245
2016-09-21,10.7,26.8,15.8,bhubaneswar,20.2961,85.8245
2016-09-22,9.3,26.7,13.6,bhubaneswar,20.2961,85.8245
2016-09-23,8.3,26.1,10.2,bhubaneswar,20.2961,85.8245
2016-09-24,8.0,26.7,15.5,bhubaneswar,20.2961,85.8245
2016-09-25,5.8,27.1,15.1,bhubaneswar,20.2961,85.8245
2016-09-26,8.1,27.0,14.1,bhubaneswar,20.2961,85.8245
2016-09-27,15.2,26.5,13.1,bhubaneswar,20.2961,85.8245
2016-09-28,16.6,26.3,11.7,bhubaneswar,20.2961,85.8245
2016-09-29,18.9,25.8,11.5,bhubaneswar,20.2961,85.8245
2016-09-30,10.8,26.2,12.5,bhubaneswar,20.2961,85.8245
2016-10-01,7.3,26.3,14.1,bhubaneswar,20.2961,85.8245
2016-10-02,2.9,27.2,10.2,bhubaneswar,20.2961,85.8245
2016-10-03,3.6,27.4,9.4,bhubaneswar,20.2961,85.8245
2016-10-04,13.5,28.0,8.3,bhubaneswar,20.2961,85.8245
2016-10-05,13.7,27.2,10.4,bhubaneswar,20.2961,85.8245
2016-10-06,11.3,26.6,10.9,bhubaneswar,20.2961,85.8245
2016-10-07,5.0,26.4,9.2,bhubaneswar,20.2961,85.8245
2016-10-08,4.3,26.7,10.4,bhubaneswar,20.2961,85.8245
2016-10-09,4.9,26.8,7.6,bhubaneswar,20.2961,85.8245
2016-10-10,14.5,26.3,6.6,bhubaneswar,20.2961,85.8245
2016-10-11,0.2,27.7,9.8,bhubaneswar,20.2961,85.8245
2016-10-12,0.0,27.4,8.9,bhubaneswar,20.2961,85.8245
2016-10-13,0.0,27.6,7.3,bhubaneswar,20.2961,85.8245
2016-10-14,0.0,26.8,6.5,bhubaneswar,20.2961,85.8245
2016-10-15,0.0,26.5,7.9,bhubaneswar,20.2961,85.8245
2016-10-16,0.0,26.3,7.4,bhubaneswar,20.2961,85.8245
2016-10-17,0.0,27.2,6.9,bhubaneswar,20.2961,85.8245
2016-10-18,0.0,27.3,9.2,bhubaneswar,20.2961,85.8245
2016-10-19,0.0,27.0,8.3,bhubaneswar,20.2961,85.8245
2016-10-20,0.0,26.6,7.7,bhubaneswar,20.2961,85.8245
2016-10-21,0.0,26.3,8.0,bhubaneswar,20.2961,85.8245
2016-10-22,0.0,26.0,8.4,bhubaneswar,20.2961,85.8245
2016-10-23,0.0,25.8,9.0,bhubaneswar,20.2961,85.8245
2016-10-24,0.0,25.6,11.7,bhubaneswar,20.2961,85.8245
2016-10-25,0.0,24.9,13.7,bhubaneswar,20.2961,85.8245
2016-10-26,3.2,26.5,15.3,bhubaneswar,20.2961,85.8245
2016-10-27,2.5,25.9,14.2,bhubaneswar,20.2961,85.8245
2016-10-28,0.1,26.4,7.3,bhubaneswar,20.2961,85.8245
2016-10-29,1.4,26.2,10.7,bhubaneswar,20.2961,85.8245
2016-10-30,0.0,26.0,16.0,bhubaneswar,20.2961,85.8245
2016-10-31,0.0,26.3,14.4,bhubaneswar,20.2961,85.8245
2016-11-01,0.8,26.0,16.1,bhubaneswar,20.2961,85.8245
2016-11-02,0.0,26.6,12.7,bhubaneswar,20.2961,85.8245
2016-11-03,12.5,25.3,15.6,bhubaneswar,20.2961,85.8245
2016-11-04,56.6,23.5,19.1,bhubaneswar,20.2961,85.8245
2016-11-05,2.5,23.8,24.5,bhubaneswar,20.2961,85.8245
2016-11-06,0.0,24.6,12.6,bhubaneswar,20.2961,85.8245
2016-11-07,0.0,22.9,12.4,bhubaneswar,20.2961,85.8245
2016-11-08,0.0,23.0,8.9,bhubaneswar,20.2961,85.8245
2016-11-09,0.0,22.9,9.5,bhubaneswar,20.2961,85.8245
2016-11-10,0.0,22.8,7.7,bhubaneswar,20.2961,85.8245
2016-11-11,0.0,22.9,8.7,bhubaneswar,20.2961,85.8245
2016-11-12,0.0,23.3,7.3,bhubaneswar,20.2961,85.8245
2016-11-13,0.0,24.1,7.9,bhubaneswar,20.2961,85.8245
2016-11-14,0.0,24.7,7.1,bhubaneswar,20.2961,85.8245
2016-11-15,0.0,24.3,7.3,bhubaneswar,20.2961,85.8245
2016-11-16,0.0,22.9,12.8,bhubaneswar,20.2961,85.8245
2016-11-17,0.0,21.8,11.1,bhubaneswar,20.2961,85.8245
2016-11-18,0.0,21.5,9.0,bhubaneswar,20.2961,85.8245
2016-11-19,0.0,21.6,9.4,bhubaneswar,20.2961,85.8245
2016-11-20,0.0,22.2,8.6,bhubaneswar,20.2961,85.8245
2016-11-21,0.0,22.2,8.4,bhubaneswar,20.2961,85.8245
2016-11-22,0.0,22.1,9.0,bhubaneswar,20.2961,85.8245
2016-11-23,0.0,22.1,9.3,bhubaneswar,20.2961,85.8245
2016-11-24,0.0,22.5,7.3,bhubaneswar,20.2961,85.8245
2016-11-25,0.0,22.2,8.3,bhubaneswar,20.2961,85.8245
2016-11-26,0.0,21.9,8.9,bhubaneswar,20.2961,85.8245
2016-11-27,0.0,22.4,10.6,bhubaneswar,20.2961,85.8245
2016-11-28,0.0,22.9,7.1,bhubaneswar,20.2961,85.8245
2016-11-29,0.0,23.0,8.4,bhubaneswar,20.2961,85.8245
2016-11-30,0.0,22.5,8.7,bhubaneswar,20.2961,85.8245
2016-12-01,0.0,22.9,10.5,bhubaneswar,20.2961,85.8245
2016-12-02,0.0,23.6,12.0,bhubaneswar,20.2961,85.8245
2016-12-03,0.0,23.5,14.5,bhubaneswar,20.2961,85.8245
2016-12-04,0.0,23.1,12.3,bhubaneswar,20.2961,85.8245
2016-12-05,0.0,21.7,12.3,bhubaneswar,20.2961,85.8245
2016-12-06,0.0,20.9,14.1,bhubaneswar,20.2961,85.8245
2016-12-07,0.0,21.2,13.2,bhubaneswar,20.2961,85.8245
2016-12-08,0.0,21.0,10.8,bhubaneswar,20.2961,85.8245
2016-12-09,0.0,21.1,12.1,bhubaneswar,20.2961,85.8245
2016-12-10,0.0,21.2,11.8,bhubaneswar,20.2961,85.8245
2016-12-11,0.0,21.2,12.8,bhubaneswar,20.2961,85.8245
2016-12-12,0.0,21.8,11.5,bhubaneswar,20.2961,85.8245
2016-12-13,0.0,21.8,12.2,bhubaneswar,20.2961,85.8245
2016-12-14,0.0,22.0,11.0,bhubaneswar,20.2961,85.8245
2016-12-15,0.0,21.0,10.9,bhubaneswar,20.2961,85.8245
2016-12-16,0.0,20.8,8.4,bhubaneswar,20.2961,85.8245
2016-12-17,0.0,20.1,9.0,bhubaneswar,20.2961,85.8245
2016-12-18,0.0,20.4,9.2,bhubaneswar,20.2961,85.8245
2016-12-19,0.0,20.6,8.8,bhubaneswar,20.2961,85.8245
2016-12-20,0.0,20.8,8.6,bhubaneswar,20.2961,85.8245
2016-12-21,0.0,20.5,10.7,bhubaneswar,20.2961,85.8245
2016-12-22,0.0,20.0,9.5,bhubaneswar,20.2961,85.8245
2016-12-23,0.0,20.5,8.9,bhubaneswar,20.2961,85.8245
2016-12-24,0.0,21.4,9.1,bhubaneswar,20.2961,85.8245
2016-12-25,0.0,21.7,8.7,bhubaneswar,20.2961,85.8245
2016-12-26,0.0,21.8,8.6,bhubaneswar,20.2961,85.8245
2016-12-27,0.0,21.6,14.0,bhubaneswar,20.2961,85.8245
2016-12-28,0.0,21.2,10.8,bhubaneswar,20.2961,85.8245
2016-12-29,0.0,21.3,8.1,bhubaneswar,20.2961,85.8245
2016-12-30,0.0,21.8,9.4,bhubaneswar,20.2961,85.8245
2016-12-31,0.0,21.9,8.2,bhubaneswar,20.2961,85.8245
2017-01-01,0.2,22.1,9.3,bhubaneswar,20.2961,85.8245
2017-01-02,2.3,21.9,14.1,bhubaneswar,20.2961,85.8245
2017-01-03,0.0,21.9,7.6,bhubaneswar,20.2961,85.8245
2017-01-04,0.0,21.2,12.1,bhubaneswar,20.2961,85.8245
2017-01-05,0.0,20.8,9.3,bhubaneswar,20.2961,85.8245
2017-01-06,0.0,20.3,9.4,bhubaneswar,20.2961,85.8245
2017-01-07,0.0,20.6,13.3,bhubaneswar,20.2961,85.8245
2017-01-08,0.0,21.4,11.5,bhubaneswar,20.2961,85.8245
2017-01-09,0.0,21.9,16.0,bhubaneswar,20.2961,85.8245
2017-01-10,0.0,22.5,13.8,bhubaneswar,20.2961,85.8245
2017-01-11,1.1,21.6,10.3,bhubaneswar,20.2961,85.8245
2017-01-12,0.1,20.8,13.7,bhubaneswar,20.2961,85.8245
2017-01-13,0.0,19.9,14.0,bhubaneswar,20.2961,85.8245
2017-01-14,0.0,19.1,13.6,bhubaneswar,20.2961,85.8245
2017-01-15,0.0,18.8,11.4,bhubaneswar,20.2961,85.8245
2017-01-16,0.0,19.8,11.4,bhubaneswar,20.2961,85.8245
2017-01-17,0.0,21.3,14.2,bhubaneswar,20.2961,85.8245
2017-01-18,0.0,21.7,12.0,bhubaneswar,20.2961,85.8245
2017-01-19,0.0,21.8,16.3,bhubaneswar,20.2961,85.8245
2017-01-20,0.0,21.7,16.9,bhubaneswar,20.2961,85.8245
2017-01-21,0.0,22.1,14.0,bhubaneswar,20.2961,85.8245
2017-01-22,0.0,22.1,11.8,bhubaneswar,20.2961,85.8245
2017-01-23,0.0,22.3,14.3,bhubaneswar,20.2961,85.8245
2017-01-24,0.0,22.3,10.6,bhubaneswar,20.2961,85.8245
2017-01-25,0.0,21.9,13.3,bhubaneswar,20.2961,85.8245
2017-01-26,0.0,22.0,8.9,bhubaneswar,20.2961,85.8245
2017-01-27,0.3,21.1,10.6,bhubaneswar,20.2961,85.8245
2017-01-28,0.0,22.9,15.5,bhubaneswar,20.2961,85.8245
2017-01-29,0.0,21.4,16.0,bhubaneswar,20.2961,85.8245
2017-01-30,0.0,21.8,16.3,bhubaneswar,20.2961,85.8245
2017-01-31,0.0,23.3,14.4,bhubaneswar,20.2961,85.8245
2017-02-01,0.1,23.5,14.0,bhubaneswar,20.2961,85.8245
2017-02-02,0.0,22.9,15.8,bhubaneswar,20.2961,85.8245
2017-02-03,0.0,22.5,9.4,bhubaneswar,20.2961,85.8245
2017-02-04,0.0,21.9,18.1,bhubaneswar,20.2961,85.8245
2017-02-05,0.0,22.9,15.2,bhubaneswar,20.2961,85.8245
2017-02-06,0.0,24.3,18.5,bhubaneswar,20.2961,85.8245
2017-02-07,0.0,24.4,17.7,bhubaneswar,20.2961,85.8245
2017-02-08,0.0,24.0,16.8,bhubaneswar,20.2961,85.8245
2017-02-09,0.0,24.4,16.1,bhubaneswar,20.2961,85.8245
2017-02-10,0.0,24.9,17.8,bhubaneswar,20.2961,85.8245
2017-02-11,0.0,24.1,19.9,bhubaneswar,20.2961,85.8245
2017-02-12,0.0,23.5,14.7,bhubaneswar,20.2961,85.8245
2017-02-13,0.0,24.2,14.4,bhubaneswar,20.2961,85.8245
2017-02-14,0.0,24.6,14.8,bhubaneswar,20.2961,85.8245
2017-02-15,0.0,24.3,18.1,bhubaneswar,20.2961,85.8245
2017-02-16,0.0,24.7,21.3,bhubaneswar,20.2961,85.8245
2017-02-17,0.0,24.7,21.4,bhubaneswar,20.2961,85.8245
2017-02-18,0.0,25.4,21.6,bhubaneswar,20.2961,85.8245
2017-02-19,0.0,26.2,20.4,bhubaneswar,20.2961,85.8245
2017-02-20,0.0,27.3,20.2,bhubaneswar,20.2961,85.8245
2017-02-21,0.0,27.0,23.8,bhubaneswar,20.2961,85.8245
2017-02-22,0.0,27.3,21.7,bhubaneswar,20.2961,85.8245
2017-02-23,0.0,28.1,17.4,bhubaneswar,20.2961,85.8245
2017-02-24,0.0,26.7,18.6,bhubaneswar,20.2961,85.8245
2017-02-25,0.0,25.6,17.8,bhubaneswar,20.2961,85.8245
2017-02-26,0.0,25.9,20.3,bhubaneswar,20.2961,85.8245
2017-02-27,0.0,26.7,17.0,bhubaneswar,20.2961,85.8245
2017-02-28,0.0,26.4,18.4,bhubaneswar,20.2961,85.8245
2017-03-01,0.0,26.6,18.7,bhubaneswar,20.2961,85.8245
2017-03-02,0.0,26.9,19.4,bhubaneswar,20.2961,85.8245
2017-03-03,0.0,27.3,20.5,bhubaneswar,20.2961,85.8245
2017-03-04,0.0,27.5,22.4,bhubaneswar,20.2961,85.8245
2017-03-05,0.7,28.4,24.6,bhubaneswar,20.2961,85.8245
2017-03-06,11.7,27.8,14.1,bhubaneswar,20.2961,85.8245
2017-03-07,19.4,25.6,14.9,bhubaneswar,20.2961,85.8245
2017-03-08,18.5,24.6,14.6,bhubaneswar,20.2961,85.8245
2017-03-09,5.0,26.5,18.6,bhubaneswar,20.2961,85.8245
2017-03-10,16.4,26.8,25.9,bhubaneswar,20.2961,85.8245
2017-03-11,13.5,26.1,24.7,bhubaneswar,20.2961,85.8245
2017-03-12,0.0,26.4,15.9,bhubaneswar,20.2961,85.8245
2017-03-13,0.0,24.5,16.8,bhubaneswar,20.2961,85.8245
2017-03-14,1.1,24.6,11.6,bhubaneswar,20.2961,85.8245
2017-03-15,0.3,25.3,16.0,bhubaneswar,20.2961,85.8245
2017-03-16,0.0,26.7,15.8,bhubaneswar,20.2961,85.8245
2017-03-17,0.7,27.3,20.6,bhubaneswar,20.2961,85.8245
2017-03-18,5.5,27.4,21.7,bhubaneswar,20.2961,85.8245
2017-03-19,2.3,27.5,21.3,bhubaneswar,20.2961,85.8245
2017-03-20,0.8,25.0,16.9,bhubaneswar,20.2961,85.8245
2017-03-21,0.0,26.4,15.7,bhubaneswar,20.2961,85.8245
2017-03-22,0.0,27.2,16.9,bhubaneswar,20.2961,85.8245
2017-03-23,0.0,28.0,20.5,bhubaneswar,20.2961,85.8245
2017-03-24,0.0,28.4,20.2,bhubaneswar,20.2961,85.8245
2017-03-25,0.0,28.6,24.7,bhubaneswar,20.2961,85.8245
2017-03-26,0.0,28.4,22.9,bhubaneswar,20.2961,85.8245
2017-03-27,0.0,28.6,21.3,bhubaneswar,20.2961,85.8245
2017-03-28,0.0,28.9,25.5,bhubaneswar,20.2961,85.8245
2017-03-29,0.0,29.4,26.4,bhubaneswar,20.2961,85.8245
2017-03-30,0.0,29.4,25.0,bhubaneswar,20.2961,85.8245
2017-03-31,0.0,29.1,21.4,bhubaneswar,20.2961,85.8245
2017-04-01,0.0,29.3,24.0,bhubaneswar,20.2961,85.8245
2017-04-02,0.0,29.7,26.9,bhubaneswar,20.2961,85.8245
2017-04-03,0.0,29.5,29.3,bhubaneswar,20.2961,85.8245
2017-04-04,0.0,29.2,29.3,bhubaneswar,20.2961,85.8245
2017-04-05,0.0,29.4,27.8,bhubaneswar,20.2961,85.8245
2017-04-06,0.0,29.7,23.3,bhubaneswar,20.2961,85.8245
2017-04-07,0.0,30.2,20.2,bhubaneswar,20.2961,85.8245
2017-04-08,0.0,29.8,21.2,bhubaneswar,20.2961,85.8245
2017-04-09,0.1,30.1,18.8,bhubaneswar,20.2961,85.8245
2017-04-10,0.0,30.2,19.9,bhubaneswar,20.2961,85.8245
2017-04-11,0.0,30.3,17.4,bhubaneswar,20.2961,85.8245
2017-04-12,0.0,29.7,22.0,bhubaneswar,20.2961,85.8245
2017-04-13,0.0,28.8,22.1,bhubaneswar,20.2961,85.8245
2017-04-14,0.0,29.0,23.8,bhubaneswar,20.2961,85.8245
2017-04-15,0.0,28.7,23.2,bhubaneswar,20.2961,85.8245
2017-04-16,0.0,28.9,23.7,bhubaneswar,20.2961,85.8245
2017-04-17,0.5,29.0,20.4,bhubaneswar,20.2961,85.8245
2017-04-18,0.4,29.9,25.2,bhubaneswar,20.2961,85.8245
2017-04-19,0.0,30.1,30.1,bhubaneswar,20.2961,85.8245
2017-04-20,0.0,30.4,29.1,bhubaneswar,20.2961,85.8245
2017-04-21,0.0,30.7,30.1,bhubaneswar,20.2961,85.8245
2017-04-22,0.0,30.7,27.1,bhubaneswar,20.2961,85.8245
2017-04-23,0.0,30.9,22.1,bhubaneswar,20.2961,85.8245
2017-04-24,0.0,31.0,23.3,bhubaneswar,20.2961,85.8245
2017-04-25,0.0,31.0,23.8,bhubaneswar,20.2961,85.8245
2017-04-26,0.0,31.5,20.9,bhubaneswar,20.2961,85.8245
2017-04-27,4.4,31.3,22.6,bhubaneswar,20.2961,85.8245
2017-04-28,0.8,30.9,20.5,bhubaneswar,20.2961,85.8245
2017-04-29,0.0,30.4,23.7,bhubaneswar,20.2961,85.8245
2017-04-30,0.0,30.7,23.5,bhubaneswar,20.2961,85.8245
2017-05-01,0.0,30.2,19.1,bhubaneswar,20.2961,85.8245
2017-05-02,0.1,30.0,17.1,bhubaneswar,20.2961,85.8245
2017-05-03,0.0,30.6,20.5,bhubaneswar,20.2961,85.8245
2017-05-04,0.0,31.0,19.1,bhubaneswar,20.2961,85.8245
2017-05-05,0.0,31.0,24.6,bhubaneswar,20.2961,85.8245
2017-05-06,0.3,30.9,23.4,bhubaneswar,20.2961,85.8245
2017-05-07,0.0,30.7,20.5,bhubaneswar,20.2961,85.8245
2017-05-08,0.0,31.0,19.6,bhubaneswar,20.2961,85.8245
2017-05-09,0.0,30.6,24.6,bhubaneswar,20.2961,85.8245
2017-05-10,0.0,30.6,17.8,bhubaneswar,20.2961,85.8245
2017-05-11,0.0,31.0,20.8,bhubaneswar,20.2961,85.8245
2017-05-12,0.0,31.1,19.6,bhubaneswar,20.2961,85.8245
2017-05-13,0.0,31.8,19.6,bhubaneswar,20.2961,85.8245
2017-05-14,0.0,31.8,22.1,bhubaneswar,20.2961,85.8245
2017-05-15,0.9,32.2,21.9,bhubaneswar,20.2961,85.8245
2017-05-16,0.0,32.3,23.8,bhubaneswar,20.2961,85.8245
2017-05-17,0.0,32.1,19.9,bhubaneswar,20.2961,85.8245
2017-05-18,0.3,32.2,21.3,bhubaneswar,20.2961,85.8245
2017-05-19,0.0,32.2,20.9,bhubaneswar,20.2961,85.8245
2017-05-20,0.0,32.2,20.7,bhubaneswar,20.2961,85.8245
2017-05-21,0.0,31.9,21.5,bhubaneswar,20.2961,85.8245
2017-05-22,0.0,32.1,25.3,bhubaneswar,20.2961,85.8245
2017-05-23,0.1,32.2,23.2,bhubaneswar,20.2961,85.8245
2017-05-24,0.0,32.0,22.2,bhubaneswar,20.2961,85.8245
2017-05-25,0.0,31.5,24.7,bhubaneswar,20.2961,85.8245
2017-05-26,0.0,31.6,21.3,bhubaneswar,20.2961,85.8245
2017-05-27,0.8,30.6,15.6,bhubaneswar,20.2961,85.8245
2017-05-28,0.5,31.3,18.4,bhubaneswar,20.2961,85.8245
2017-05-29,1.5,31.9,16.1,bhubaneswar,20.2961,85.8245
2017-05-30,0.4,33.7,15.6,bhubaneswar,20.2961,85.8245
2017-05-31,2.2,33.2,18.7,bhubaneswar,20.2961,85.8245
2017-06-01,0.0,32.3,24.8,bhubaneswar,20.2961,85.8245
2017-06-02,5.5,31.3,22.9,bhubaneswar,20.2961,85.8245
2017-06-03,1.7,32.0,25.3,bhubaneswar,20.2961,85.8245
2017-06-04,8.0,33.5,24.6,bhubaneswar,20.2961,85.8245
2017-06-05,3.1,32.6,23.4,bhubaneswar,20.2961,85.8245
2017-06-06,0.0,31.5,17.7,bhubaneswar,20.2961,85.8245
2017-06-07,1.8,30.9,12.3,bhubaneswar,20.2961,85.8245
2017-06-08,0.3,30.8,14.5,bhubaneswar,20.2961,85.8245
2017-06-09,19.3,29.8,16.8,bhubaneswar,20.2961,85.8245
2017-06-10,11.3,28.9,16.2,bhubaneswar,20.2961,85.8245
2017-06-11,5.9,29.5,18.4,bhubaneswar,20.2961,85.8245
2017-06-12,2.2,29.9,21.8,bhubaneswar,20.2961,85.8245
2017-06-13,6.5,29.5,19.0,bhubaneswar,20.2961,85.8245
2017-06-14,2.6,29.0,18.4,bhubaneswar,20.2961,85.8245
2017-06-15,36.0,28.2,19.5,bhubaneswar,20.2961,85.8245
2017-06-16,3.3,28.9,16.3,bhubaneswar,20.2961,85.8245
2017-06-17,3.4,30.2,16.4,bhubaneswar,20.2961,85.8245
2017-06-18,4.1,30.9,19.7,bhubaneswar,20.2961,85.8245
2017-06-19,10.6,30.6,19.1,bhubaneswar,20.2961,85.8245
2017-06-20,8.1,29.9,13.9,bhubaneswar,20.2961,85.8245
2017-06-21,9.8,28.6,17.1,bhubaneswar,20.2961,85.8245
2017-06-22,6.6,28.1,13.7,bhubaneswar,20.2961,85.8245
2017-06-23,15.0,29.0,13.7,bhubaneswar,20.2961,85.8245
2017-06-24,23.3,27.5,14.3,bhubaneswar,20.2961,85.8245
2017-06-25,41.6,26.6,13.3,bhubaneswar,20.2961,85.8245
2017-06-26,18.5,26.9,13.0,bhubaneswar,20.2961,85.8245
2017-06-27,37.3,26.8,12.1,bhubaneswar,20.2961,85.8245
2017-06-28,11.4,27.2,12.8,bhubaneswar,20.2961,85.8245
2017-06-29,5.8,27.7,14.9,bhubaneswar,20.2961,85.8245
2017-06-30,23.8,27.9,16.8,bhubaneswar,20.2961,85.8245
2017-07-01,30.9,27.5,15.9,bhubaneswar,20.2961,85.8245
2017-07-02,14.8,28.2,21.9,bhubaneswar,20.2961,85.8245
2017-07-03,18.1,28.0,19.6,bhubaneswar,20.2961,85.8245
2017-07-04,2.7,28.6,22.9,bhubaneswar,20.2961,85.8245
2017-07-05,0.3,28.7,13.7,bhubaneswar,20.2961,85.8245
2017-07-06,3.8,28.3,13.1,bhubaneswar,20.2961,85.8245
2017-07-07,8.6,28.6,14.7,bhubaneswar,20.2961,85.8245
2017-07-08,6.2,28.0,18.0,bhubaneswar,20.2961,85.8245
2017-07-09,17.2,27.7,19.5,bhubaneswar,20.2961,85.8245
2017-07-10,16.4,28.2,21.3,bhubaneswar,20.2961,85.8245
2017-07-11,0.4,28.0,12.9,bhubaneswar,20.2961,85.8245
2017-07-12,35.3,26.8,11.0,bhubaneswar,20.2961,85.8245
2017-07-13,10.7,26.5,8.0,bhubaneswar,20.2961,85.8245
2017-07-14,11.0,27.1,10.9,bhubaneswar,20.2961,85.8245
2017-07-15,7.9,27.2,11.9,bhubaneswar,20.2961,85.8245
2017-07-16,23.9,26.2,17.0,bhubaneswar,20.2961,85.8245
2017-07-17,17.8,27.1,20.0,bhubaneswar,20.2961,85.8245
2017-07-18,8.7,27.1,26.2,bhubaneswar,20.2961,85.8245
2017-07-19,8.0,28.3,28.2,bhubaneswar,20.2961,85.8245
2017-07-20,8.7,28.3,19.8,bhubaneswar,20.2961,85.8245
2017-07-21,14.6,28.9,14.8,bhubaneswar,20.2961,85.8245
2017-07-22,13.6,28.2,15.8,bhubaneswar,20.2961,85.8245
2017-07-23,15.5,28.1,19.4,bhubaneswar,20.2961,85.8245
2017-07-24,10.5,27.4,20.4,bhubaneswar,20.2961,85.8245
2017-07-25,1.0,28.4,19.7,bhubaneswar,20.2961,85.8245
2017-07-26,7.7,27.9,20.6,bhubaneswar,20.2961,85.8245
2017-07-27,4.3,28.9,12.9,bhubaneswar,20.2961,85.8245
2017-07-28,2.8,28.9,8.6,bhubaneswar,20.2961,85.8245
2017-07-29,12.0,28.4,10.9,bhubaneswar,20.2961,85.8245
2017-07-30,20.2,27.9,11.9,bhubaneswar,20.2961,85.8245
2017-07-31,7.9,28.0,10.4,bhubaneswar,20.2961,85.8245
2017-08-01,15.0,29.1,12.0,bhubaneswar,20.2961,85.8245
2017-08-02,6.9,29.0,14.0,bhubaneswar,20.2961,85.8245
2017-08-03,11.2,28.0,12.1,bhubaneswar,20.2961,85.8245
2017-08-04,24.3,27.0,10.6,bhubaneswar,20.2961,85.8245
2017-08-05,19.9,27.5,10.5,bhubaneswar,20.2961,85.8245
2017-08-06,7.9,28.0,15.1,bhubaneswar,20.2961,85.8245
2017-08-07,19.5,27.9,18.8,bhubaneswar,20.2961,85.8245
2017-08-08,8.5,27.8,17.9,bhubaneswar,20.2961,85.8245
2017-08-09,21.7,28.2,21.9,bhubaneswar,20.2961,85.8245
2017-08-10,1.9,28.9,17.5,bhubaneswar,20.2961,85.8245
2017-08-11,1.6,28.8,19.9,bhubaneswar,20.2961,85.8245
2017-08-12,14.0,28.0,15.0,bhubaneswar,20.2961,85.8245
2017-08-13,13.9,28.2,13.8,bhubaneswar,20.2961,85.8245
2017-08-14,10.5,27.7,12.5,bhubaneswar,20.2961,85.8245
2017-08-15,4.0,28.5,12.3,bhubaneswar,20.2961,85.8245
2017-08-16,28.4,27.9,12.3,bhubaneswar,20.2961,85.8245
2017-08-17,29.5,26.7,11.3,bhubaneswar,20.2961,85.8245
2017-08-18,14.3,26.7,19.9,bhubaneswar,20.2961,85.8245
2017-08-19,11.0,27.5,22.4,bhubaneswar,20.2961,85.8245
2017-08-20,2.3,27.7,22.3,bhubaneswar,20.2961,85.8245
2017-08-21,0.9,27.9,15.1,bhubaneswar,20.2961,85.8245
2017-08-22,0.3,28.1,18.1,bhubaneswar,20.2961,85.8245
2017-08-23,11.9,28.2,14.8,bhubaneswar,20.2961,85.8245
2017-08-24,19.0,27.5,12.4,bhubaneswar,20.2961,85.8245
2017-08-25,3.4,27.2,15.0,bhubaneswar,20.2961,85.8245
2017-08-26,7.0,27.8,15.1,bhubaneswar,20.2961,85.8245
2017-08-27,20.7,27.0,11.9,bhubaneswar,20.2961,85.8245
2017-08-28,13.2,26.7,16.9,bhubaneswar,20.2961,85.8245
2017-08-29,4.4,27.5,21.6,bhubaneswar,20.2961,85.8245
2017-08-30,1.8,28.7,17.9,bhubaneswar,20.2961,85.8245
2017-08-31,8.3,28.2,16.7,bhubaneswar,20.2961,85.8245
2017-09-01,19.2,27.2,12.3,bhubaneswar,20.2961,85.8245
2017-09-02,5.6,26.8,12.2,bhubaneswar,20.2961,85.8245
2017-09-03,0.8,29.0,9.9,bhubaneswar,20.2961,85.8245
2017-09-04,1.1,29.6,12.3,bhubaneswar,20.2961,85.8245
2017-09-05,2.0,29.4,12.0,bhubaneswar,20.2961,85.8245
2017-09-06,14.5,28.7,11.5,bhubaneswar,20.2961,85.8245
2017-09-07,6.7,28.5,18.4,bhubaneswar,20.2961,85.8245
2017-09-08,2.7,29.0,15.7,bhubaneswar,20.2961,85.8245
2017-09-09,1.0,29.1,18.7,bhubaneswar,20.2961,85.8245
2017-09-10,11.1,28.5,13.2,bhubaneswar,20.2961,85.8245
2017-09-11,13.4,28.4,15.9,bhubaneswar,20.2961,85.8245
2017-09-12,15.5,28.1,17.3,bhubaneswar,20.2961,85.8245
2017-09-13,10.8,28.0,18.1,bhubaneswar,20.2961,85.8245
2017-09-14,3.0,27.7,13.8,bhubaneswar,20.2961,85.8245
2017-09-15,3.2,28.3,10.0,bhubaneswar,20.2961,85.8245
2017-09-16,1.8,28.4,11.7,bhubaneswar,20.2961,85.8245
2017-09-17,19.2,27.9,11.7,bhubaneswar,20.2961,85.8245
2017-09-18,48.8,26.5,12.6,bhubaneswar,20.2961,85.8245
2017-09-19,5.5,27.0,14.3,bhubaneswar,20.2961,85.8245
2017-09-20,8.5,28.0,16.6,bhubaneswar,20.2961,85.8245
2017-09-21,5.3,28.2,19.6,bhubaneswar,20.2961,85.8245
2017-09-22,3.6,28.2,17.0,bhubaneswar,20.2961,85.8245
2017-09-23,9.1,28.6,10.7,bhubaneswar,20.2961,85.8245
2017-09-24,3.0,28.8,10.8,bhubaneswar,20.2961,85.8245
2017-09-25,16.2,28.0,10.7,bhubaneswar,20.2961,85.8245
2017-09-26,5.7,27.9,14.7,bhubaneswar,20.2961,85.8245
2017-09-27,5.8,27.3,8.2,bhubaneswar,20.2961,85.8245
2017-09-28,12.5,26.1,9.2,bhubaneswar,20.2961,85.8245
2017-09-29,10.8,26.9,15.1,bhubaneswar,20.2961,85.8245
2017-09-30,9.4,26.7,12.6,bhubaneswar,20.2961,85.8245
2017-10-01,9.5,26.7,14.9,bhubaneswar,20.2961,85.8245
2017-10-02,12.2,27.3,17.7,bhubaneswar,20.2961,85.8245
2017-10-03,9.9,26.8,13.9,bhubaneswar,20.2961,85.8245
2017-10-04,8.5,26.8,12.2,bhubaneswar,20.2961,85.8245
2017-10-05,18.4,26.8,14.4,bhubaneswar,20.2961,85.8245
2017-10-06,8.4,25.7,18.7,bhubaneswar,20.2961,85.8245
2017-10-07,11.7,26.3,14.5,bhubaneswar,20.2961,85.8245
2017-10-08,1.5,27.2,10.0,bhubaneswar,20.2961,85.8245
2017-10-09,12.4,27.1,10.9,bhubaneswar,20.2961,85.8245
2017-10-10,6.0,26.9,11.5,bhubaneswar,20.2961,85.8245
2017-10-11,5.6,27.4,12.3,bhubaneswar,20.2961,85.8245
2017-10-12,1.7,28.1,13.2,bhubaneswar,20.2961,85.8245
2017-10-13,0.9,28.1,13.2,bhubaneswar,20.2961,85.8245
2017-10-14,1.4,27.8,9.0,bhubaneswar,20.2961,85.8245
2017-10-15,9.5,27.7,9.7,bhubaneswar,20.2961,85.8245
2017-10-16,0.0,28.0,9.0,bhubaneswar,20.2961,85.8245
2017-10-17,0.0,27.7,13.4,bhubaneswar,20.2961,85.8245
2017-10-18,10.0,26.6,22.6,bhubaneswar,20.2961,85.8245
2017-10-19,54.6,25.8,33.6,bhubaneswar,20.2961,85.8245
2017-10-20,73.2,25.9,29.9,bhubaneswar,20.2961,85.8245
2017-10-21,0.5,27.4,18.7,bhubaneswar,20.2961,85.8245
2017-10-22,1.0,27.2,13.4,bhubaneswar,20.2961,85.8245
2017-10-23,0.0,27.7,13.0,bhubaneswar,20.2961,85.8245
2017-10-24,0.0,27.0,15.0,bhubaneswar,20.2961,85.8245
2017-10-25,0.0,27.3,11.5,bhubaneswar,20.2961,85.8245
2017-10-26,1.4,26.2,12.7,bhubaneswar,20.2961,85.8245
2017-10-27,0.0,25.7,7.1,bhubaneswar,20.2961,85.8245
2017-10-28,0.0,25.0,8.9,bhubaneswar,20.2961,85.8245
2017-10-29,0.0,25.5,6.6,bhubaneswar,20.2961,85.8245
2017-10-30,0.1,25.1,10.1,bhubaneswar,20.2961,85.8245
2017-10-31,0.0,24.6,13.7,bhubaneswar,20.2961,85.8245
2017-11-01,0.4,24.1,14.5,bhubaneswar,20.2961,85.8245
2017-11-02,0.0,23.9,12.8,bhubaneswar,20.2961,85.8245
2017-11-03,0.0,23.7,13.3,bhubaneswar,20.2961,85.8245
2017-11-04,0.4,24.4,13.3,bhubaneswar,20.2961,85.8245
2017-11-05,0.0,25.2,9.1,bhubaneswar,20.2961,85.8245
2017-11-06,0.0,25.7,12.1,bhubaneswar,20.2961,85.8245
2017-11-07,0.0,24.9,12.1,bhubaneswar,20.2961,85.8245
2017-11-08,0.0,24.6,12.8,bhubaneswar,20.2961,85.8245
2017-11-09,0.0,24.7,9.7,bhubaneswar,20.2961,85.8245
2017-11-10,0.0,24.0,13.0,bhubaneswar,20.2961,85.8245
2017-11-11,0.0,23.8,14.2,bhubaneswar,20.2961,85.8245
2017-11-12,0.0,24.8,14.7,bhubaneswar,20.2961,85.8245
2017-11-13,0.0,25.1,18.1,bhubaneswar,20.2961,85.8245
2017-11-14,14.9,24.0,18.4,bhubaneswar,20.2961,85.8245
2017-11-15,72.9,21.8,25.0,bhubaneswar,20.2961,85.8245
2017-11-16,76.1,21.9,22.3,bhubaneswar,20.2961,85.8245
2017-11-17,4.7,23.1,16.6,bhubaneswar,20.2961,85.8245
2017-11-18,6.9,24.3,10.1,bhubaneswar,20.2961,85.8245
2017-11-19,3.5,24.9,9.4,bhubaneswar,20.2961,85.8245
2017-11-20,0.4,25.2,10.3,bhubaneswar,20.2961,85.8245
2017-11-21,0.0,24.2,14.4,bhubaneswar,20.2961,85.8245
2017-11-22,0.0,22.5,10.2,bhubaneswar,20.2961,85.8245
2017-11-23,0.0,21.5,11.5,bhubaneswar,20.2961,85.8245
2017-11-24,0.0,20.1,10.5,bhubaneswar,20.2961,85.8245
2017-11-25,0.0,20.5,9.1,bhubaneswar,20.2961,85.8245
2017-11-26,0.0,21.3,8.0,bhubaneswar,20.2961,85.8245
2017-11-27,0.0,20.7,9.8,bhubaneswar,20.2961,85.8245
2017-11-28,0.0,21.0,10.0,bhubaneswar,20.2961,85.8245
2017-11-29,0.0,21.0,9.4,bhubaneswar,20.2961,85.8245
2017-11-30,0.0,21.1,8.4,bhubaneswar,20.2961,85.8245
2017-12-01,0.0,20.4,10.0,bhubaneswar,20.2961,85.8245
2017-12-02,0.0,20.0,12.5,bhubaneswar,20.2961,85.8245
2017-12-03,0.0,19.8,10.5,bhubaneswar,20.2961,85.8245
2017-12-04,0.0,20.2,10.0,bhubaneswar,20.2961,85.8245
2017-12-05,0.0,19.4,9.5,bhubaneswar,20.2961,85.8245
2017-12-06,0.0,19.8,9.3,bhubaneswar,20.2961,85.8245
2017-12-07,0.6,20.6,16.4,bhubaneswar,20.2961,85.8245
2017-12-08,97.6,19.4,26.8,bhubaneswar,20.2961,85.8245
2017-12-09,10.1,20.1,24.2,bhubaneswar,20.2961,85.8245
2017-12-10,0.0,22.8,12.3,bhubaneswar,20.2961,85.8245
2017-12-11,0.0,22.8,9.6,bhubaneswar,20.2961,85.8245
2017-12-12,0.0,22.9,6.4,bhubaneswar,20.2961,85.8245
2017-12-13,0.0,22.5,6.3,bhubaneswar,20.2961,85.8245
2017-12-14,0.0,22.5,7.9,bhubaneswar,20.2961,85.8245
2017-12-15,0.0,22.2,9.6,bhubaneswar,20.2961,85.8245
2017-12-16,0.0,22.2,8.7,bhubaneswar,20.2961,85.8245
2017-12-17,0.0,21.1,11.3,bhubaneswar,20.2961,85.8245
2017-12-18,0.0,18.6,13.0,bhubaneswar,20.2961,85.8245
2017-12-19,0.0,18.6,9.0,bhubaneswar,20.2961,85.8245
2017-12-20,0.0,18.5,10.0,bhubaneswar,20.2961,85.8245
2017-12-21,0.0,19.8,8.4,bhubaneswar,20.2961,85.8245
2017-12-22,0.0,21.0,7.6,bhubaneswar,20.2961,85.8245
2017-12-23,0.0,20.3,9.0,bhubaneswar,20.2961,85.8245
2017-12-24,0.0,20.3,8.1,bhubaneswar,20.2961,85.8245
2017-12-25,0.0,19.6,9.4,bhubaneswar,20.2961,85.8245
2017-12-26,0.0,19.7,9.1,bhubaneswar,20.2961,85.8245
2017-12-27,0.0,17.9,10.8,bhubaneswar,20.2961,85.8245
2017-12-28,0.0,19.2,11.5,bhubaneswar,20.2961,85.8245
2017-12-29,0.0,19.4,9.1,bhubaneswar,20.2961,85.8245
2017-12-30,0.0,19.2,13.4,bhubaneswar,20.2961,85.8245
2017-12-31,0.0,19.8,13.0,bhubaneswar,20.2961,85.8245
2018-01-01,0.0,20.1,13.8,bhubaneswar,20.2961,85.8245
2018-01-02,0.0,19.1,13.7,bhubaneswar,20.2961,85.8245
2018-01-03,0.0,18.7,11.6,bhubaneswar,20.2961,85.8245
2018-01-04,0.0,17.8,13.0,bhubaneswar,20.2961,85.8245
2018-01-05,0.0,17.6,10.5,bhubaneswar,20.2961,85.8245
2018-01-06,0.0,18.2,9.8,bhubaneswar,20.2961,85.8245
2018-01-07,0.0,18.1,9.7,bhubaneswar,20.2961,85.8245
2018-01-08,0.0,17.5,11.3,bhubaneswar,20.2961,85.8245
2018-01-09,0.0,17.5,10.9,bhubaneswar,20.2961,85.8245
2018-01-10,0.0,18.0,9.6,bhubaneswar,20.2961,85.8245
2018-01-11,0.0,18.7,8.2,bhubaneswar,20.2961,85.8245
2018-01-12,0.0,19.6,9.9,bhubaneswar,20.2961,85.8245
2018-01-13,0.0,19.2,12.9,bhubaneswar,20.2961,85.8245
2018-01-14,0.0,18.7,12.5,bhubaneswar,20.2961,85.8245
2018-01-15,0.0,19.1,10.9,bhubaneswar,20.2961,85.8245
2018-01-16,0.0,19.2,9.0,bhubaneswar,20.2961,85.8245
2018-01-17,0.0,18.9,9.7,bhubaneswar,20.2961,85.8245
2018-01-18,0.0,18.8,9.1,bhubaneswar,20.2961,85.8245
2018-01-19,0.0,18.7,9.6,bhubaneswar,20.2961,85.8245
2018-01-20,0.0,18.9,11.9,bhubaneswar,20.2961,85.8245
2018-01-21,0.0,19.6,8.5,bhubaneswar,20.2961,85.8245
2018-01-22,0.0,19.8,10.7,bhubaneswar,20.2961,85.8245
2018-01-23,0.0,20.7,14.8,bhubaneswar,20.2961,85.8245
2018-01-24,0.0,22.0,14.8,bhubaneswar,20.2961,85.8245
2018-01-25,0.0,20.9,14.1,bhubaneswar,20.2961,85.8245
2018-01-26,0.0,20.5,11.2,bhubaneswar,20.2961,85.8245
2018-01-27,0.0,20.1,10.3,bhubaneswar,20.2961,85.8245
2018-01-28,0.0,20.3,14.5,bhubaneswar,20.2961,85.8245
2018-01-29,0.0,20.8,14.2,bhubaneswar,20.2961,85.8245
2018-01-30,0.0,20.9,12.0,bhubaneswar,20.2961,85.8245
2018-01-31,0.0,22.7,13.8,bhubaneswar,20.2961,85.8245
2018-02-01,0.0,22.1,11.5,bhubaneswar,20.2961,85.8245
2018-02-02,0.0,21.9,13.2,bhubaneswar,20.2961,85.8245
2018-02-03,0.0,22.7,16.5,bhubaneswar,20.2961,85.8245
2018-02-04,0.0,23.5,18.5,bhubaneswar,20.2961,85.8245
2018-02-05,0.0,23.6,15.3,bhubaneswar,20.2961,85.8245
2018-02-06,0.0,24.2,16.6,bhubaneswar,20.2961,85.8245
2018-02-07,0.0,25.6,17.0,bhubaneswar,20.2961,85.8245
2018-02-08,0.0,25.5,13.6,bhubaneswar,20.2961,85.8245
2018-02-09,0.0,25.5,14.5,bhubaneswar,20.2961,85.8245
2018-02-10,0.0,25.6,17.9,bhubaneswar,20.2961,85.8245
2018-02-11,0.0,23.2,9.7,bhubaneswar,20.2961,85.8245
2018-02-12,0.0,23.0,11.0,bhubaneswar,20.2961,85.8245
2018-02-13,0.0,22.8,11.5,bhubaneswar,20.2961,85.8245
2018-02-14,0.0,24.4,16.9,bhubaneswar,20.2961,85.8245
2018-02-15,0.0,23.3,18.4,bhubaneswar,20.2961,85.8245
2018-02-16,0.0,23.0,15.1,bhubaneswar,20.2961,85.8245
2018-02-17,0.0,24.1,17.4,bhubaneswar,20.2961,85.8245
2018-02-18,0.0,24.0,18.0,bhubaneswar,20.2961,85.8245
2018-02-19,0.0,24.7,21.3,bhubaneswar,20.2961,85.8245
2018-02-20,0.0,25.0,20.6,bhubaneswar,20.2961,85.8245
2018-02-21,0.0,25.8,18.8,bhubaneswar,20.2961,85.8245
2018-02-22,0.0,26.0,15.3,bhubaneswar,20.2961,85.8245
2018-02-23,0.0,26.2,20.6,bhubaneswar,20.2961,85.8245
2018-02-24,0.0,26.5,17.3,bhubaneswar,20.2961,85.8245
2018-02-25,0.0,27.2,15.0,bhubaneswar,20.2961,85.8245
2018-02-26,0.0,27.2,13.2,bhubaneswar,20.2961,85.8245
2018-02-27,0.0,27.0,15.3,bhubaneswar,20.2961,85.8245
2018-02-28,0.0,26.5,15.6,bhubaneswar,20.2961,85.8245
2018-03-01,0.0,26.5,16.3,bhubaneswar,20.2961,85.8245
2018-03-02,0.0,27.6,19.9,bhubaneswar,20.2961,85.8245
2018-03-03,0.0,28.8,21.1,bhubaneswar,20.2961,85.8245
2018-03-04,0.1,28.7,17.7,bhubaneswar,20.2961,85.8245
2018-03-05,0.0,28.5,20.2,bhubaneswar,20.2961,85.8245
2018-03-06,0.0,27.6,16.1,bhubaneswar,20.2961,85.8245
2018-03-07,0.0,26.8,16.1,bhubaneswar,20.2961,85.8245
2018-03-08,0.0,26.2,18.8,bhubaneswar,20.2961,85.8245
2018-03-09,0.0,27.3,22.5,bhubaneswar,20.2961,85.8245
2018-03-10,0.0,27.8,15.1,bhubaneswar,20.2961,85.8245
2018-03-11,0.1,28.0,17.6,bhubaneswar,20.2961,85.8245
2018-03-12,0.0,28.7,22.2,bhubaneswar,20.2961,85.8245
2018-03-13,0.0,29.9,17.7,bhubaneswar,20.2961,85.8245
2018-03-14,0.0,28.9,17.3,bhubaneswar,20.2961,85.8245
2018-03-15,1.1,29.5,26.1,bhubaneswar,20.2961,85.8245
2018-03-16,2.7,26.9,17.1,bhubaneswar,20.2961,85.8245
2018-03-17,0.6,26.9,20.6,bhubaneswar,20.2961,85.8245
2018-03-18,0.0,27.9,19.4,bhubaneswar,20.2961,85.8245
2018-03-19,0.0,27.6,19.8,bhubaneswar,20.2961,85.8245
2018-03-20,0.0,28.8,15.9,bhubaneswar,20.2961,85.8245
2018-03-21,0.0,28.6,20.2,bhubaneswar,20.2961,85.8245
2018-03-22,1.7,28.6,18.2,bhubaneswar,20.2961,85.8245
2018-03-23,0.3,29.3,18.4,bhubaneswar,20.2961,85.8245
2018-03-24,2.2,29.0,19.2,bhubaneswar,20.2961,85.8245
2018-03-25,0.0,28.4,21.6,bhubaneswar,20.2961,85.8245
2018-03-26,0.0,28.7,20.2,bhubaneswar,20.2961,85.8245
2018-03-27,0.0,28.9,19.4,bhubaneswar,20.2961,85.8245
2018-03-28,0.0,28.9,22.0,bhubaneswar,20.2961,85.8245
2018-03-29,0.0,29.1,21.6,bhubaneswar,20.2961,85.8245
2018-03-30,0.0,29.2,20.7,bhubaneswar,20.2961,85.8245
2018-03-31,0.0,28.8,23.9,bhubaneswar,20.2961,85.8245
2018-04-01,41.2,26.2,26.6,bhubaneswar,20.2961,85.8245
2018-04-02,4.9,24.8,13.0,bhubaneswar,20.2961,85.8245
2018-04-03,0.0,27.0,14.9,bhubaneswar,20.2961,85.8245
2018-04-04,0.4,27.7,19.8,bhubaneswar,20.2961,85.8245
2018-04-05,0.0,27.9,18.5,bhubaneswar,20.2961,85.8245
2018-04-06,0.0,28.7,21.8,bhubaneswar,20.2961,85.8245
2018-04-07,11.2,28.1,18.7,bhubaneswar,20.2961,85.8245
2018-04-08,5.2,26.6,15.3,bhubaneswar,20.2961,85.8245
2018-04-09,0.7,27.5,16.2,bhubaneswar,20.2961,85.8245
2018-04-10,1.0,27.6,16.7,bhubaneswar,20.2961,85.8245
2018-04-11,0.6,28.5,18.2,bhubaneswar,20.2961,85.8245
2018-04-12,1.0,28.1,16.1,bhubaneswar,20.2961,85.8245
2018-04-13,0.1,28.7,17.7,bhubaneswar,20.2961,85.8245
2018-04-14,0.1,29.3,16.5,bhubaneswar,20.2961,85.8245
2018-04-15,0.2,29.7,18.1,bhubaneswar,20.2961,85.8245
2018-04-16,0.0,30.8,16.7,bhubaneswar,20.2961,85.8245
2018-04-17,0.0,31.1,21.2,bhubaneswar,20.2961,85.8245
2018-04-18,0.4,30.6,22.9,bhubaneswar,20.2961,85.8245
2018-04-19,0.0,30.6,20.4,bhubaneswar,20.2961,85.8245
2018-04-20,0.0,30.6,26.9,bhubaneswar,20.2961,85.8245
2018-04-21,0.0,30.9,25.2,bhubaneswar,20.2961,85.8245
2018-04-22,0.2,31.2,21.4,bhubaneswar,20.2961,85.8245
2018-04-23,1.0,29.9,20.7,bhubaneswar,20.2961,85.8245
2018-04-24,0.0,30.2,17.4,bhubaneswar,20.2961,85.8245
2018-04-25,0.5,30.1,22.2,bhubaneswar,20.2961,85.8245
2018-04-26,0.0,30.2,22.2,bhubaneswar,20.2961,85.8245
2018-04-27,0.0,29.8,27.6,bhubaneswar,20.2961,85.8245
2018-04-28,0.0,29.7,27.4,bhubaneswar,20.2961,85.8245
2018-04-29,0.1,30.3,25.9,bhubaneswar,20.2961,85.8245
2018-04-30,0.0,30.4,28.5,bhubaneswar,20.2961,85.8245
2018-05-01,0.3,29.5,25.6,bhubaneswar,20.2961,85.8245
2018-05-02,0.0,29.7,22.7,bhubaneswar,20.2961,85.8245
2018-05-03,1.1,29.2,16.7,bhubaneswar,20.2961,85.8245
2018-05-04,0.0,29.8,21.9,bhubaneswar,20.2961,85.8245
2018-05-05,0.0,30.7,24.7,bhubaneswar,20.2961,85.8245
2018-05-06,0.0,30.8,26.0,bhubaneswar,20.2961,85.8245
2018-05-07,0.0,31.1,22.6,bhubaneswar,20.2961,85.8245
2018-05-08,0.0,31.0,24.0,bhubaneswar,20.2961,85.8245
2018-05-09,0.0,31.0,21.2,bhubaneswar,20.2961,85.8245
2018-05-10,0.0,31.2,19.8,bhubaneswar,20.2961,85.8245
2018-05-11,0.0,30.7,24.0,bhubaneswar,20.2961,85.8245
2018-05-12,0.5,30.8,19.2,bhubaneswar,20.2961,85.8245
2018-05-13,7.6,30.3,22.5,bhubaneswar,20.2961,85.8245
2018-05-14,4.4,28.2,23.2,bhubaneswar,20.2961,85.8245
2018-05-15,0.0,29.6,21.4,bhubaneswar,20.2961,85.8245
2018-05-16,0.0,30.8,25.0,bhubaneswar,20.2961,85.8245
2018-05-17,0.0,31.0,25.8,bhubaneswar,20.2961,85.8245
2018-05-18,1.0,31.7,21.3,bhubaneswar,20.2961,85.8245
2018-05-19,0.0,30.9,24.2,bhubaneswar,20.2961,85.8245
2018-05-20,0.0,31.0,26.3,bhubaneswar,20.2961,85.8245
2018-05-21,0.0,30.1,25.1,bhubaneswar,20.2961,85.8245
2018-05-22,11.6,30.3,25.0,bhubaneswar,20.2961,85.8245
2018-05-23,5.9,29.3,23.1,bhubaneswar,20.2961,85.8245
2018-05-24,0.0,30.7,26.9,bhubaneswar,20.2961,85.8245
2018-05-25,0.0,30.9,24.9,bhubaneswar,20.2961,85.8245
2018-05-26,0.0,30.9,23.0,bhubaneswar,20.2961,85.8245
2018-05-27,0.0,30.9,18.8,bhubaneswar,20.2961,85.8245
2018-05-28,0.0,31.1,21.7,bhubaneswar,20.2961,85.8245
2018-05-29,0.0,31.5,20.9,bhubaneswar,20.2961,85.8245
2018-05-30,0.2,31.7,24.5,bhubaneswar,20.2961,85.8245
2018-05-31,0.0,31.6,22.7,bhubaneswar,20.2961,85.8245
2018-06-01,10.7,30.4,20.9,bhubaneswar,20.2961,85.8245
2018-06-02,8.3,30.0,18.2,bhubaneswar,20.2961,85.8245
2018-06-03,0.1,31.1,17.5,bhubaneswar,20.2961,85.8245
2018-06-04,12.8,30.6,18.5,bhubaneswar,20.2961,85.8245
2018-06-05,13.4,28.7,16.1,bhubaneswar,20.2961,85.8245
2018-06-06,6.0,29.3,13.7,bhubaneswar,20.2961,85.8245
2018-06-07,12.9,29.1,17.7,bhubaneswar,20.2961,85.8245
2018-06-08,42.4,29.3,14.2,bhubaneswar,20.2961,85.8245
2018-06-09,15.7,28.1,13.4,bhubaneswar,20.2961,85.8245
2018-06-10,7.3,29.3,17.4,bhubaneswar,20.2961,85.8245
2018-06-11,7.1,28.9,16.7,bhubaneswar,20.2961,85.8245
2018-06-12,14.0,28.0,17.3,bhubaneswar,20.2961,85.8245
2018-06-13,0.4,29.6,16.4,bhubaneswar,20.2961,85.8245
2018-06-14,0.5,30.4,21.1,bhubaneswar,20.2961,85.8245
2018-06-15,0.0,31.3,16.7,bhubaneswar,20.2961,85.8245
2018-06-16,0.0,32.0,16.9,bhubaneswar,20.2961,85.8245
2018-06-17,0.2,32.5,16.8,bhubaneswar,20.2961,85.8245
2018-06-18,0.0,32.7,16.3,bhubaneswar,20.2961,85.8245
2018-06-19,0.0,32.6,16.4,bhubaneswar,20.2961,85.8245
2018-06-20,0.0,32.1,15.9,bhubaneswar,20.2961,85.8245
2018-06-21,16.4,29.4,20.6,bhubaneswar,20.2961,85.8245
2018-06-22,21.9,28.7,17.9,bhubaneswar,20.2961,85.8245
2018-06-23,8.8,28.6,17.6,bhubaneswar,20.2961,85.8245
2018-06-24,7.2,29.3,17.9,bhubaneswar,20.2961,85.8245
2018-06-25,10.6,28.5,15.5,bhubaneswar,20.2961,85.8245
2018-06-26,33.8,26.5,13.3,bhubaneswar,20.2961,85.8245
2018-06-27,34.8,25.5,11.9,bhubaneswar,20.2961,85.8245
2018-06-28,8.9,26.9,19.9,bhubaneswar,20.2961,85.8245
2018-06-29,6.4,28.4,16.8,bhubaneswar,20.2961,85.8245
2018-06-30,8.4,28.9,17.8,bhubaneswar,20.2961,85.8245
2018-07-01,29.9,28.0,22.8,bhubaneswar,20.2961,85.8245
2018-07-02,3.9,28.7,21.3,bhubaneswar,20.2961,85.8245
2018-07-03,8.9,28.5,18.4,bhubaneswar,20.2961,85.8245
2018-07-04,7.9,28.6,15.1,bhubaneswar,20.2961,85.8245
2018-07-05,2.3,28.3,13.9,bhubaneswar,20.2961,85.8245
2018-07-06,4.1,28.7,14.5,bhubaneswar,20.2961,85.8245
2018-07-07,10.2,27.0,14.8,bhubaneswar,20.2961,85.8245
2018-07-08,20.4,27.8,12.9,bhubaneswar,20.2961,85.8245
2018-07-09,9.6,28.6,15.9,bhubaneswar,20.2961,85.8245
2018-07-10,17.9,28.0,12.5,bhubaneswar,20.2961,85.8245
2018-07-11,29.8,27.4,14.8,bhubaneswar,20.2961,85.8245
2018-07-12,8.1,27.5,12.2,bhubaneswar,20.2961,85.8245
2018-07-13,22.4,27.3,12.9,bhubaneswar,20.2961,85.8245
2018-07-14,51.3,27.2,15.1,bhubaneswar,20.2961,85.8245
2018-07-15,6.9,28.0,19.5,bhubaneswar,20.2961,85.8245
2018-07-16,106.0,26.7,22.9,bhubaneswar,20.2961,85.8245
2018-07-17,3.6,28.9,15.7,bhubaneswar,20.2961,85.8245
2018-07-18,19.5,28.2,11.3,bhubaneswar,20.2961,85.8245
2018-07-19,30.3,28.1,20.9,bhubaneswar,20.2961,85.8245
2018-07-20,99.3,27.5,24.0,bhubaneswar,20.2961,85.8245
2018-07-21,102.1,26.2,34.6,bhubaneswar,20.2961,85.8245
2018-07-22,27.0,27.1,24.6,bhubaneswar,20.2961,85.8245
2018-07-23,7.9,28.5,25.7,bhubaneswar,20.2961,85.8245
2018-07-24,2.0,28.6,19.0,bhubaneswar,20.2961,85.8245
2018-07-25,11.4,28.5,17.0,bhubaneswar,20.2961,85.8245
2018-07-26,4.0,28.4,16.6,bhubaneswar,20.2961,85.8245
2018-07-27,2.9,28.3,14.4,bhubaneswar,20.2961,85.8245
2018-07-28,2.0,28.3,15.9,bhubaneswar,20.2961,85.8245
2018-07-29,18.8,28.6,18.5,bhubaneswar,20.2961,85.8245
2018-07-30,25.9,26.8,14.8,bhubaneswar,20.2961,85.8245
2018-07-31,7.7,27.0,15.5,bhubaneswar,20.2961,85.8245
2018-08-01,2.1,27.7,18.4,bhubaneswar,20.2961,85.8245
2018-08-02,4.9,27.3,12.2,bhubaneswar,20.2961,85.8245
2018-08-03,16.5,28.1,16.9,bhubaneswar,20.2961,85.8245
2018-08-04,0.9,29.6,15.8,bhubaneswar,20.2961,85.8245
2018-08-05,18.3,29.1,16.3,bhubaneswar,20.2961,85.8245
2018-08-06,131.8,26.5,36.2,bhubaneswar,20.2961,85.8245
2018-08-07,31.7,26.1,17.3,bhubaneswar,20.2961,85.8245
2018-08-08,9.5,27.8,20.2,bhubaneswar,20.2961,85.8245
2018-08-09,4.2,28.4,9.5,bhubaneswar,20.2961,85.8245
2018-08-10,6.9,28.5,13.3,bhubaneswar,20.2961,85.8245
2018-08-11,14.4,28.2,14.7,bhubaneswar,20.2961,85.8245
2018-08-12,15.7,28.1,13.3,bhubaneswar,20.2961,85.8245
2018-08-13,22.9,27.8,13.2,bhubaneswar,20.2961,85.8245
2018-08-14,31.6,27.2,17.3,bhubaneswar,20.2961,85.8245
2018-08-15,19.3,28.2,23.7,bhubaneswar,20.2961,85.8245
2018-08-16,4.6,28.1,18.9,bhubaneswar,20.2961,85.8245
2018-08-17,16.4,27.8,12.7,bhubaneswar,20.2961,85.8245
2018-08-18,7.1,27.9,15.0,bhubaneswar,20.2961,85.8245
2018-08-19,11.7,27.9,12.5,bhubaneswar,20.2961,85.8245
2018-08-20,5.3,27.1,12.2,bhubaneswar,20.2961,85.8245
2018-08-21,5.7,28.4,11.8,bhubaneswar,20.2961,85.8245
2018-08-22,0.8,28.6,18.2,bhubaneswar,20.2961,85.8245
2018-08-23,4.8,28.4,14.3,bhubaneswar,20.2961,85.8245
2018-08-24,11.0,28.0,10.4,bhubaneswar,20.2961,85.8245
2018-08-25,17.2,27.7,19.1,bhubaneswar,20.2961,85.8245
2018-08-26,30.4,26.4,19.6,bhubaneswar,20.2961,85.8245
2018-08-27,42.1,26.2,12.7,bhubaneswar,20.2961,85.8245
2018-08-28,6.2,26.8,17.1,bhubaneswar,20.2961,85.8245
2018-08-29,8.9,27.1,14.9,bhubaneswar,20.2961,85.8245
2018-08-30,16.6,27.8,12.7,bhubaneswar,20.2961,85.8245
2018-08-31,27.0,27.3,16.1,bhubaneswar,20.2961,85.8245
2018-09-01,18.3,26.8,15.0,bhubaneswar,20.2961,85.8245
2018-09-02,9.0,26.8,14.9,bhubaneswar,20.2961,85.8245
2018-09-03,4.9,27.6,16.3,bhubaneswar,20.2961,85.8245
2018-09-04,14.3,27.7,16.4,bhubaneswar,20.2961,85.8245
2018-09-05,45.7,25.7,19.6,bhubaneswar,20.2961,85.8245
2018-09-06,70.7,25.5,24.5,bhubaneswar,20.2961,85.8245
2018-09-07,3.6,27.6,19.2,bhubaneswar,20.2961,85.8245
2018-09-08,3.5,27.4,13.4,bhubaneswar,20.2961,85.8245
2018-09-09,2.5,27.9,14.7,bhubaneswar,20.2961,85.8245
2018-09-10,11.0,27.5,13.0,bhubaneswar,20.2961,85.8245
2018-09-11,14.1,27.7,11.9,bhubaneswar,20.2961,85.8245
2018-09-12,1.4,28.7,14.3,bhubaneswar,20.2961,85.8245
2018-09-13,1.0,29.0,12.6,bhubaneswar,20.2961,85.8245
2018-09-14,0.5,28.8,9.2,bhubaneswar,20.2961,85.8245
2018-09-15,14.4,27.6,8.7,bhubaneswar,20.2961,85.8245
2018-09-16,24.1,27.2,12.8,bhubaneswar,20.2961,85.8245
2018-09-17,11.6,27.6,12.1,bhubaneswar,20.2961,85.8245
2018-09-18,3.3,28.4,14.8,bhubaneswar,20.2961,85.8245
2018-09-19,20.1,28.6,18.7,bhubaneswar,20.2961,85.8245
2018-09-20,36.5,26.4,34.5,bhubaneswar,20.2961,85.8245
2018-09-21,12.9,26.4,28.0,bhubaneswar,20.2961,85.8245
2018-09-22,7.2,26.6,16.0,bhubaneswar,20.2961,85.8245
2018-09-23,2.7,27.5,13.0,bhubaneswar,20.2961,85.8245
2018-09-24,0.2,28.4,14.5,bhubaneswar,20.2961,85.8245
2018-09-25,10.1,28.1,12.5,bhubaneswar,20.2961,85.8245
2018-09-26,5.2,27.6,12.4,bhubaneswar,20.2961,85.8245
2018-09-27,3.0,28.0,9.4,bhubaneswar,20.2961,85.8245
2018-09-28,5.0,28.4,9.8,bhubaneswar,20.2961,85.8245
2018-09-29,1.6,28.6,6.0,bhubaneswar,20.2961,85.8245
2018-09-30,3.0,28.8,6.2,bhubaneswar,20.2961,85.8245
2018-10-01,1.1,28.4,13.0,bhubaneswar,20.2961,85.8245
2018-10-02,0.3,28.7,10.6,bhubaneswar,20.2961,85.8245
2018-10-03,0.0,28.6,10.8,bhubaneswar,20.2961,85.8245
2018-10-04,0.0,28.4,11.7,bhubaneswar,20.2961,85.8245
2018-10-05,0.0,28.2,9.1,bhubaneswar,20.2961,85.8245
2018-10-06,0.0,28.3,8.7,bhubaneswar,20.2961,85.8245
2018-10-07,0.0,27.8,10.5,bhubaneswar,20.2961,85.8245
2018-10-08,0.0,27.6,14.6,bhubaneswar,20.2961,85.8245
2018-10-09,0.0,27.5,18.4,bhubaneswar,20.2961,85.8245
2018-10-10,46.9,24.8,28.4,bhubaneswar,20.2961,85.8245
2018-10-11,43.6,25.5,25.5,bhubaneswar,20.2961,85.8245
2018-10-12,33.4,25.8,38.7,bhubaneswar,20.2961,85.8245
2018-10-13,0.2,26.5,14.9,bhubaneswar,20.2961,85.8245
2018-10-14,1.0,26.5,11.3,bhubaneswar,20.2961,85.8245
2018-10-15,0.5,26.6,10.5,bhubaneswar,20.2961,85.8245
2018-10-16,0.0,26.4,11.5,bhubaneswar,20.2961,85.8245
2018-10-17,0.0,26.4,11.1,bhubaneswar,20.2961,85.8245
2018-10-18,0.0,26.6,9.6,bhubaneswar,20.2961,85.8245
2018-10-19,0.0,27.4,7.4,bhubaneswar,20.2961,85.8245
2018-10-20,0.0,27.6,12.9,bhubaneswar,20.2961,85.8245
2018-10-21,0.0,27.1,11.0,bhubaneswar,20.2961,85.8245
2018-10-22,0.0,27.1,10.7,bhubaneswar,20.2961,85.8245
2018-10-23,0.3,26.8,11.6,bhubaneswar,20.2961,85.8245
2018-10-24,1.7,25.6,14.1,bhubaneswar,20.2961,85.8245
2018-10-25,0.0,25.6,10.1,bhubaneswar,20.2961,85.8245
2018-10-26,0.0,25.0,9.4,bhubaneswar,20.2961,85.8245
2018-10-27,0.0,24.5,9.8,bhubaneswar,20.2961,85.8245
2018-10-28,1.7,23.5,13.5,bhubaneswar,20.2961,85.8245
2018-10-29,8.7,23.8,23.8,bhubaneswar,20.2961,85.8245
2018-10-30,5.5,24.1,22.9,bhubaneswar,20.2961,85.8245
2018-10-31,0.8,24.8,20.9,bhubaneswar,20.2961,85.8245
2018-11-01,1.7,25.0,16.3,bhubaneswar,20.2961,85.8245
2018-11-02,1.1,25.2,8.7,bhubaneswar,20.2961,85.8245
2018-11-03,0.5,25.8,7.3,bhubaneswar,20.2961,85.8245
2018-11-04,0.1,26.2,8.8,bhubaneswar,20.2961,85.8245
2018-11-05,0.0,26.6,9.9,bhubaneswar,20.2961,85.8245
2018-11-06,0.0,26.8,11.9,bhubaneswar,20.2961,85.8245
2018-11-07,1.3,26.4,9.0,bhubaneswar,20.2961,85.8245
2018-11-08,1.0,24.9,8.7,bhubaneswar,20.2961,85.8245
2018-11-09,0.8,24.4,8.3,bhubaneswar,20.2961,85.8245
2018-11-10,0.1,24.8,8.7,bhubaneswar,20.2961,85.8245
2018-11-11,0.0,24.1,12.3,bhubaneswar,20.2961,85.8245
2018-11-12,0.0,23.5,14.9,bhubaneswar,20.2961,85.8245
2018-11-13,0.0,23.7,13.0,bhubaneswar,20.2961,85.8245
2018-11-14,0.0,23.9,10.7,bhubaneswar,20.2961,85.8245
2018-11-15,0.0,24.1,8.9,bhubaneswar,20.2961,85.8245
2018-11-16,0.0,25.1,10.8,bhubaneswar,20.2961,85.8245
2018-11-17,0.0,25.0,10.9,bhubaneswar,20.2961,85.8245
2018-11-18,0.0,25.1,13.0,bhubaneswar,20.2961,85.8245
2018-11-19,0.0,25.0,13.5,bhubaneswar,20.2961,85.8245
2018-11-20,0.0,24.8,10.4,bhubaneswar,20.2961,85.8245
2018-11-21,0.0,24.7,10.9,bhubaneswar,20.2961,85.8245
2018-11-22,0.0,24.6,8.7,bhubaneswar,20.2961,85.8245
2018-11-23,0.0,23.2,8.2,bhubaneswar,20.2961,85.8245
2018-11-24,0.0,22.3,13.1,bhubaneswar,20.2961,85.8245
2018-11-25,0.0,22.5,9.7,bhubaneswar,20.2961,85.8245
2018-11-26,0.0,22.1,10.0,bhubaneswar,20.2961,85.8245
2018-11-27,0.0,23.0,12.0,bhubaneswar,20.2961,85.8245
2018-11-28,0.0,23.1,8.9,bhubaneswar,20.2961,85.8245
2018-11-29,0.0,23.2,7.8,bhubaneswar,20.2961,85.8245
2018-11-30,0.0,22.9,9.6,bhubaneswar,20.2961,85.8245
2018-12-01,0.0,23.0,9.7,bhubaneswar,20.2961,85.8245
2018-12-02,0.0,22.6,11.9,bhubaneswar,20.2961,85.8245
2018-12-03,0.0,22.6,12.3,bhubaneswar,20.2961,85.8245
2018-12-04,0.0,22.4,9.4,bhubaneswar,20.2961,85.8245
2018-12-05,0.0,23.2,10.2,bhubaneswar,20.2961,85.8245
2018-12-06,0.0,22.7,9.2,bhubaneswar,20.2961,85.8245
2018-12-07,0.0,22.6,8.3,bhubaneswar,20.2961,85.8245
2018-12-08,0.0,21.7,10.8,bhubaneswar,20.2961,85.8245
2018-12-09,0.0,21.4,11.5,bhubaneswar,20.2961,85.8245
2018-12-10,0.0,21.6,9.9,bhubaneswar,20.2961,85.8245
2018-12-11,0.0,22.1,7.9,bhubaneswar,20.2961,85.8245
2018-12-12,0.0,23.1,11.4,bhubaneswar,20.2961,85.8245
2018-12-13,0.0,24.1,10.4,bhubaneswar,20.2961,85.8245
2018-12-14,0.0,23.6,16.4,bhubaneswar,20.2961,85.8245
2018-12-15,0.0,22.7,18.5,bhubaneswar,20.2961,85.8245
2018-12-16,3.6,19.2,22.2,bhubaneswar,20.2961,85.8245
2018-12-17,31.9,20.0,27.0,bhubaneswar,20.2961,85.8245
2018-12-18,5.5,18.1,26.8,bhubaneswar,20.2961,85.8245
2018-12-19,0.0,19.6,12.1,bhubaneswar,20.2961,85.8245
2018-12-20,0.0,19.2,11.6,bhubaneswar,20.2961,85.8245
2018-12-21,0.0,19.4,10.4,bhubaneswar,20.2961,85.8245
2018-12-22,0.0,18.6,12.1,bhubaneswar,20.2961,85.8245
2018-12-23,0.0,17.8,12.5,bhubaneswar,20.2961,85.8245
2018-12-24,0.0,18.5,11.1,bhubaneswar,20.2961,85.8245
2018-12-25,0.0,18.8,8.0,bhubaneswar,20.2961,85.8245
2018-12-26,0.0,19.0,10.7,bhubaneswar,20.2961,85.8245
2018-12-27,0.0,20.1,9.2,bhubaneswar,20.2961,85.8245
2018-12-28,0.0,18.0,13.0,bhubaneswar,20.2961,85.8245
2018-12-29,0.0,17.1,11.2,bhubaneswar,20.2961,85.8245
2018-12-30,0.0,17.1,12.2,bhubaneswar,20.2961,85.8245
2018-12-31,0.0,17.6,10.6,bhubaneswar,20.2961,85.8245
2019-01-01,0.0,18.1,10.9,bhubaneswar,20.2961,85.8245
2019-01-02,0.0,18.9,9.9,bhubaneswar,20.2961,85.8245
2019-01-03,0.0,19.5,10.2,bhubaneswar,20.2961,85.8245
2019-01-04,0.0,19.2,10.6,bhubaneswar,20.2961,85.8245
2019-01-05,0.0,18.7,10.2,bhubaneswar,20.2961,85.8245
2019-01-06,0.0,19.1,10.5,bhubaneswar,20.2961,85.8245
2019-01-07,0.0,19.8,10.5,bhubaneswar,20.2961,85.8245
2019-01-08,0.0,20.8,12.5,bhubaneswar,20.2961,85.8245
2019-01-09,0.0,20.6,9.4,bhubaneswar,20.2961,85.8245
2019-01-10,0.0,19.9,13.0,bhubaneswar,20.2961,85.8245
2019-01-11,0.0,20.4,14.2,bhubaneswar,20.2961,85.8245
2019-01-12,0.0,20.4,12.9,bhubaneswar,20.2961,85.8245
2019-01-13,0.0,20.6,11.5,bhubaneswar,20.2961,85.8245
2019-01-14,0.0,22.1,13.8,bhubaneswar,20.2961,85.8245
2019-01-15,0.0,20.6,15.9,bhubaneswar,20.2961,85.8245
2019-01-16,0.0,19.5,12.8,bhubaneswar,20.2961,85.8245
2019-01-17,0.0,20.1,16.6,bhubaneswar,20.2961,85.8245
2019-01-18,0.0,21.1,14.0,bhubaneswar,20.2961,85.8245
2019-01-19,0.0,20.3,9.2,bhubaneswar,20.2961,85.8245
2019-01-20,0.0,20.6,9.1,bhubaneswar,20.2961,85.8245
2019-01-21,0.0,21.4,12.0,bhubaneswar,20.2961,85.8245
2019-01-22,0.0,21.6,14.5,bhubaneswar,20.2961,85.8245
2019-01-23,0.0,21.2,11.2,bhubaneswar,20.2961,85.8245
2019-01-24,0.0,21.5,10.4,bhubaneswar,20.2961,85.8245
2019-01-25,0.2,21.5,15.1,bhubaneswar,20.2961,85.8245
2019-01-26,0.0,22.8,10.3,bhubaneswar,20.2961,85.8245
2019-01-27,0.0,20.8,15.1,bhubaneswar,20.2961,85.8245
2019-01-28,0.0,20.6,11.5,bhubaneswar,20.2961,85.8245
2019-01-29,0.0,20.5,14.8,bhubaneswar,20.2961,85.8245
2019-01-30,0.0,18.9,12.0,bhubaneswar,20.2961,85.8245
2019-01-31,0.0,19.4,13.8,bhubaneswar,20.2961,85.8245
2019-02-01,0.0,19.9,13.2,bhubaneswar,20.2961,85.8245
2019-02-02,0.0,21.1,12.7,bhubaneswar,20.2961,85.8245
2019-02-03,0.0,22.0,12.3,bhubaneswar,20.2961,85.8245
2019-02-04,0.0,22.6,14.1,bhubaneswar,20.2961,85.8245
2019-02-05,0.0,23.1,11.9,bhubaneswar,20.2961,85.8245
2019-02-06,0.0,24.1,11.7,bhubaneswar,20.2961,85.8245
2019-02-07,0.0,24.3,18.0,bhubaneswar,20.2961,85.8245
2019-02-08,0.0,24.3,18.7,bhubaneswar,20.2961,85.8245
2019-02-09,0.8,24.3,15.1,bhubaneswar,20.2961,85.8245
2019-02-10,0.0,21.8,16.1,bhubaneswar,20.2961,85.8245
2019-02-11,0.0,21.3,13.9,bhubaneswar,20.2961,85.8245
2019-02-12,0.0,21.9,13.4,bhubaneswar,20.2961,85.8245
2019-02-13,0.0,23.0,13.9,bhubaneswar,20.2961,85.8245
2019-02-14,0.0,24.3,18.6,bhubaneswar,20.2961,85.8245
2019-02-15,0.0,24.1,19.9,bhubaneswar,20.2961,85.8245
2019-02-16,0.1,23.7,17.9,bhubaneswar,20.2961,85.8245
2019-02-17,0.0,25.4,20.2,bhubaneswar,20.2961,85.8245
2019-02-18,0.0,24.7,15.9,bhubaneswar,20.2961,85.8245
2019-02-19,0.1,26.3,20.2,bhubaneswar,20.2961,85.8245
2019-02-20,0.0,27.2,20.2,bhubaneswar,20.2961,85.8245
2019-02-21,0.0,27.1,17.5,bhubaneswar,20.2961,85.8245
2019-02-22,0.0,28.7,15.1,bhubaneswar,20.2961,85.8245
2019-02-23,0.0,29.1,15.5,bhubaneswar,20.2961,85.8245
2019-02-24,0.0,28.1,18.6,bhubaneswar,20.2961,85.8245
2019-02-25,2.5,26.4,17.1,bhubaneswar,20.2961,85.8245
2019-02-26,0.7,26.5,23.5,bhubaneswar,20.2961,85.8245
2019-02-27,0.5,26.6,24.8,bhubaneswar,20.2961,85.8245
2019-02-28,4.6,23.9,15.9,bhubaneswar,20.2961,85.8245
2019-03-01,0.0,23.0,17.4,bhubaneswar,20.2961,85.8245
2019-03-02,0.0,23.6,19.1,bhubaneswar,20.2961,85.8245
2019-03-03,0.0,25.5,16.2,bhubaneswar,20.2961,85.8245
2019-03-04,0.1,27.4,23.8,bhubaneswar,20.2961,85.8245
2019-03-05,14.8,27.1,20.3,bhubaneswar,20.2961,85.8245
2019-03-06,1.6,26.0,13.8,bhubaneswar,20.2961,85.8245
2019-03-07,0.6,25.2,18.3,bhubaneswar,20.2961,85.8245
2019-03-08,0.2,25.2,19.7,bhubaneswar,20.2961,85.8245
2019-03-09,0.1,26.6,21.6,bhubaneswar,20.2961,85.8245
2019-03-10,0.0,27.6,23.1,bhubaneswar,20.2961,85.8245
2019-03-11,0.0,28.4,17.3,bhubaneswar,20.2961,85.8245
2019-03-12,0.0,28.7,17.7,bhubaneswar,20.2961,85.8245
2019-03-13,0.3,29.6,16.0,bhubaneswar,20.2961,85.8245
2019-03-14,0.3,29.2,16.1,bhubaneswar,20.2961,85.8245
2019-03-15,1.5,28.6,14.0,bhubaneswar,20.2961,85.8245
2019-03-16,0.2,27.6,14.8,bhubaneswar,20.2961,85.8245
2019-03-17,0.0,28.5,15.9,bhubaneswar,20.2961,85.8245
2019-03-18,0.0,26.4,15.1,bhubaneswar,20.2961,85.8245
2019-03-19,0.0,27.8,13.4,bhubaneswar,20.2961,85.8245
2019-03-20,0.9,28.6,16.3,bhubaneswar,20.2961,85.8245
2019-03-21,0.0,28.7,17.3,bhubaneswar,20.2961,85.8245
2019-03-22,0.7,29.1,21.7,bhubaneswar,20.2961,85.8245
2019-03-23,0.0,29.1,13.8,bhubaneswar,20.2961,85.8245
2019-03-24,0.0,29.5,16.0,bhubaneswar,20.2961,85.8245
2019-03-25,0.0,29.1,17.6,bhubaneswar,20.2961,85.8245
2019-03-26,0.0,29.1,17.5,bhubaneswar,20.2961,85.8245
2019-03-27,0.0,28.7,19.9,bhubaneswar,20.2961,85.8245
2019-03-28,0.0,29.5,19.9,bhubaneswar,20.2961,85.8245
2019-03-29,0.2,29.2,23.1,bhubaneswar,20.2961,85.8245
2019-03-30,0.0,30.1,20.7,bhubaneswar,20.2961,85.8245
2019-03-31,0.8,30.4,20.3,bhubaneswar,20.2961,85.8245
2019-04-01,2.3,29.8,26.5,bhubaneswar,20.2961,85.8245
2019-04-02,0.8,29.9,18.7,bhubaneswar,20.2961,85.8245
2019-04-03,0.2,29.6,20.5,bhubaneswar,20.2961,85.8245
2019-04-04,0.0,29.5,23.5,bhubaneswar,20.2961,85.8245
2019-04-05,0.9,30.1,16.3,bhubaneswar,20.2961,85.8245
2019-04-06,0.0,30.0,24.1,bhubaneswar,20.2961,85.8245
2019-04-07,0.0,29.0,21.5,bhubaneswar,20.2961,85.8245
2019-04-08,0.5,29.0,24.2,bhubaneswar,20.2961,85.8245
2019-04-09,6.0,29.2,20.3,bhubaneswar,20.2961,85.8245
2019-04-10,0.0,29.7,20.4,bhubaneswar,20.2961,85.8245
2019-04-11,0.0,30.1,19.3,bhubaneswar,20.2961,85.8245
2019-04-12,0.0,30.3,16.4,bhubaneswar,20.2961,85.8245
2019-04-13,0.3,30.5,18.2,bhubaneswar,20.2961,85.8245
2019-04-14,0.1,30.8,17.4,bhubaneswar,20.2961,85.8245
2019-04-15,0.7,31.2,16.1,bhubaneswar,20.2961,85.8245
2019-04-16,0.0,32.0,16.5,bhubaneswar,20.2961,85.8245
2019-04-17,0.0,30.2,22.2,bhubaneswar,20.2961,85.8245
2019-04-18,0.0,29.8,17.8,bhubaneswar,20.2961,85.8245
2019-04-19,0.0,29.2,17.0,bhubaneswar,20.2961,85.8245
2019-04-20,0.0,29.8,16.8,bhubaneswar,20.2961,85.8245
2019-04-21,0.7,29.8,12.7,bhubaneswar,20.2961,85.8245
2019-04-22,0.0,29.8,19.7,bhubaneswar,20.2961,85.8245
2019-04-23,0.4,30.1,22.3,bhubaneswar,20.2961,85.8245
2019-04-24,0.0,30.4,20.2,bhubaneswar,20.2961,85.8245
2019-04-25,0.0,30.5,21.6,bhubaneswar,20.2961,85.8245
2019-04-26,0.0,30.9,21.5,bhubaneswar,20.2961,85.8245
2019-04-27,0.0,31.4,24.3,bhubaneswar,20.2961,85.8245
2019-04-28,0.0,31.1,22.9,bhubaneswar,20.2961,85.8245
2019-04-29,0.0,30.4,24.5,bhubaneswar,20.2961,85.8245
2019-04-30,0.0,29.8,24.2,bhubaneswar,20.2961,85.8245
2019-05-01,0.1,30.4,20.5,bhubaneswar,20.2961,85.8245
2019-05-02,70.5,28.6,31.0,bhubaneswar,20.2961,85.8245
2019-05-03,113.8,26.2,75.9,bhubaneswar,20.2961,85.8245
2019-05-04,0.0,29.3,17.9,bhubaneswar,20.2961,85.8245
2019-05-05,0.0,29.8,18.4,bhubaneswar,20.2961,85.8245
2019-05-06,0.3,29.9,20.3,bhubaneswar,20.2961,85.8245
2019-05-07,0.0,29.7,20.1,bhubaneswar,20.2961,85.8245
2019-05-08,0.0,29.9,21.2,bhubaneswar,20.2961,85.8245
2019-05-09,0.0,30.4,18.7,bhubaneswar,20.2961,85.8245
2019-05-10,0.0,30.3,21.5,bhubaneswar,20.2961,85.8245
2019-05-11,0.0,30.5,22.7,bhubaneswar,20.2961,85.8245
2019-05-12,0.0,30.5,19.2,bhubaneswar,20.2961,85.8245
2019-05-13,0.0,30.6,22.2,bhubaneswar,20.2961,85.8245
2019-05-14,0.0,30.3,19.6,bhubaneswar,20.2961,85.8245
2019-05-15,0.0,30.4,23.8,bhubaneswar,20.2961,85.8245
2019-05-16,0.0,30.5,19.5,bhubaneswar,20.2961,85.8245
2019-05-17,0.0,30.9,22.7,bhubaneswar,20.2961,85.8245
2019-05-18,0.0,31.8,18.9,bhubaneswar,20.2961,85.8245
2019-05-19,0.0,31.2,16.9,bhubaneswar,20.2961,85.8245
2019-05-20,0.0,30.9,22.5,bhubaneswar,20.2961,85.8245
2019-05-21,0.0,30.9,21.0,bhubaneswar,20.2961,85.8245
2019-05-22,0.0,31.3,21.1,bhubaneswar,20.2961,85.8245
2019-05-23,0.0,30.7,26.8,bhubaneswar,20.2961,85.8245
2019-05-24,0.0,31.1,27.2,bhubaneswar,20.2961,85.8245
2019-05-25,0.0,31.7,25.1,bhubaneswar,20.2961,85.8245
2019-05-26,0.1,32.1,19.6,bhubaneswar,20.2961,85.8245
2019-05-27,0.0,31.6,20.9,bhubaneswar,20.2961,85.8245
2019-05-28,0.0,31.6,21.9,bhubaneswar,20.2961,85.8245
2019-05-29,0.0,31.5,25.5,bhubaneswar,20.2961,85.8245
2019-05-30,0.0,31.3,26.9,bhubaneswar,20.2961,85.8245
2019-05-31,0.0,31.1,29.5,bhubaneswar,20.2961,85.8245
2019-06-01,0.0,31.2,22.4,bhubaneswar,20.2961,85.8245
2019-06-02,0.0,31.3,25.8,bhubaneswar,20.2961,85.8245
2019-06-03,0.4,30.8,24.6,bhubaneswar,20.2961,85.8245
2019-06-04,0.0,31.1,24.3,bhubaneswar,20.2961,85.8245
2019-06-05,0.9,31.5,30.2,bhubaneswar,20.2961,85.8245
2019-06-06,11.3,30.5,31.3,bhubaneswar,20.2961,85.8245
2019-06-07,4.2,29.4,13.3,bhubaneswar,20.2961,85.8245
2019-06-08,0.3,30.8,18.1,bhubaneswar,20.2961,85.8245
2019-06-09,0.3,31.6,19.1,bhubaneswar,20.2961,85.8245
2019-06-10,0.0,32.4,18.7,bhubaneswar,20.2961,85.8245
2019-06-11,0.0,32.7,21.9,bhubaneswar,20.2961,85.8245
2019-06-12,0.0,33.5,17.9,bhubaneswar,20.2961,85.8245
2019-06-13,2.0,31.0,21.0,bhubaneswar,20.2961,85.8245
2019-06-14,0.0,33.6,19.9,bhubaneswar,20.2961,85.8245
2019-06-15,0.6,33.2,17.3,bhubaneswar,20.2961,85.8245
2019-06-16,0.0,31.3,22.2,bhubaneswar,20.2961,85.8245
2019-06-17,2.9,31.7,17.4,bhubaneswar,20.2961,85.8245
2019-06-18,1.5,32.5,21.7,bhubaneswar,20.2961,85.8245
2019-06-19,0.1,32.2,15.0,bhubaneswar,20.2961,85.8245
2019-06-20,30.6,28.9,14.5,bhubaneswar,20.2961,85.8245
2019-06-21,7.4,27.5,16.5,bhubaneswar,20.2961,85.8245
2019-06-22,6.5,28.1,25.1,bhubaneswar,20.2961,85.8245
2019-06-23,1.8,28.7,21.3,bhubaneswar,20.2961,85.8245
2019-06-24,0.6,29.6,18.8,bhubaneswar,20.2961,85.8245
2019-06-25,0.0,29.9,20.5,bhubaneswar,20.2961,85.8245
2019-06-26,0.0,30.1,20.7,bhubaneswar,20.2961,85.8245
2019-06-27,1.8,30.8,20.1,bhubaneswar,20.2961,85.8245
2019-06-28,3.5,30.7,15.5,bhubaneswar,20.2961,85.8245
2019-06-29,20.2,30.0,13.6,bhubaneswar,20.2961,85.8245
2019-06-30,12.5,27.8,12.0,bhubaneswar,20.2961,85.8245
2019-07-01,86.0,26.5,20.9,bhubaneswar,20.2961,85.8245
2019-07-02,8.9,27.5,23.0,bhubaneswar,20.2961,85.8245
2019-07-03,7.7,28.8,19.6,bhubaneswar,20.2961,85.8245
2019-07-04,9.6,28.5,18.6,bhubaneswar,20.2961,85.8245
2019-07-05,36.5,27.2,18.6,bhubaneswar,20.2961,85.8245
2019-07-06,27.4,26.8,23.5,bhubaneswar,20.2961,85.8245
2019-07-07,1.7,28.8,21.9,bhubaneswar,20.2961,85.8245
2019-07-08,2.5,29.2,26.3,bhubaneswar,20.2961,85.8245
2019-07-09,2.1,29.2,25.1,bhubaneswar,20.2961,85.8245
2019-07-10,5.5,28.9,22.4,bhubaneswar,20.2961,85.8245
2019-07-11,2.9,29.0,26.0,bhubaneswar,20.2961,85.8245
2019-07-12,3.0,28.9,19.6,bhubaneswar,20.2961,85.8245
2019-07-13,3.8,29.1,18.8,bhubaneswar,20.2961,85.8245
2019-07-14,3.6,29.6,15.9,bhubaneswar,20.2961,85.8245
2019-07-15,7.6,29.8,15.1,bhubaneswar,20.2961,85.8245
2019-07-16,2.5,29.8,11.8,bhubaneswar,20.2961,85.8245
2019-07-17,17.1,29.2,13.7,bhubaneswar,20.2961,85.8245
2019-07-18,7.4,29.1,13.1,bhubaneswar,20.2961,85.8245
2019-07-19,6.1,28.4,21.7,bhubaneswar,20.2961,85.8245
2019-07-20,2.0,28.6,22.0,bhubaneswar,20.2961,85.8245
2019-07-21,0.8,29.1,19.4,bhubaneswar,20.2961,85.8245
2019-07-22,0.9,29.2,18.2,bhubaneswar,20.2961,85.8245
2019-07-23,0.1,29.3,19.7,bhubaneswar,20.2961,85.8245
2019-07-24,1.7,29.9,17.7,bhubaneswar,20.2961,85.8245
2019-07-25,23.6,27.8,15.8,bhubaneswar,20.2961,85.8245
2019-07-26,18.8,27.1,14.1,bhubaneswar,20.2961,85.8245
2019-07-27,21.8,26.4,15.6,bhubaneswar,20.2961,85.8245
2019-07-28,30.0,26.7,15.6,bhubaneswar,20.2961,85.8245
2019-07-29,2.6,27.8,31.3,bhubaneswar,20.2961,85.8245
2019-07-30,0.4,28.7,29.6,bhubaneswar,20.2961,85.8245
2019-07-31,3.2,28.5,17.5,bhubaneswar,20.2961,85.8245
2019-08-01,5.4,27.4,21.7,bhubaneswar,20.2961,85.8245
2019-08-02,4.1,27.7,15.7,bhubaneswar,20.2961,85.8245
2019-08-03,0.8,27.2,21.4,bhubaneswar,20.2961,85.8245
2019-08-04,6.1,28.0,19.4,bhubaneswar,20.2961,85.8245
2019-08-05,14.2,27.9,16.5,bhubaneswar,20.2961,85.8245
2019-08-06,52.4,27.4,20.1,bhubaneswar,20.2961,85.8245
2019-08-07,12.6,27.0,25.3,bhubaneswar,20.2961,85.8245
2019-08-08,1.8,28.0,30.1,bhubaneswar,20.2961,85.8245
2019-08-09,0.2,28.9,16.9,bhubaneswar,20.2961,85.8245
2019-08-10,8.2,29.2,12.6,bhubaneswar,20.2961,85.8245
2019-08-11,24.9,28.8,17.2,bhubaneswar,20.2961,85.8245
2019-08-12,59.8,27.1,19.7,bhubaneswar,20.2961,85.8245
2019-08-13,16.9,27.1,22.6,bhubaneswar,20.2961,85.8245
2019-08-14,1.9,28.8,25.2,bhubaneswar,20.2961,85.8245
2019-08-15,3.5,29.0,20.4,bhubaneswar,20.2961,85.8245
2019-08-16,5.4,28.8,15.9,bhubaneswar,20.2961,85.8245
2019-08-17,17.6,28.4,13.3,bhubaneswar,20.2961,85.8245
2019-08-18,14.2,27.0,13.2,bhubaneswar,20.2961,85.8245
2019-08-19,10.0,28.9,14.7,bhubaneswar,20.2961,85.8245
2019-08-20,15.0,28.6,15.3,bhubaneswar,20.2961,85.8245
2019-08-21,20.9,28.1,9.3,bhubaneswar,20.2961,85.8245
2019-08-22,9.8,28.2,10.9,bhubaneswar,20.2961,85.8245
2019-08-23,30.9,27.1,12.6,bhubaneswar,20.2961,85.8245
2019-08-24,22.4,26.8,8.8,bhubaneswar,20.2961,85.8245
2019-08-25,13.7,26.8,10.6,bhubaneswar,20.2961,85.8245
2019-08-26,41.8,27.0,18.1,bhubaneswar,20.2961,85.8245
2019-08-27,2.7,27.8,15.0,bhubaneswar,20.2961,85.8245
2019-08-28,7.6,27.2,11.5,bhubaneswar,20.2961,85.8245
2019-08-29,10.9,27.6,12.3,bhubaneswar,20.2961,85.8245
2019-08-30,8.6,27.8,12.7,bhubaneswar,20.2961,85.8245
2019-08-31,5.2,27.6,13.9,bhubaneswar,20.2961,85.8245
2019-09-01,10.7,27.7,12.7,bhubaneswar,20.2961,85.8245
2019-09-02,31.1,27.5,13.8,bhubaneswar,20.2961,85.8245
2019-09-03,32.7,27.0,14.4,bhubaneswar,20.2961,85.8245
2019-09-04,13.6,27.2,12.6,bhubaneswar,20.2961,85.8245
2019-09-05,21.3,27.0,15.0,bhubaneswar,20.2961,85.8245
2019-09-06,22.2,26.9,14.8,bhubaneswar,20.2961,85.8245
2019-09-07,5.9,27.4,24.2,bhubaneswar,20.2961,85.8245
2019-09-08,7.8,28.4,21.1,bhubaneswar,20.2961,85.8245
2019-09-09,1.8,28.9,17.2,bhubaneswar,20.2961,85.8245
2019-09-10,11.5,28.3,20.7,bhubaneswar,20.2961,85.8245
2019-09-11,7.7,27.4,21.0,bhubaneswar,20.2961,85.8245
2019-09-12,1.7,27.5,32.7,bhubaneswar,20.2961,85.8245
2019-09-13,1.3,28.0,22.3,bhubaneswar,20.2961,85.8245
2019-09-14,1.7,28.5,16.0,bhubaneswar,20.2961,85.8245
2019-09-15,8.4,28.0,11.6,bhubaneswar,20.2961,85.8245
2019-09-16,5.7,28.2,15.0,bhubaneswar,20.2961,85.8245
2019-09-17,2.8,27.9,17.0,bhubaneswar,20.2961,85.8245
2019-09-18,6.0,27.5,16.0,bhubaneswar,20.2961,85.8245
2019-09-19,5.7,27.1,14.7,bhubaneswar,20.2961,85.8245
2019-09-20,5.1,27.2,15.9,bhubaneswar,20.2961,85.8245
2019-09-21,2.4,27.6,11.2,bhubaneswar,20.2961,85.8245
2019-09-22,19.4,27.0,9.8,bhubaneswar,20.2961,85.8245
2019-09-23,13.5,26.4,15.3,bhubaneswar,20.2961,85.8245
2019-09-24,29.2,25.7,16.2,bhubaneswar,20.2961,85.8245
2019-09-25,17.6,25.4,19.4,bhubaneswar,20.2961,85.8245
2019-09-26,7.6,25.7,13.1,bhubaneswar,20.2961,85.8245
2019-09-27,16.2,26.1,12.7,bhubaneswar,20.2961,85.8245
2019-09-28,12.5,25.9,13.8,bhubaneswar,20.2961,85.8245
2019-09-29,1.8,26.5,13.6,bhubaneswar,20.2961,85.8245
2019-09-30,2.5,27.1,14.8,bhubaneswar,20.2961,85.8245
2019-10-01,16.1,27.1,13.4,bhubaneswar,20.2961,85.8245
2019-10-02,3.9,27.4,10.7,bhubaneswar,20.2961,85.8245
2019-10-03,8.4,27.4,12.1,bhubaneswar,20.2961,85.8245
2019-10-04,0.6,27.8,11.6,bhubaneswar,20.2961,85.8245
2019-10-05,7.0,28.0,12.0,bhubaneswar,20.2961,85.8245
2019-10-06,10.8,27.2,7.3,bhubaneswar,20.2961,85.8245
2019-10-07,12.0,26.7,13.5,bhubaneswar,20.2961,85.8245
2019-10-08,10.3,25.7,15.0,bhubaneswar,20.2961,85.8245
2019-10-09,7.1,26.0,9.1,bhubaneswar,20.2961,85.8245
2019-10-10,10.4,26.2,11.8,bhubaneswar,20.2961,85.8245
2019-10-11,11.0,26.0,10.2,bhubaneswar,20.2961,85.8245
2019-10-12,7.8,26.2,10.5,bhubaneswar,20.2961,85.8245
2019-10-13,1.8,27.1,9.7,bhubaneswar,20.2961,85.8245
2019-10-14,5.1,26.3,16.0,bhubaneswar,20.2961,85.8245
2019-10-15,0.5,26.6,9.9,bhubaneswar,20.2961,85.8245
2019-10-16,11.4,25.7,11.1,bhubaneswar,20.2961,85.8245
2019-10-17,3.2,25.9,11.5,bhubaneswar,20.2961,85.8245
2019-10-18,0.9,26.6,14.1,bhubaneswar,20.2961,85.8245
2019-10-19,0.3,26.9,7.8,bhubaneswar,20.2961,85.8245
2019-10-20,0.6,27.0,8.7,bhubaneswar,20.2961,85.8245
2019-10-21,0.0,27.3,11.7,bhubaneswar,20.2961,85.8245
2019-10-22,1.5,27.5,11.9,bhubaneswar,20.2961,85.8245
2019-10-23,28.3,25.2,13.1,bhubaneswar,20.2961,85.8245
2019-10-24,46.8,25.0,30.1,bhubaneswar,20.2961,85.8245
2019-10-25,24.3,25.4,19.4,bhubaneswar,20.2961,85.8245
2019-10-26,11.4,25.0,11.1,bhubaneswar,20.2961,85.8245
2019-10-27,3.9,26.1,10.5,bhubaneswar,20.2961,85.8245
2019-10-28,0.9,26.1,11.0,bhubaneswar,20.2961,85.8245
2019-10-29,0.0,26.1,10.1,bhubaneswar,20.2961,85.8245
2019-10-30,0.0,26.7,8.5,bhubaneswar,20.2961,85.8245
2019-10-31,1.2,26.2,9.4,bhubaneswar,20.2961,85.8245
2019-11-01,0.0,26.9,9.6,bhubaneswar,20.2961,85.8245
2019-11-02,0.0,26.2,8.3,bhubaneswar,20.2961,85.8245
2019-11-03,0.0,26.6,9.2,bhubaneswar,20.2961,85.8245
2019-11-04,0.0,26.5,13.7,bhubaneswar,20.2961,85.8245
2019-11-05,0.0,26.2,9.7,bhubaneswar,20.2961,85.8245
2019-11-06,0.0,25.4,12.7,bhubaneswar,20.2961,85.8245
2019-11-07,0.0,25.2,20.1,bhubaneswar,20.2961,85.8245
2019-11-08,8.9,24.0,31.5,bhubaneswar,20.2961,85.8245
2019-11-09,0.8,24.9,33.9,bhubaneswar,20.2961,85.8245
2019-11-10,0.0,25.7,19.1,bhubaneswar,20.2961,85.8245
2019-11-11,0.0,25.5,10.0,bhubaneswar,20.2961,85.8245
2019-11-12,0.0,24.5,9.4,bhubaneswar,20.2961,85.8245
2019-11-13,0.0,23.5,9.5,bhubaneswar,20.2961,85.8245
2019-11-14,0.0,23.4,10.7,bhubaneswar,20.2961,85.8245
2019-11-15,0.0,24.1,8.4,bhubaneswar,20.2961,85.8245
2019-11-16,0.0,24.7,9.1,bhubaneswar,20.2961,85.8245
2019-11-17,0.0,24.7,7.9,bhubaneswar,20.2961,85.8245
2019-11-18,0.0,24.4,8.6,bhubaneswar,20.2961,85.8245
2019-11-19,0.0,23.5,7.8,bhubaneswar,20.2961,85.8245
2019-11-20,0.0,23.1,8.4,bhubaneswar,20.2961,85.8245
2019-11-21,0.0,23.3,9.5,bhubaneswar,20.2961,85.8245
2019-11-22,0.0,23.0,11.9,bhubaneswar,20.2961,85.8245
2019-11-23,0.0,23.4,9.5,bhubaneswar,20.2961,85.8245
2019-11-24,0.0,23.4,9.5,bhubaneswar,20.2961,85.8245
2019-11-25,0.0,23.5,8.2,bhubaneswar,20.2961,85.8245
2019-11-26,0.0,23.3,11.4,bhubaneswar,20.2961,85.8245
2019-11-27,0.0,23.1,10.9,bhubaneswar,20.2961,85.8245
2019-11-28,0.0,23.2,9.5,bhubaneswar,20.2961,85.8245
2019-11-29,0.0,23.8,10.5,bhubaneswar,20.2961,85.8245
2019-11-30,0.0,23.7,9.3,bhubaneswar,20.2961,85.8245
2019-12-01,0.0,23.6,8.2,bhubaneswar,20.2961,85.8245
2019-12-02,0.0,23.4,7.2,bhubaneswar,20.2961,85.8245
2019-12-03,0.0,22.6,10.8,bhubaneswar,20.2961,85.8245
2019-12-04,0.0,22.6,12.8,bhubaneswar,20.2961,85.8245
2019-12-05,0.0,20.8,13.7,bhubaneswar,20.2961,85.8245
2019-12-06,0.0,21.2,10.1,bhubaneswar,20.2961,85.8245
2019-12-07,0.4,22.6,9.5,bhubaneswar,20.2961,85.8245
2019-12-08,0.3,22.8,10.5,bhubaneswar,20.2961,85.8245
2019-12-09,0.0,22.9,10.2,bhubaneswar,20.2961,85.8245
2019-12-10,0.3,22.4,13.4,bhubaneswar,20.2961,85.8245
2019-12-11,0.1,22.6,15.6,bhubaneswar,20.2961,85.8245
2019-12-12,0.0,22.6,10.0,bhubaneswar,20.2961,85.8245
2019-12-13,1.8,22.6,11.2,bhubaneswar,20.2961,85.8245
2019-12-14,0.2,23.1,11.4,bhubaneswar,20.2961,85.8245
2019-12-15,0.0,22.9,10.4,bhubaneswar,20.2961,85.8245
2019-12-16,0.0,22.4,8.2,bhubaneswar,20.2961,85.8245
2019-12-17,0.0,22.8,10.1,bhubaneswar,20.2961,85.8245
2019-12-18,0.0,21.5,13.0,bhubaneswar,20.2961,85.8245
2019-12-19,0.0,19.6,13.5,bhubaneswar,20.2961,85.8245
2019-12-20,0.0,19.9,9.7,bhubaneswar,20.2961,85.8245
2019-12-21,0.0,20.5,8.8,bhubaneswar,20.2961,85.8245
2019-12-22,0.0,20.5,8.0,bhubaneswar,20.2961,85.8245
2019-12-23,0.0,21.0,10.2,bhubaneswar,20.2961,85.8245
2019-12-24,0.0,20.3,10.2,bhubaneswar,20.2961,85.8245
2019-12-25,0.0,21.4,11.8,bhubaneswar,20.2961,85.8245
2019-12-26,6.9,21.4,6.3,bhubaneswar,20.2961,85.8245
2019-12-27,2.0,19.3,15.4,bhubaneswar,20.2961,85.8245
2019-12-28,0.0,16.9,16.1,bhubaneswar,20.2961,85.8245
2019-12-29,0.0,16.9,11.3,bhubaneswar,20.2961,85.8245
2019-12-30,0.0,16.6,13.6,bhubaneswar,20.2961,85.8245
2019-12-31,0.0,18.0,12.3,bhubaneswar,20.2961,85.8245
2020-01-01,0.4,20.5,13.0,bhubaneswar,20.2961,85.8245
2020-01-02,0.0,21.1,15.1,bhubaneswar,20.2961,85.8245
2020-01-03,21.2,19.9,15.7,bhubaneswar,20.2961,85.8245
2020-01-04,9.3,18.8,11.0,bhubaneswar,20.2961,85.8245
2020-01-05,0.2,19.6,12.8,bhubaneswar,20.2961,85.8245
2020-01-06,0.0,18.3,12.0,bhubaneswar,20.2961,85.8245
2020-01-07,0.0,18.2,10.9,bhubaneswar,20.2961,85.8245
2020-01-08,0.0,20.0,10.5,bhubaneswar,20.2961,85.8245
2020-01-09,1.4,21.9,10.5,bhubaneswar,20.2961,85.8245
2020-01-10,0.4,19.7,14.3,bhubaneswar,20.2961,85.8245
2020-01-11,0.0,17.8,14.6,bhubaneswar,20.2961,85.8245
2020-01-12,0.0,17.8,11.0,bhubaneswar,20.2961,85.8245
2020-01-13,0.0,18.2,10.5,bhubaneswar,20.2961,85.8245
2020-01-14,0.0,19.6,9.7,bhubaneswar,20.2961,85.8245
2020-01-15,0.0,20.6,9.9,bhubaneswar,20.2961,85.8245
2020-01-16,0.0,20.9,14.1,bhubaneswar,20.2961,85.8245
2020-01-17,0.0,21.1,11.2,bhubaneswar,20.2961,85.8245
2020-01-18,0.0,21.5,9.1,bhubaneswar,20.2961,85.8245
2020-01-19,0.0,22.2,10.0,bhubaneswar,20.2961,85.8245
2020-01-20,0.0,21.4,14.5,bhubaneswar,20.2961,85.8245
2020-01-21,0.3,21.2,14.1,bhubaneswar,20.2961,85.8245
2020-01-22,0.0,22.0,10.3,bhubaneswar,20.2961,85.8245
2020-01-23,0.0,23.5,14.1,bhubaneswar,20.2961,85.8245
2020-01-24,0.0,22.1,16.6,bhubaneswar,20.2961,85.8245
2020-01-25,0.0,21.1,13.5,bhubaneswar,20.2961,85.8245
2020-01-26,0.0,21.7,9.7,bhubaneswar,20.2961,85.8245
2020-01-27,0.0,21.1,14.1,bhubaneswar,20.2961,85.8245
2020-01-28,0.4,23.5,23.1,bhubaneswar,20.2961,85.8245
2020-01-29,4.8,25.3,20.6,bhubaneswar,20.2961,85.8245
2020-01-30,2.2,23.9,12.3,bhubaneswar,20.2961,85.8245
2020-01-31,0.0,21.7,15.1,bhubaneswar,20.2961,85.8245
2020-02-01,0.6,22.1,16.1,bhubaneswar,20.2961,85.8245
2020-02-02,1.4,21.5,13.2,bhubaneswar,20.2961,85.8245
2020-02-03,0.0,21.1,17.1,bhubaneswar,20.2961,85.8245
2020-02-04,4.4,22.2,13.8,bhubaneswar,20.2961,85.8245
2020-02-05,8.9,20.0,14.8,bhubaneswar,20.2961,85.8245
2020-02-06,1.9,22.7,15.0,bhubaneswar,20.2961,85.8245
2020-02-07,15.4,19.5,16.8,bhubaneswar,20.2961,85.8245
2020-02-08,0.6,18.2,17.6,bhubaneswar,20.2961,85.8245
2020-02-09,0.0,18.8,10.9,bhubaneswar,20.2961,85.8245
2020-02-10,0.0,19.7,10.5,bhubaneswar,20.2961,85.8245
2020-02-11,0.0,19.5,10.4,bhubaneswar,20.2961,85.8245
2020-02-12,0.0,20.2,11.3,bhubaneswar,20.2961,85.8245
2020-02-13,0.0,21.3,12.0,bhubaneswar,20.2961,85.8245
2020-02-14,0.0,23.1,15.4,bhubaneswar,20.2961,85.8245
2020-02-15,0.0,23.5,10.2,bhubaneswar,20.2961,85.8245
2020-02-16,0.0,23.6,14.1,bhubaneswar,20.2961,85.8245
2020-02-17,0.0,24.0,14.1,bhubaneswar,20.2961,85.8245
2020-02-18,0.0,23.5,13.4,bhubaneswar,20.2961,85.8245
2020-02-19,0.1,23.6,19.5,bhubaneswar,20.2961,85.8245
2020-02-20,0.0,24.0,19.7,bhubaneswar,20.2961,85.8245
2020-02-21,0.0,23.3,16.4,bhubaneswar,20.2961,85.8245
2020-02-22,0.0,23.2,13.3,bhubaneswar,20.2961,85.8245
2020-02-23,0.0,23.9,18.5,bhubaneswar,20.2961,85.8245
2020-02-24,0.0,23.1,12.1,bhubaneswar,20.2961,85.8245
2020-02-25,30.4,20.7,15.9,bhubaneswar,20.2961,85.8245
2020-02-26,0.7,21.7,8.8,bhubaneswar,20.2961,85.8245
2020-02-27,0.0,21.6,8.7,bhubaneswar,20.2961,85.8245
2020-02-28,0.1,22.0,11.0,bhubaneswar,20.2961,85.8245
2020-02-29,0.0,22.7,10.1,bhubaneswar,20.2961,85.8245
2020-03-01,0.0,23.9,13.2,bhubaneswar,20.2961,85.8245
2020-03-02,0.0,24.5,14.4,bhubaneswar,20.2961,85.8245
2020-03-03,0.0,25.1,15.6,bhubaneswar,20.2961,85.8245
2020-03-04,0.4,25.0,18.0,bhubaneswar,20.2961,85.8245
2020-03-05,1.0,25.1,18.0,bhubaneswar,20.2961,85.8245
2020-03-06,6.9,23.7,14.2,bhubaneswar,20.2961,85.8245
2020-03-07,3.0,25.8,16.0,bhubaneswar,20.2961,85.8245
2020-03-08,1.8,25.5,14.3,bhubaneswar,20.2961,85.8245
2020-03-09,0.0,25.7,13.4,bhubaneswar,20.2961,85.8245
2020-03-10,0.8,26.4,13.6,bhubaneswar,20.2961,85.8245
2020-03-11,0.0,27.1,18.6,bhubaneswar,20.2961,85.8245
2020-03-12,0.7,27.6,17.9,bhubaneswar,20.2961,85.8245
2020-03-13,0.0,27.1,15.5,bhubaneswar,20.2961,85.8245
2020-03-14,0.0,27.1,15.5,bhubaneswar,20.2961,85.8245
2020-03-15,0.0,26.4,12.9,bhubaneswar,20.2961,85.8245
2020-03-16,0.0,27.9,14.2,bhubaneswar,20.2961,85.8245
2020-03-17,0.1,28.0,16.6,bhubaneswar,20.2961,85.8245
2020-03-18,0.0,28.4,14.7,bhubaneswar,20.2961,85.8245
2020-03-19,6.0,26.3,23.7,bhubaneswar,20.2961,85.8245
2020-03-20,0.0,26.5,14.9,bhubaneswar,20.2961,85.8245
2020-03-21,3.9,26.4,15.2,bhubaneswar,20.2961,85.8245
2020-03-22,2.9,25.2,13.6,bhubaneswar,20.2961,85.8245
2020-03-23,2.2,26.4,16.1,bhubaneswar,20.2961,85.8245
2020-03-24,0.4,27.3,13.7,bhubaneswar,20.2961,85.8245
2020-03-25,0.1,27.8,20.5,bhubaneswar,20.2961,85.8245
2020-03-26,0.0,29.0,11.5,bhubaneswar,20.2961,85.8245
2020-03-27,0.0,29.1,17.7,bhubaneswar,20.2961,85.8245
2020-03-28,0.0,30.5,14.1,bhubaneswar,20.2961,85.8245
2020-03-29,0.5,30.9,14.1,bhubaneswar,20.2961,85.8245
2020-03-30,0.3,29.9,13.9,bhubaneswar,20.2961,85.8245
2020-03-31,0.0,29.5,16.2,bhubaneswar,20.2961,85.8245
2020-04-01,0.1,30.6,17.1,bhubaneswar,20.2961,85.8245
2020-04-02,0.0,30.5,23.2,bhubaneswar,20.2961,85.8245
2020-04-03,0.0,30.6,18.6,bhubaneswar,20.2961,85.8245
2020-04-04,0.2,30.1,15.1,bhubaneswar,20.2961,85.8245
2020-04-05,0.8,29.3,12.4,bhubaneswar,20.2961,85.8245
2020-04-06,0.0,30.1,17.4,bhubaneswar,20.2961,85.8245
2020-04-07,0.0,30.0,19.4,bhubaneswar,20.2961,85.8245
2020-04-08,0.5,29.5,12.3,bhubaneswar,20.2961,85.8245
2020-04-09,0.2,29.0,17.5,bhubaneswar,20.2961,85.8245
2020-04-10,0.6,29.5,17.3,bhubaneswar,20.2961,85.8245
2020-04-11,0.0,29.7,16.7,bhubaneswar,20.2961,85.8245
2020-04-12,0.7,30.0,18.3,bhubaneswar,20.2961,85.8245
2020-04-13,0.0,30.6,18.7,bhubaneswar,20.2961,85.8245
2020-04-14,0.3,30.4,18.7,bhubaneswar,20.2961,85.8245
2020-04-15,0.2,30.7,20.3,bhubaneswar,20.2961,85.8245
2020-04-16,1.6,30.2,19.2,bhubaneswar,20.2961,85.8245
2020-04-17,0.0,30.2,26.8,bhubaneswar,20.2961,85.8245
2020-04-18,1.9,29.6,24.2,bhubaneswar,20.2961,85.8245
2020-04-19,0.0,29.8,16.6,bhubaneswar,20.2961,85.8245
2020-04-20,0.0,29.8,18.2,bhubaneswar,20.2961,85.8245
2020-04-21,1.2,29.4,17.3,bhubaneswar,20.2961,85.8245
2020-04-22,1.0,28.8,20.4,bhubaneswar,20.2961,85.8245
2020-04-23,13.2,29.4,17.2,bhubaneswar,20.2961,85.8245
2020-04-24,13.8,29.3,29.3,bhubaneswar,20.2961,85.8245
2020-04-25,17.4,27.6,22.9,bhubaneswar,20.2961,85.8245
2020-04-26,14.7,26.8,18.4,bhubaneswar,20.2961,85.8245
2020-04-27,12.5,26.5,13.0,bhubaneswar,20.2961,85.8245
2020-04-28,8.5,27.3,14.8,bhubaneswar,20.2961,85.8245
2020-04-29,8.8,28.0,15.9,bhubaneswar,20.2961,85.8245
2020-04-30,0.3,28.6,17.7,bhubaneswar,20.2961,85.8245
2020-05-01,6.7,28.9,18.4,bhubaneswar,20.2961,85.8245
2020-05-02,0.0,29.2,18.4,bhubaneswar,20.2961,85.8245
2020-05-03,0.0,30.0,17.3,bhubaneswar,20.2961,85.8245
2020-05-04,0.0,29.6,22.4,bhubaneswar,20.2961,85.8245
2020-05-05,0.0,29.7,21.9,bhubaneswar,20.2961,85.8245
2020-05-06,0.1,29.5,15.7,bhubaneswar,20.2961,85.8245
2020-05-07,0.1,29.8,13.0,bhubaneswar,20.2961,85.8245
2020-05-08,0.0,30.1,15.7,bhubaneswar,20.2961,85.8245
2020-05-09,0.0,30.1,17.4,bhubaneswar,20.2961,85.8245
2020-05-10,0.0,30.0,16.2,bhubaneswar,20.2961,85.8245
2020-05-11,0.1,29.5,12.7,bhubaneswar,20.2961,85.8245
2020-05-12,0.0,29.7,14.8,bhubaneswar,20.2961,85.8245
2020-05-13,0.0,29.8,17.0,bhubaneswar,20.2961,85.8245
2020-05-14,0.0,30.2,18.4,bhubaneswar,20.2961,85.8245
2020-05-15,0.0,30.6,18.8,bhubaneswar,20.2961,85.8245
2020-05-16,0.0,31.0,18.7,bhubaneswar,20.2961,85.8245
2020-05-17,0.0,30.4,16.1,bhubaneswar,20.2961,85.8245
2020-05-18,0.0,30.4,14.5,bhubaneswar,20.2961,85.8245
2020-05-19,45.2,27.2,43.5,bhubaneswar,20.2961,85.8245
2020-05-20,71.0,24.1,51.6,bhubaneswar,20.2961,85.8245
2020-05-21,0.0,29.8,14.0,bhubaneswar,20.2961,85.8245
2020-05-22,0.0,29.9,20.4,bhubaneswar,20.2961,85.8245
2020-05-23,0.0,30.1,23.5,bhubaneswar,20.2961,85.8245
2020-05-24,0.0,30.1,25.5,bhubaneswar,20.2961,85.8245
2020-05-25,0.0,30.1,27.4,bhubaneswar,20.2961,85.8245
2020-05-26,0.0,29.9,28.6,bhubaneswar,20.2961,85.8245
2020-05-27,0.0,30.1,31.9,bhubaneswar,20.2961,85.8245
2020-05-28,0.2,29.8,27.7,bhubaneswar,20.2961,85.8245
2020-05-29,1.4,29.6,21.7,bhubaneswar,20.2961,85.8245
2020-05-30,0.4,30.0,16.5,bhubaneswar,20.2961,85.8245
2020-05-31,0.5,30.0,20.9,bhubaneswar,20.2961,85.8245
2020-06-01,5.7,29.3,19.4,bhubaneswar,20.2961,85.8245
2020-06-02,0.2,28.8,21.8,bhubaneswar,20.2961,85.8245
2020-06-03,1.3,29.7,14.1,bhubaneswar,20.2961,85.8245
2020-06-04,1.4,30.2,21.8,bhubaneswar,20.2961,85.8245
2020-06-05,0.0,30.5,24.7,bhubaneswar,20.2961,85.8245
2020-06-06,0.4,30.8,15.5,bhubaneswar,20.2961,85.8245
2020-06-07,1.1,30.4,15.7,bhubaneswar,20.2961,85.8245
2020-06-08,0.0,29.9,8.1,bhubaneswar,20.2961,85.8245
2020-06-09,5.2,29.9,13.4,bhubaneswar,20.2961,85.8245
2020-06-10,10.3,28.9,13.5,bhubaneswar,20.2961,85.8245
2020-06-11,18.6,27.6,15.3,bhubaneswar,20.2961,85.8245
2020-06-12,7.1,28.0,11.4,bhubaneswar,20.2961,85.8245
2020-06-13,12.0,28.5,14.8,bhubaneswar,20.2961,85.8245
2020-06-14,14.8,28.3,11.8,bhubaneswar,20.2961,85.8245
2020-06-15,19.2,28.4,14.5,bhubaneswar,20.2961,85.8245
2020-06-16,5.0,28.6,24.3,bhubaneswar,20.2961,85.8245
2020-06-17,7.8,28.7,22.9,bhubaneswar,20.2961,85.8245
2020-06-18,2.2,29.0,17.6,bhubaneswar,20.2961,85.8245
2020-06-19,11.7,29.6,15.0,bhubaneswar,20.2961,85.8245
2020-06-20,11.2,28.4,13.0,bhubaneswar,20.2961,85.8245
2020-06-21,27.3,28.1,20.4,bhubaneswar,20.2961,85.8245
2020-06-22,1.0,29.4,23.5,bhubaneswar,20.2961,85.8245
2020-06-23,2.3,29.7,22.1,bhubaneswar,20.2961,85.8245
2020-06-24,0.5,29.5,23.0,bhubaneswar,20.2961,85.8245
2020-06-25,0.0,29.4,23.2,bhubaneswar,20.2961,85.8245
2020-06-26,0.0,29.6,22.2,bhubaneswar,20.2961,85.8245
2020-06-27,0.0,29.6,18.4,bhubaneswar,20.2961,85.8245
2020-06-28,16.5,28.7,13.1,bhubaneswar,20.2961,85.8245
2020-06-29,3.2,28.3,14.9,bhubaneswar,20.2961,85.8245
2020-06-30,0.7,29.5,20.2,bhubaneswar,20.2961,85.8245
2020-07-01,7.5,29.2,23.2,bhubaneswar,20.2961,85.8245
2020-07-02,5.1,29.7,16.8,bhubaneswar,20.2961,85.8245
2020-07-03,8.5,29.2,17.0,bhubaneswar,20.2961,85.8245
2020-07-04,19.0,28.1,13.1,bhubaneswar,20.2961,85.8245
2020-07-05,17.9,27.2,18.3,bhubaneswar,20.2961,85.8245
2020-07-06,14.7,27.8,15.3,bhubaneswar,20.2961,85.8245
2020-07-07,0.9,28.8,18.8,bhubaneswar,20.2961,85.8245
2020-07-08,3.1,29.2,16.3,bhubaneswar,20.2961,85.8245
2020-07-09,13.0,28.6,17.3,bhubaneswar,20.2961,85.8245
2020-07-10,4.7,29.0,24.8,bhubaneswar,20.2961,85.8245
2020-07-11,2.1,28.8,17.7,bhubaneswar,20.2961,85.8245
2020-07-12,6.0,28.8,9.4,bhubaneswar,20.2961,85.8245
2020-07-13,6.2,28.6,11.4,bhubaneswar,20.2961,85.8245
2020-07-14,24.6,27.2,12.0,bhubaneswar,20.2961,85.8245
2020-07-15,13.7,27.6,23.5,bhubaneswar,20.2961,85.8245
2020-07-16,3.3,28.2,24.6,bhubaneswar,20.2961,85.8245
2020-07-17,5.9,28.6,18.7,bhubaneswar,20.2961,85.8245
2020-07-18,8.1,29.0,21.2,bhubaneswar,20.2961,85.8245
2020-07-19,7.9,29.2,24.0,bhubaneswar,20.2961,85.8245
2020-07-20,1.0,29.3,27.1,bhubaneswar,20.2961,85.8245
2020-07-21,6.3,29.2,20.6,bhubaneswar,20.2961,85.8245
2020-07-22,16.8,28.6,17.4,bhubaneswar,20.2961,85.8245
2020-07-23,17.5,26.7,14.3,bhubaneswar,20.2961,85.8245
2020-07-24,2.9,27.7,14.5,bhubaneswar,20.2961,85.8245
2020-07-25,0.0,29.0,19.0,bhubaneswar,20.2961,85.8245
2020-07-26,3.9,29.8,12.5,bhubaneswar,20.2961,85.8245
2020-07-27,6.7,29.8,10.2,bhubaneswar,20.2961,85.8245
2020-07-28,9.0,29.2,13.8,bhubaneswar,20.2961,85.8245
2020-07-29,0.8,29.0,19.1,bhubaneswar,20.2961,85.8245
2020-07-30,2.2,28.9,14.1,bhubaneswar,20.2961,85.8245
2020-07-31,7.8,29.0,20.2,bhubaneswar,20.2961,85.8245
2020-08-01,8.8,29.3,18.6,bhubaneswar,20.2961,85.8245
2020-08-02,21.0,29.3,9.7,bhubaneswar,20.2961,85.8245
2020-08-03,13.5,28.4,15.7,bhubaneswar,20.2961,85.8245
2020-08-04,33.9,27.6,14.6,bhubaneswar,20.2961,85.8245
2020-08-05,15.1,27.4,20.7,bhubaneswar,20.2961,85.8245
2020-08-06,0.7,28.4,14.9,bhubaneswar,20.2961,85.8245
2020-08-07,16.2,28.6,16.0,bhubaneswar,20.2961,85.8245
2020-08-08,19.4,28.2,12.3,bhubaneswar,20.2961,85.8245
2020-08-09,17.6,27.9,11.7,bhubaneswar,20.2961,85.8245
2020-08-10,5.7,28.9,14.3,bhubaneswar,20.2961,85.8245
2020-08-11,2.3,29.4,13.2,bhubaneswar,20.2961,85.8245
2020-08-12,23.5,28.7,12.5,bhubaneswar,20.2961,85.8245
2020-08-13,14.5,28.0,13.5,bhubaneswar,20.2961,85.8245
2020-08-14,61.0,26.9,21.5,bhubaneswar,20.2961,85.8245
2020-08-15,69.9,26.3,20.4,bhubaneswar,20.2961,85.8245
2020-08-16,1.3,27.6,24.9,bhubaneswar,20.2961,85.8245
2020-08-17,5.7,28.0,16.1,bhubaneswar,20.2961,85.8245
2020-08-18,36.1,28.1,14.8,bhubaneswar,20.2961,85.8245
2020-08-19,41.3,26.4,19.1,bhubaneswar,20.2961,85.8245
2020-08-20,11.0,27.6,21.3,bhubaneswar,20.2961,85.8245
2020-08-21,2.7,28.4,27.7,bhubaneswar,20.2961,85.8245
2020-08-22,11.4,28.1,19.1,bhubaneswar,20.2961,85.8245
2020-08-23,14.2,27.8,11.9,bhubaneswar,20.2961,85.8245
2020-08-24,10.3,28.1,15.3,bhubaneswar,20.2961,85.8245
2020-08-25,46.2,26.9,15.9,bhubaneswar,20.2961,85.8245
2020-08-26,278.6,26.0,24.0,bhubaneswar,20.2961,85.8245
2020-08-27,11.4,27.8,21.9,bhubaneswar,20.2961,85.8245
2020-08-28,0.0,28.8,23.5,bhubaneswar,20.2961,85.8245
2020-08-29,0.1,28.9,20.3,bhubaneswar,20.2961,85.8245
2020-08-30,0.4,29.5,11.8,bhubaneswar,20.2961,85.8245
2020-08-31,2.3,30.2,9.7,bhubaneswar,20.2961,85.8245
2020-09-01,14.8,28.0,15.0,bhubaneswar,20.2961,85.8245
2020-09-02,26.9,27.0,17.3,bhubaneswar,20.2961,85.8245
2020-09-03,5.0,27.6,17.2,bhubaneswar,20.2961,85.8245
2020-09-04,2.7,28.5,13.3,bhubaneswar,20.2961,85.8245
2020-09-05,4.2,29.0,14.8,bhubaneswar,20.2961,85.8245
2020-09-06,4.1,29.0,17.1,bhubaneswar,20.2961,85.8245
2020-09-07,3.3,29.3,15.3,bhubaneswar,20.2961,85.8245
2020-09-08,5.1,29.3,11.4,bhubaneswar,20.2961,85.8245
2020-09-09,8.9,29.0,14.5,bhubaneswar,20.2961,85.8245
2020-09-10,7.9,28.7,14.0,bhubaneswar,20.2961,85.8245
2020-09-11,8.0,28.5,15.0,bhubaneswar,20.2961,85.8245
2020-09-12,1.9,28.5,12.3,bhubaneswar,20.2961,85.8245
2020-09-13,5.7,28.4,15.1,bhubaneswar,20.2961,85.8245
2020-09-14,7.5,28.0,14.6,bhubaneswar,20.2961,85.8245
2020-09-15,4.7,28.2,16.0,bhubaneswar,20.2961,85.8245
2020-09-16,6.3,28.5,16.1,bhubaneswar,20.2961,85.8245
2020-09-17,1.0,28.8,15.1,bhubaneswar,20.2961,85.8245
2020-09-18,0.5,29.3,13.0,bhubaneswar,20.2961,85.8245
2020-09-19,2.2,28.7,13.3,bhubaneswar,20.2961,85.8245
2020-09-20,25.1,27.1,10.8,bhubaneswar,20.2961,85.8245
2020-09-21,12.0,27.5,16.9,bhubaneswar,20.2961,85.8245
2020-09-22,0.7,28.7,25.0,bhubaneswar,20.2961,85.8245
2020-09-23,0.8,28.8,24.9,bhubaneswar,20.2961,85.8245
2020-09-24,2.7,29.2,18.4,bhubaneswar,20.2961,85.8245
2020-09-25,10.6,28.2,16.3,bhubaneswar,20.2961,85.8245
2020-09-26,4.7,27.8,12.6,bhubaneswar,20.2961,85.8245
2020-09-27,0.7,28.7,14.7,bhubaneswar,20.2961,85.8245
2020-09-28,1.6,28.5,10.5,bhubaneswar,20.2961,85.8245
2020-09-29,14.8,28.1,8.4,bhubaneswar,20.2961,85.8245
2020-09-30,50.1,26.2,15.5,bhubaneswar,20.2961,85.8245
2020-10-01,36.4,26.0,22.9,bhubaneswar,20.2961,85.8245
2020-10-02,12.8,26.5,19.6,bhubaneswar,20.2961,85.8245
2020-10-03,13.6,26.7,13.8,bhubaneswar,20.2961,85.8245
2020-10-04,14.8,26.7,13.0,bhubaneswar,20.2961,85.8245
2020-10-05,6.3,26.7,13.5,bhubaneswar,20.2961,85.8245
2020-10-06,5.1,26.7,11.8,bhubaneswar,20.2961,85.8245
2020-10-07,4.5,27.1,15.4,bhubaneswar,20.2961,85.8245
2020-10-08,3.6,27.5,9.1,bhubaneswar,20.2961,85.8245
2020-10-09,4.3,28.0,12.0,bhubaneswar,20.2961,85.8245
2020-10-10,3.0,27.8,13.3,bhubaneswar,20.2961,85.8245
2020-10-11,1.5,28.0,15.3,bhubaneswar,20.2961,85.8245
2020-10-12,4.7,27.8,23.1,bhubaneswar,20.2961,85.8245
2020-10-13,13.5,26.7,24.3,bhubaneswar,20.2961,85.8245
2020-10-14,21.9,26.1,18.1,bhubaneswar,20.2961,85.8245
2020-10-15,7.9,26.4,15.8,bhubaneswar,20.2961,85.8245
2020-10-16,4.1,26.8,11.0,bhubaneswar,20.2961,85.8245
2020-10-17,0.1,27.7,8.4,bhubaneswar,20.2961,85.8245
2020-10-18,4.7,27.5,12.1,bhubaneswar,20.2961,85.8245
2020-10-19,7.2,26.5,12.1,bhubaneswar,20.2961,85.8245
2020-10-20,5.6,27.6,15.3,bhubaneswar,20.2961,85.8245
2020-10-21,29.7,26.6,20.4,bhubaneswar,20.2961,85.8245
2020-10-22,22.3,25.3,21.3,bhubaneswar,20.2961,85.8245
2020-10-23,0.1,27.1,12.9,bhubaneswar,20.2961,85.8245
2020-10-24,0.6,27.5,8.6,bhubaneswar,20.2961,85.8245
2020-10-25,1.3,26.5,12.2,bhubaneswar,20.2961,85.8245
2020-10-26,0.0,26.8,10.2,bhubaneswar,20.2961,85.8245
2020-10-27,0.0,26.4,10.6,bhubaneswar,20.2961,85.8245
2020-10-28,0.0,25.7,11.3,bhubaneswar,20.2961,85.8245
2020-10-29,0.0,25.6,12.7,bhubaneswar,20.2961,85.8245
2020-10-30,0.0,25.9,13.7,bhubaneswar,20.2961,85.8245
2020-10-31,0.0,26.6,12.6,bhubaneswar,20.2961,85.8245
2020-11-01,0.2,27.2,13.4,bhubaneswar,20.2961,85.8245
2020-11-02,0.9,27.2,16.3,bhubaneswar,20.2961,85.8245
2020-11-03,0.5,26.8,14.6,bhubaneswar,20.2961,85.8245
2020-11-04,0.0,26.3,8.4,bhubaneswar,20.2961,85.8245
2020-11-05,0.0,25.6,8.0,bhubaneswar,20.2961,85.8245
2020-11-06,0.0,25.2,8.7,bhubaneswar,20.2961,85.8245
2020-11-07,0.0,24.1,9.4,bhubaneswar,20.2961,85.8245
2020-11-08,0.0,23.2,12.2,bhubaneswar,20.2961,85.8245
2020-11-09,0.0,23.0,12.5,bhubaneswar,20.2961,85.8245
2020-11-10,0.3,24.5,14.4,bhubaneswar,20.2961,85.8245
2020-11-11,2.8,25.8,13.9,bhubaneswar,20.2961,85.8245
2020-11-12,0.0,26.0,13.5,bhubaneswar,20.2961,85.8245
2020-11-13,0.0,25.3,14.7,bhubaneswar,20.2961,85.8245
2020-11-14,0.0,24.9,15.5,bhubaneswar,20.2961,85.8245
2020-11-15,0.0,25.4,15.0,bhubaneswar,20.2961,85.8245
2020-11-16,0.0,25.9,9.5,bhubaneswar,20.2961,85.8245
2020-11-17,0.0,26.1,10.8,bhubaneswar,20.2961,85.8245
2020-11-18,0.0,25.8,9.4,bhubaneswar,20.2961,85.8245
2020-11-19,0.0,25.9,9.7,bhubaneswar,20.2961,85.8245
2020-11-20,0.0,26.2,14.2,bhubaneswar,20.2961,85.8245
2020-11-21,0.6,25.7,12.4,bhubaneswar,20.2961,85.8245
2020-11-22,0.0,23.6,13.6,bhubaneswar,20.2961,85.8245
2020-11-23,0.0,22.1,11.5,bhubaneswar,20.2961,85.8245
2020-11-24,0.0,21.2,15.1,bhubaneswar,20.2961,85.8245
2020-11-25,0.0,22.0,14.6,bhubaneswar,20.2961,85.8245
2020-11-26,4.0,21.7,12.4,bhubaneswar,20.2961,85.8245
2020-11-27,0.0,22.0,18.0,bhubaneswar,20.2961,85.8245
2020-11-28,0.0,22.2,16.6,bhubaneswar,20.2961,85.8245
2020-11-29,0.0,22.5,14.0,bhubaneswar,20.2961,85.8245
2020-11-30,0.0,21.9,12.8,bhubaneswar,20.2961,85.8245
2020-12-01,0.0,21.6,11.2,bhubaneswar,20.2961,85.8245
2020-12-02,0.0,21.6,10.5,bhubaneswar,20.2961,85.8245
2020-12-03,0.0,22.3,9.4,bhubaneswar,20.2961,85.8245
2020-12-04,0.0,22.2,10.0,bhubaneswar,20.2961,85.8245
2020-12-05,0.0,22.3,10.1,bhubaneswar,20.2961,85.8245
2020-12-06,0.0,22.6,9.8,bhubaneswar,20.2961,85.8245
2020-12-07,0.0,23.3,9.0,bhubaneswar,20.2961,85.8245
2020-12-08,0.0,23.1,9.3,bhubaneswar,20.2961,85.8245
2020-12-09,0.0,22.9,13.1,bhubaneswar,20.2961,85.8245
2020-12-10,0.0,22.7,13.1,bhubaneswar,20.2961,85.8245
2020-12-11,0.0,22.9,10.4,bhubaneswar,20.2961,85.8245
2020-12-12,0.0,23.0,7.6,bhubaneswar,20.2961,85.8245
2020-12-13,0.0,23.3,12.1,bhubaneswar,20.2961,85.8245
2020-12-14,0.0,23.8,8.7,bhubaneswar,20.2961,85.8245
2020-12-15,0.0,23.5,12.5,bhubaneswar,20.2961,85.8245
2020-12-16,0.0,23.4,12.7,bhubaneswar,20.2961,85.8245
2020-12-17,0.0,23.4,11.0,bhubaneswar,20.2961,85.8245
2020-12-18,0.2,22.4,10.3,bhubaneswar,20.2961,85.8245
2020-12-19,0.0,20.0,12.8,bhubaneswar,20.2961,85.8245
2020-12-20,0.0,18.8,12.1,bhubaneswar,20.2961,85.8245
2020-12-21,0.0,18.6,10.0,bhubaneswar,20.2961,85.8245
2020-12-22,0.0,19.3,9.7,bhubaneswar,20.2961,85.8245
2020-12-23,0.0,19.6,10.1,bhubaneswar,20.2961,85.8245
2020-12-24,0.0,19.9,9.0,bhubaneswar,20.2961,85.8245
2020-12-25,0.0,20.2,9.2,bhubaneswar,20.2961,85.8245
2020-12-26,0.0,19.5,12.8,bhubaneswar,20.2961,85.8245
2020-12-27,0.0,19.4,9.4,bhubaneswar,20.2961,85.8245
2020-12-28,0.0,19.9,9.7,bhubaneswar,20.2961,85.8245
2020-12-29,0.0,20.8,10.9,bhubaneswar,20.2961,85.8245
2020-12-30,0.0,20.7,10.3,bhubaneswar,20.2961,85.8245
2020-12-31,0.0,20.7,12.6,bhubaneswar,20.2961,85.8245
2021-01-01,0.0,20.4,15.1,bhubaneswar,20.2961,85.8245
2021-01-02,0.0,20.6,12.0,bhubaneswar,20.2961,85.8245
2021-01-03,0.0,20.0,12.1,bhubaneswar,20.2961,85.8245
2021-01-04,0.0,20.6,10.0,bhubaneswar,20.2961,85.8245
2021-01-05,0.0,21.3,10.4,bhubaneswar,20.2961,85.8245
2021-01-06,0.0,23.1,9.6,bhubaneswar,20.2961,85.8245
2021-01-07,0.0,23.7,8.5,bhubaneswar,20.2961,85.8245
2021-01-08,0.0,23.7,10.3,bhubaneswar,20.2961,85.8245
2021-01-09,0.0,24.2,10.6,bhubaneswar,20.2961,85.8245
2021-01-10,0.0,24.6,10.5,bhubaneswar,20.2961,85.8245
2021-01-11,0.0,25.2,10.7,bhubaneswar,20.2961,85.8245
2021-01-12,0.0,24.4,11.0,bhubaneswar,20.2961,85.8245
2021-01-13,0.1,24.0,13.9,bhubaneswar,20.2961,85.8245
2021-01-14,0.0,22.9,10.0,bhubaneswar,20.2961,85.8245
2021-01-15,0.0,21.3,8.7,bhubaneswar,20.2961,85.8245
2021-01-16,0.0,20.6,9.2,bhubaneswar,20.2961,85.8245
2021-01-17,0.0,21.1,13.3,bhubaneswar,20.2961,85.8245
2021-01-18,0.0,20.9,11.2,bhubaneswar,20.2961,85.8245
2021-01-19,0.0,23.0,14.5,bhubaneswar,20.2961,85.8245
2021-01-20,0.0,25.2,16.4,bhubaneswar,20.2961,85.8245
2021-01-21,0.0,22.9,14.5,bhubaneswar,20.2961,85.8245
2021-01-22,0.0,22.0,8.9,bhubaneswar,20.2961,85.8245
2021-01-23,0.0,22.6,11.2,bhubaneswar,20.2961,85.8245
2021-01-24,0.0,24.6,13.0,bhubaneswar,20.2961,85.8245
2021-01-25,0.4,25.1,15.9,bhubaneswar,20.2961,85.8245
2021-01-26,0.5,23.1,14.5,bhubaneswar,20.2961,85.8245
2021-01-27,0.0,22.5,16.2,bhubaneswar,20.2961,85.8245
2021-01-28,0.0,21.4,14.8,bhubaneswar,20.2961,85.8245
2021-01-29,0.0,22.5,13.5,bhubaneswar,20.2961,85.8245
2021-01-30,0.5,21.7,14.0,bhubaneswar,20.2961,85.8245
2021-01-31,0.0,20.2,15.1,bhubaneswar,20.2961,85.8245
2021-02-01,0.0,19.8,12.4,bhubaneswar,20.2961,85.8245
2021-02-02,0.0,20.4,11.4,bhubaneswar,20.2961,85.8245
2021-02-03,0.0,20.9,14.5,bhubaneswar,20.2961,85.8245
2021-02-04,0.0,21.2,10.2,bhubaneswar,20.2961,85.8245
2021-02-05,0.0,21.1,13.1,bhubaneswar,20.2961,85.8245
2021-02-06,0.0,22.2,17.6,bhubaneswar,20.2961,85.8245
2021-02-07,0.0,21.6,16.0,bhubaneswar,20.2961,85.8245
2021-02-08,0.0,21.4,12.3,bhubaneswar,20.2961,85.8245
2021-02-09,0.0,21.7,11.7,bhubaneswar,20.2961,85.8245
2021-02-10,0.0,23.0,18.7,bhubaneswar,20.2961,85.8245
2021-02-11,0.0,23.5,18.9,bhubaneswar,20.2961,85.8245
2021-02-12,0.0,23.8,20.0,bhubaneswar,20.2961,85.8245
2021-02-13,0.0,24.7,15.6,bhubaneswar,20.2961,85.8245
2021-02-14,0.0,25.1,18.6,bhubaneswar,20.2961,85.8245
2021-02-15,0.0,25.4,16.7,bhubaneswar,20.2961,85.8245
2021-02-16,0.0,25.5,17.8,bhubaneswar,20.2961,85.8245
2021-02-17,0.0,25.1,16.8,bhubaneswar,20.2961,85.8245
2021-02-18,0.0,24.9,12.0,bhubaneswar,20.2961,85.8245
2021-02-19,0.0,25.8,17.0,bhubaneswar,20.2961,85.8245
2021-02-20,0.3,23.7,16.8,bhubaneswar,20.2961,85.8245
2021-02-21,0.0,24.8,13.2,bhubaneswar,20.2961,85.8245
2021-02-22,0.0,25.5,16.0,bhubaneswar,20.2961,85.8245
2021-02-23,0.0,25.9,12.1,bhubaneswar,20.2961,85.8245
2021-02-24,0.0,26.5,17.2,bhubaneswar,20.2961,85.8245
2021-02-25,0.0,27.1,14.9,bhubaneswar,20.2961,85.8245
2021-02-26,0.0,28.0,15.5,bhubaneswar,20.2961,85.8245
2021-02-27,0.0,27.9,16.5,bhubaneswar,20.2961,85.8245
2021-02-28,0.0,27.8,16.6,bhubaneswar,20.2961,85.8245
2021-03-01,0.0,27.4,16.9,bhubaneswar,20.2961,85.8245
2021-03-02,0.0,27.2,17.4,bhubaneswar,20.2961,85.8245
2021-03-03,0.0,26.9,15.7,bhubaneswar,20.2961,85.8245
2021-03-04,0.0,27.4,18.4,bhubaneswar,20.2961,85.8245
2021-03-05,0.0,28.9,25.2,bhubaneswar,20.2961,85.8245
2021-03-06,0.0,28.5,15.5,bhubaneswar,20.2961,85.8245
2021-03-07,0.0,27.8,15.7,bhubaneswar,20.2961,85.8245
2021-03-08,0.0,27.6,19.9,bhubaneswar,20.2961,85.8245
2021-03-09,0.0,28.2,20.6,bhubaneswar,20.2961,85.8245
2021-03-10,0.0,28.4,18.7,bhubaneswar,20.2961,85.8245
2021-03-11,0.1,28.9,18.1,bhubaneswar,20.2961,85.8245
2021-03-12,0.0,27.9,17.3,bhubaneswar,20.2961,85.8245
2021-03-13,0.0,27.8,11.5,bhubaneswar,20.2961,85.8245
2021-03-14,0.0,27.6,15.5,bhubaneswar,20.2961,85.8245
2021-03-15,0.0,27.9,17.0,bhubaneswar,20.2961,85.8245
2021-03-16,0.0,28.6,15.3,bhubaneswar,20.2961,85.8245
2021-03-17,0.0,28.9,21.1,bhubaneswar,20.2961,85.8245
2021-03-18,0.0,28.9,20.5,bhubaneswar,20.2961,85.8245
2021-03-19,0.0,29.5,17.2,bhubaneswar,20.2961,85.8245
2021-03-20,0.0,30.6,18.2,bhubaneswar,20.2961,85.8245
2021-03-21,0.0,30.8,15.3,bhubaneswar,20.2961,85.8245
2021-03-22,0.0,30.8,19.6,bhubaneswar,20.2961,85.8245
2021-03-23,0.0,30.6,12.7,bhubaneswar,20.2961,85.8245
2021-03-24,0.3,31.2,13.3,bhubaneswar,20.2961,85.8245
2021-03-25,0.0,30.6,17.4,bhubaneswar,20.2961,85.8245
2021-03-26,0.2,30.1,15.7,bhubaneswar,20.2961,85.8245
2021-03-27,0.1,29.8,17.0,bhubaneswar,20.2961,85.8245
2021-03-28,0.1,29.6,19.3,bhubaneswar,20.2961,85.8245
2021-03-29,0.0,30.8,21.0,bhubaneswar,20.2961,85.8245
2021-03-30,0.0,30.7,22.9,bhubaneswar,20.2961,85.8245
2021-03-31,0.0,31.8,21.3,bhubaneswar,20.2961,85.8245
2021-04-01,0.0,30.7,22.3,bhubaneswar,20.2961,85.8245
2021-04-02,0.0,30.2,17.4,bhubaneswar,20.2961,85.8245
2021-04-03,0.0,29.7,17.7,bhubaneswar,20.2961,85.8245
2021-04-04,0.0,30.0,18.0,bhubaneswar,20.2961,85.8245
2021-04-05,0.2,29.2,19.5,bhubaneswar,20.2961,85.8245
2021-04-06,0.0,29.1,19.7,bhubaneswar,20.2961,85.8245
2021-04-07,0.0,29.7,20.9,bhubaneswar,20.2961,85.8245
2021-04-08,0.0,29.8,24.1,bhubaneswar,20.2961,85.8245
2021-04-09,2.1,29.3,19.2,bhubaneswar,20.2961,85.8245
2021-04-10,0.0,29.4,15.0,bhubaneswar,20.2961,85.8245
2021-04-11,0.0,30.0,15.5,bhubaneswar,20.2961,85.8245
2021-04-12,0.1,30.0,16.8,bhubaneswar,20.2961,85.8245
2021-04-13,0.2,30.5,16.1,bhubaneswar,20.2961,85.8245
2021-04-14,0.0,30.4,16.9,bhubaneswar,20.2961,85.8245
2021-04-15,0.0,30.5,14.9,bhubaneswar,20.2961,85.8245
2021-04-16,0.0,29.9,14.8,bhubaneswar,20.2961,85.8245
2021-04-17,0.0,29.9,19.4,bhubaneswar,20.2961,85.8245
2021-04-18,0.2,30.3,18.7,bhubaneswar,20.2961,85.8245
2021-04-19,0.0,30.7,19.6,bhubaneswar,20.2961,85.8245
2021-04-20,0.0,30.7,20.0,bhubaneswar,20.2961,85.8245
2021-04-21,0.1,30.6,19.2,bhubaneswar,20.2961,85.8245
2021-04-22,0.2,30.5,14.3,bhubaneswar,20.2961,85.8245
2021-04-23,0.4,30.0,13.4,bhubaneswar,20.2961,85.8245
2021-04-24,0.0,31.1,16.1,bhubaneswar,20.2961,85.8245
2021-04-25,0.0,31.6,18.0,bhubaneswar,20.2961,85.8245
2021-04-26,0.0,31.4,21.6,bhubaneswar,20.2961,85.8245
2021-04-27,0.4,31.2,19.1,bhubaneswar,20.2961,85.8245
2021-04-28,0.0,31.0,18.8,bhubaneswar,20.2961,85.8245
2021-04-29,0.3,30.5,17.7,bhubaneswar,20.2961,85.8245
2021-04-30,0.3,30.4,20.2,bhubaneswar,20.2961,85.8245
2021-05-01,0.0,30.2,19.2,bhubaneswar,20.2961,85.8245
2021-05-02,0.9,30.4,18.7,bhubaneswar,20.2961,85.8245
2021-05-03,2.3,29.7,13.1,bhubaneswar,20.2961,85.8245
2021-05-04,5.0,27.7,15.3,bhubaneswar,20.2961,85.8245
2021-05-05,0.9,28.9,17.3,bhubaneswar,20.2961,85.8245
2021-05-06,0.2,30.0,16.8,bhubaneswar,20.2961,85.8245
2021-05-07,0.5,30.1,19.9,bhubaneswar,20.2961,85.8245
2021-05-08,1.0,29.9,15.2,bhubaneswar,20.2961,85.8245
2021-05-09,2.7,30.2,20.4,bhubaneswar,20.2961,85.8245
2021-05-10,0.8,30.4,17.1,bhubaneswar,20.2961,85.8245
2021-05-11,2.2,30.1,18.7,bhubaneswar,20.2961,85.8245
2021-05-12,2.7,30.3,20.5,bhubaneswar,20.2961,85.8245
2021-05-13,5.0,29.4,22.3,bhubaneswar,20.2961,85.8245
2021-05-14,0.2,30.8,20.7,bhubaneswar,20.2961,85.8245
2021-05-15,0.0,30.9,21.1,bhubaneswar,20.2961,85.8245
2021-05-16,0.0,30.9,19.9,bhubaneswar,20.2961,85.8245
2021-05-17,0.0,31.5,19.3,bhubaneswar,20.2961,85.8245
2021-05-18,0.0,31.7,21.9,bhubaneswar,20.2961,85.8245
2021-05-19,0.0,31.9,21.3,bhubaneswar,20.2961,85.8245
2021-05-20,0.0,31.9,21.9,bhubaneswar,20.2961,85.8245
2021-05-21,0.9,31.2,20.6,bhubaneswar,20.2961,85.8245
2021-05-22,8.5,29.9,8.7,bhubaneswar,20.2961,85.8245
2021-05-23,0.0,32.0,14.9,bhubaneswar,20.2961,85.8245
2021-05-24,12.6,28.8,28.1,bhubaneswar,20.2961,85.8245
2021-05-25,38.3,25.5,39.7,bhubaneswar,20.2961,85.8245
2021-05-26,41.7,25.5,37.9,bhubaneswar,20.2961,85.8245
2021-05-27,0.7,29.8,22.3,bhubaneswar,20.2961,85.8245
2021-05-28,0.0,30.4,24.1,bhubaneswar,20.2961,85.8245
2021-05-29,0.0,30.4,18.4,bhubaneswar,20.2961,85.8245
2021-05-30,0.1,30.8,21.0,bhubaneswar,20.2961,85.8245
2021-05-31,0.0,31.6,23.1,bhubaneswar,20.2961,85.8245
2021-06-01,0.1,31.1,16.2,bhubaneswar,20.2961,85.8245
2021-06-02,19.9,29.8,14.5,bhubaneswar,20.2961,85.8245
2021-06-03,3.9,30.2,15.0,bhubaneswar,20.2961,85.8245
2021-06-04,0.5,30.7,16.6,bhubaneswar,20.2961,85.8245
2021-06-05,0.0,31.3,16.8,bhubaneswar,20.2961,85.8245
2021-06-06,0.1,31.4,18.4,bhubaneswar,20.2961,85.8245
2021-06-07,0.1,31.8,19.5,bhubaneswar,20.2961,85.8245
2021-06-08,0.0,31.4,17.5,bhubaneswar,20.2961,85.8245
2021-06-09,11.0,29.0,12.8,bhubaneswar,20.2961,85.8245
2021-06-10,7.8,27.6,11.3,bhubaneswar,20.2961,85.8245
2021-06-11,5.4,28.2,13.1,bhubaneswar,20.2961,85.8245
2021-06-12,18.1,28.1,11.9,bhubaneswar,20.2961,85.8245
2021-06-13,22.0,27.1,14.1,bhubaneswar,20.2961,85.8245
2021-06-14,6.7,28.6,15.6,bhubaneswar,20.2961,85.8245
2021-06-15,4.1,28.6,15.3,bhubaneswar,20.2961,85.8245
2021-06-16,9.7,28.5,13.9,bhubaneswar,20.2961,85.8245
2021-06-17,5.5,27.8,14.4,bhubaneswar,20.2961,85.8245
2021-06-18,11.7,27.4,18.7,bhubaneswar,20.2961,85.8245
2021-06-19,6.0,28.0,15.1,bhubaneswar,20.2961,85.8245
2021-06-20,0.1,29.4,15.4,bhubaneswar,20.2961,85.8245
2021-06-21,1.1,30.0,13.3,bhubaneswar,20.2961,85.8245
2021-06-22,3.3,28.5,13.4,bhubaneswar,20.2961,85.8245
2021-06-23,23.5,27.7,15.8,bhubaneswar,20.2961,85.8245
2021-06-24,0.8,28.8,13.4,bhubaneswar,20.2961,85.8245
2021-06-25,3.2,28.8,14.0,bhubaneswar,20.2961,85.8245
2021-06-26,2.1,28.8,16.4,bhubaneswar,20.2961,85.8245
2021-06-27,3.2,28.6,19.7,bhubaneswar,20.2961,85.8245
2021-06-28,1.0,29.2,21.9,bhubaneswar,20.2961,85.8245
2021-06-29,2.2,29.9,20.5,bhubaneswar,20.2961,85.8245
2021-06-30,5.3,30.0,19.5,bhubaneswar,20.2961,85.8245
2021-07-01,4.3,30.0,19.6,bhubaneswar,20.2961,85.8245
2021-07-02,9.8,28.7,14.3,bhubaneswar,20.2961,85.8245
2021-07-03,0.6,29.0,15.3,bhubaneswar,20.2961,85.8245
2021-07-04,10.1,28.3,10.8,bhubaneswar,20.2961,85.8245
2021-07-05,3.6,28.9,11.2,bhubaneswar,20.2961,85.8245
2021-07-06,5.4,29.4,14.9,bhubaneswar,20.2961,85.8245
2021-07-07,9.9,29.4,15.5,bhubaneswar,20.2961,85.8245
2021-07-08,17.7,26.8,12.8,bhubaneswar,20.2961,85.8245
2021-07-09,3.0,28.8,11.2,bhubaneswar,20.2961,85.8245
2021-07-10,6.6,28.2,13.6,bhubaneswar,20.2961,85.8245
2021-07-11,5.9,28.1,19.0,bhubaneswar,20.2961,85.8245
2021-07-12,7.9,27.7,19.1,bhubaneswar,20.2961,85.8245
2021-07-13,15.8,27.3,20.7,bhubaneswar,20.2961,85.8245
2021-07-14,6.1,27.8,22.0,bhubaneswar,20.2961,85.8245
2021-07-15,2.9,28.1,17.1,bhubaneswar,20.2961,85.8245
2021-07-16,2.9,28.4,16.3,bhubaneswar,20.2961,85.8245
2021-07-17,0.5,29.3,18.0,bhubaneswar,20.2961,85.8245
2021-07-18,0.2,29.7,21.5,bhubaneswar,20.2961,85.8245
2021-07-19,1.2,29.5,16.1,bhubaneswar,20.2961,85.8245
2021-07-20,16.6,28.6,15.1,bhubaneswar,20.2961,85.8245
2021-07-21,38.8,28.2,18.3,bhubaneswar,20.2961,85.8245
2021-07-22,85.4,27.0,20.5,bhubaneswar,20.2961,85.8245
2021-07-23,17.1,27.2,17.8,bhubaneswar,20.2961,85.8245
2021-07-24,1.7,29.1,17.8,bhubaneswar,20.2961,85.8245
2021-07-25,2.8,29.6,13.7,bhubaneswar,20.2961,85.8245
2021-07-26,0.0,30.0,19.5,bhubaneswar,20.2961,85.8245
2021-07-27,4.7,27.9,19.0,bhubaneswar,20.2961,85.8245
2021-07-28,27.6,26.8,21.0,bhubaneswar,20.2961,85.8245
2021-07-29,43.4,26.1,17.5,bhubaneswar,20.2961,85.8245
2021-07-30,5.9,27.4,22.7,bhubaneswar,20.2961,85.8245
2021-07-31,1.6,28.3,18.4,bhubaneswar,20.2961,85.8245
2021-08-01,5.7,28.7,16.2,bhubaneswar,20.2961,85.8245
2021-08-02,1.3,29.1,13.7,bhubaneswar,20.2961,85.8245
2021-08-03,2.1,28.9,21.2,bhubaneswar,20.2961,85.8245
2021-08-04,2.3,28.3,19.8,bhubaneswar,20.2961,85.8245
2021-08-05,1.6,28.6,14.3,bhubaneswar,20.2961,85.8245
2021-08-06,5.0,28.9,12.0,bhubaneswar,20.2961,85.8245
2021-08-07,4.1,29.2,13.4,bhubaneswar,20.2961,85.8245
2021-08-08,10.7,29.0,16.9,bhubaneswar,20.2961,85.8245
2021-08-09,8.0,29.5,18.5,bhubaneswar,20.2961,85.8245
2021-08-10,6.6,29.7,15.6,bhubaneswar,20.2961,85.8245
2021-08-11,2.3,29.7,13.0,bhubaneswar,20.2961,85.8245
2021-08-12,5.8,29.4,17.9,bhubaneswar,20.2961,85.8245
2021-08-13,6.0,28.9,14.3,bhubaneswar,20.2961,85.8245
2021-08-14,12.8,28.8,15.1,bhubaneswar,20.2961,85.8245
2021-08-15,17.8,28.6,11.8,bhubaneswar,20.2961,85.8245
2021-08-16,7.4,27.9,14.1,bhubaneswar,20.2961,85.8245
2021-08-17,24.5,27.1,17.5,bhubaneswar,20.2961,85.8245
2021-08-18,2.5,27.5,20.7,bhubaneswar,20.2961,85.8245
2021-08-19,12.6,27.6,18.1,bhubaneswar,20.2961,85.8245
2021-08-20,8.8,27.3,22.3,bhubaneswar,20.2961,85.8245
2021-08-21,2.3,28.2,20.2,bhubaneswar,20.2961,85.8245
2021-08-22,0.1,28.9,15.9,bhubaneswar,20.2961,85.8245
2021-08-23,4.6,29.1,14.9,bhubaneswar,20.2961,85.8245
2021-08-24,12.5,28.9,13.9,bhubaneswar,20.2961,85.8245
2021-08-25,5.3,29.2,14.8,bhubaneswar,20.2961,85.8245
2021-08-26,7.3,28.5,12.0,bhubaneswar,20.2961,85.8245
2021-08-27,18.5,26.9,11.1,bhubaneswar,20.2961,85.8245
2021-08-28,11.3,27.2,16.4,bhubaneswar,20.2961,85.8245
2021-08-29,8.0,27.3,17.0,bhubaneswar,20.2961,85.8245
2021-08-30,10.5,27.0,19.8,bhubaneswar,20.2961,85.8245
2021-08-31,5.9,27.0,18.3,bhubaneswar,20.2961,85.8245
2021-09-01,5.4,27.4,14.2,bhubaneswar,20.2961,85.8245
2021-09-02,5.5,27.6,12.9,bhubaneswar,20.2961,85.8245
2021-09-03,1.5,28.0,13.4,bhubaneswar,20.2961,85.8245
2021-09-04,3.1,28.0,8.8,bhubaneswar,20.2961,85.8245
2021-09-05,23.4,27.8,15.5,bhubaneswar,20.2961,85.8245
2021-09-06,15.0,27.1,22.3,bhubaneswar,20.2961,85.8245
2021-09-07,10.4,26.9,21.9,bhubaneswar,20.2961,85.8245
2021-09-08,5.4,27.3,16.7,bhubaneswar,20.2961,85.8245
2021-09-09,6.5,27.3,9.0,bhubaneswar,20.2961,85.8245
2021-09-10,11.7,27.8,12.4,bhubaneswar,20.2961,85.8245
2021-09-11,20.6,26.7,12.2,bhubaneswar,20.2961,85.8245
2021-09-12,93.9,26.3,24.1,bhubaneswar,20.2961,85.8245
2021-09-13,129.0,26.2,30.4,bhubaneswar,20.2961,85.8245
2021-09-14,34.2,27.4,26.6,bhubaneswar,20.2961,85.8245
2021-09-15,6.0,27.6,20.0,bhubaneswar,20.2961,85.8245
2021-09-16,5.6,27.5,7.9,bhubaneswar,20.2961,85.8245
2021-09-17,4.5,28.1,8.3,bhubaneswar,20.2961,85.8245
2021-09-18,3.3,28.2,11.4,bhubaneswar,20.2961,85.8245
2021-09-19,15.8,27.2,9.8,bhubaneswar,20.2961,85.8245
2021-09-20,26.5,26.4,10.0,bhubaneswar,20.2961,85.8245
2021-09-21,10.2,27.0,17.8,bhubaneswar,20.2961,85.8245
2021-09-22,6.0,27.1,13.0,bhubaneswar,20.2961,85.8245
2021-09-23,3.1,26.9,17.1,bhubaneswar,20.2961,85.8245
2021-09-24,2.7,27.5,14.0,bhubaneswar,20.2961,85.8245
2021-09-25,13.4,28.1,14.5,bhubaneswar,20.2961,85.8245
2021-09-26,18.0,26.3,31.1,bhubaneswar,20.2961,85.8245
2021-09-27,11.9,26.5,17.9,bhubaneswar,20.2961,85.8245
2021-09-28,10.8,26.3,11.1,bhubaneswar,20.2961,85.8245
2021-09-29,8.5,27.2,18.4,bhubaneswar,20.2961,85.8245
2021-09-30,0.4,27.8,17.0,bhubaneswar,20.2961,85.8245
2021-10-01,2.1,28.0,14.4,bhubaneswar,20.2961,85.8245
2021-10-02,0.1,28.6,13.7,bhubaneswar,20.2961,85.8245
2021-10-03,4.0,28.3,16.6,bhubaneswar,20.2961,85.8245
2021-10-04,7.7,27.9,13.7,bhubaneswar,20.2961,85.8245
2021-10-05,2.1,27.9,12.0,bhubaneswar,20.2961,85.8245
2021-10-06,1.3,27.7,9.4,bhubaneswar,20.2961,85.8245
2021-10-07,1.2,28.5,9.7,bhubaneswar,20.2961,85.8245
2021-10-08,1.5,28.6,9.5,bhubaneswar,20.2961,85.8245
2021-10-09,1.2,28.7,6.1,bhubaneswar,20.2961,85.8245
2021-10-10,2.3,28.7,9.7,bhubaneswar,20.2961,85.8245
2021-10-11,2.4,28.0,14.1,bhubaneswar,20.2961,85.8245
2021-10-12,2.5,28.6,7.9,bhubaneswar,20.2961,85.8245
2021-10-13,4.4,29.1,14.7,bhubaneswar,20.2961,85.8245
2021-10-14,41.0,26.5,17.4,bhubaneswar,20.2961,85.8245
2021-10-15,10.8,26.6,18.8,bhubaneswar,20.2961,85.8245
2021-10-16,18.7,26.2,13.6,bhubaneswar,20.2961,85.8245
2021-10-17,16.0,25.8,11.8,bhubaneswar,20.2961,85.8245
2021-10-18,15.1,26.8,14.3,bhubaneswar,20.2961,85.8245
2021-10-19,30.7,25.9,13.0,bhubaneswar,20.2961,85.8245
2021-10-20,4.3,26.5,9.4,bhubaneswar,20.2961,85.8245
2021-10-21,0.0,27.1,8.8,bhubaneswar,20.2961,85.8245
2021-10-22,0.0,25.6,10.5,bhubaneswar,20.2961,85.8245
2021-10-23,0.0,25.7,9.0,bhubaneswar,20.2961,85.8245
2021-10-24,0.0,25.6,8.6,bhubaneswar,20.2961,85.8245
2021-10-25,0.0,25.5,8.7,bhubaneswar,20.2961,85.8245
2021-10-26,0.1,25.9,15.2,bhubaneswar,20.2961,85.8245
2021-10-27,0.1,26.5,21.9,bhubaneswar,20.2961,85.8245
2021-10-28,0.0,26.2,22.0,bhubaneswar,20.2961,85.8245
2021-10-29,8.2,24.8,17.8,bhubaneswar,20.2961,85.8245
2021-10-30,0.0,26.2,13.9,bhubaneswar,20.2961,85.8245
2021-10-31,0.0,25.5,11.8,bhubaneswar,20.2961,85.8245
2021-11-01,0.9,25.5,15.8,bhubaneswar,20.2961,85.8245
2021-11-02,8.4,25.1,13.5,bhubaneswar,20.2961,85.8245
2021-11-03,0.7,25.5,11.5,bhubaneswar,20.2961,85.8245
2021-11-04,0.0,25.2,9.2,bhubaneswar,20.2961,85.8245
2021-11-05,0.0,24.5,10.3,bhubaneswar,20.2961,85.8245
2021-11-06,0.0,23.6,10.4,bhubaneswar,20.2961,85.8245
2021-11-07,0.0,23.0,12.9,bhubaneswar,20.2961,85.8245
2021-11-08,0.0,23.2,13.7,bhubaneswar,20.2961,85.8245
2021-11-09,0.0,23.6,14.2,bhubaneswar,20.2961,85.8245
2021-11-10,0.0,24.2,14.5,bhubaneswar,20.2961,85.8245
2021-11-11,3.0,25.2,15.3,bhubaneswar,20.2961,85.8245
2021-11-12,21.1,24.5,14.2,bhubaneswar,20.2961,85.8245
2021-11-13,5.6,24.6,11.1,bhubaneswar,20.2961,85.8245
2021-11-14,5.2,24.9,12.7,bhubaneswar,20.2961,85.8245
2021-11-15,7.7,25.1,11.0,bhubaneswar,20.2961,85.8245
2021-11-16,2.1,24.6,12.0,bhubaneswar,20.2961,85.8245
2021-11-17,0.0,23.8,18.1,bhubaneswar,20.2961,85.8245
2021-11-18,0.0,23.3,13.7,bhubaneswar,20.2961,85.8245
2021-11-19,0.0,24.5,12.8,bhubaneswar,20.2961,85.8245
2021-11-20,3.7,25.1,10.1,bhubaneswar,20.2961,85.8245
2021-11-21,2.8,25.7,10.3,bhubaneswar,20.2961,85.8245
2021-11-22,5.3,25.6,12.0,bhubaneswar,20.2961,85.8245
2021-11-23,0.6,25.9,9.2,bhubaneswar,20.2961,85.8245
2021-11-24,0.4,24.7,14.1,bhubaneswar,20.2961,85.8245
2021-11-25,0.0,24.7,10.0,bhubaneswar,20.2961,85.8245
2021-11-26,0.2,24.5,8.7,bhubaneswar,20.2961,85.8245
2021-11-27,0.0,23.6,10.8,bhubaneswar,20.2961,85.8245
2021-11-28,0.0,21.8,13.7,bhubaneswar,20.2961,85.8245
2021-11-29,0.0,21.7,12.5,bhubaneswar,20.2961,85.8245
2021-11-30,0.0,21.0,12.2,bhubaneswar,20.2961,85.8245
2021-12-01,0.0,21.2,13.4,bhubaneswar,20.2961,85.8245
2021-12-02,0.0,22.1,11.1,bhubaneswar,20.2961,85.8245
2021-12-03,6.8,22.6,17.2,bhubaneswar,20.2961,85.8245
2021-12-04,62.3,20.3,24.7,bhubaneswar,20.2961,85.8245
2021-12-05,77.7,21.0,27.2,bhubaneswar,20.2961,85.8245
2021-12-06,0.0,23.6,10.5,bhubaneswar,20.2961,85.8245
2021-12-07,0.0,23.0,11.4,bhubaneswar,20.2961,85.8245
2021-12-08,4.1,23.0,17.9,bhubaneswar,20.2961,85.8245
2021-12-09,26.3,21.0,15.9,bhubaneswar,20.2961,85.8245
2021-12-10,0.0,22.8,9.7,bhubaneswar,20.2961,85.8245
2021-12-11,0.0,22.9,9.9,bhubaneswar,20.2961,85.8245
2021-12-12,0.0,21.6,14.4,bhubaneswar,20.2961,85.8245
2021-12-13,0.0,20.6,11.2,bhubaneswar,20.2961,85.8245
2021-12-14,0.0,20.0,9.2,bhubaneswar,20.2961,85.8245
2021-12-15,0.0,19.8,9.3,bhubaneswar,20.2961,85.8245
2021-12-16,0.0,18.6,12.7,bhubaneswar,20.2961,85.8245
2021-12-17,0.0,18.7,12.6,bhubaneswar,20.2961,85.8245
2021-12-18,0.0,20.0,12.8,bhubaneswar,20.2961,85.8245
2021-12-19,0.0,19.0,12.5,bhubaneswar,20.2961,85.8245
2021-12-20,0.0,16.5,11.3,bhubaneswar,20.2961,85.8245
2021-12-21,0.0,16.4,9.7,bhubaneswar,20.2961,85.8245
2021-12-22,0.0,17.7,10.3,bhubaneswar,20.2961,85.8245
2021-12-23,0.0,18.2,9.5,bhubaneswar,20.2961,85.8245
2021-12-24,0.0,19.1,9.9,bhubaneswar,20.2961,85.8245
2021-12-25,0.0,20.7,10.1,bhubaneswar,20.2961,85.8245
2021-12-26,3.0,21.2,11.0,bhubaneswar,20.2961,85.8245
2021-12-27,2.3,21.6,12.8,bhubaneswar,20.2961,85.8245
2021-12-28,0.4,21.6,13.0,bhubaneswar,20.2961,85.8245
2021-12-29,9.3,20.7,11.6,bhubaneswar,20.2961,85.8245
2021-12-30,0.0,21.2,15.5,bhubaneswar,20.2961,85.8245
2021-12-31,0.0,19.9,18.4,bhubaneswar,20.2961,85.8245
2022-01-01,0.0,19.6,12.6,bhubaneswar,20.2961,85.8245
2022-01-02,0.0,18.4,12.2,bhubaneswar,20.2961,85.8245
2022-01-03,0.0,18.4,12.5,bhubaneswar,20.2961,85.8245
2022-01-04,0.0,18.5,10.9,bhubaneswar,20.2961,85.8245
2022-01-05,0.0,19.3,9.4,bhubaneswar,20.2961,85.8245
2022-01-06,0.0,20.0,8.7,bhubaneswar,20.2961,85.8245
2022-01-07,0.0,20.3,9.4,bhubaneswar,20.2961,85.8245
2022-01-08,0.0,20.3,9.7,bhubaneswar,20.2961,85.8245
2022-01-09,0.0,20.3,9.0,bhubaneswar,20.2961,85.8245
2022-01-10,0.0,21.2,8.8,bhubaneswar,20.2961,85.8245
2022-01-11,0.0,22.1,11.3,bhubaneswar,20.2961,85.8245
2022-01-12,5.1,20.0,10.6,bhubaneswar,20.2961,85.8245
2022-01-13,20.8,20.7,11.6,bhubaneswar,20.2961,85.8245
2022-01-14,16.2,19.5,16.1,bhubaneswar,20.2961,85.8245
2022-01-15,0.0,19.3,16.3,bhubaneswar,20.2961,85.8245
2022-01-16,0.0,19.1,16.1,bhubaneswar,20.2961,85.8245
2022-01-17,0.0,18.2,13.3,bhubaneswar,20.2961,85.8245
2022-01-18,0.0,17.9,9.7,bhubaneswar,20.2961,85.8245
2022-01-19,0.0,18.5,8.8,bhubaneswar,20.2961,85.8245
2022-01-20,0.0,19.9,8.9,bhubaneswar,20.2961,85.8245
2022-01-21,0.1,20.7,12.0,bhubaneswar,20.2961,85.8245
2022-01-22,0.0,21.7,9.8,bhubaneswar,20.2961,85.8245
2022-01-23,3.9,22.3,16.3,bhubaneswar,20.2961,85.8245
2022-01-24,0.0,21.7,11.5,bhubaneswar,20.2961,85.8245
2022-01-25,0.4,20.7,10.9,bhubaneswar,20.2961,85.8245
2022-01-26,0.8,20.5,8.6,bhubaneswar,20.2961,85.8245
2022-01-27,0.0,19.1,13.6,bhubaneswar,20.2961,85.8245
2022-01-28,0.0,17.7,13.4,bhubaneswar,20.2961,85.8245
2022-01-29,0.0,17.5,9.5,bhubaneswar,20.2961,85.8245
2022-01-30,0.0,18.5,9.6,bhubaneswar,20.2961,85.8245
2022-01-31,0.0,21.2,10.8,bhubaneswar,20.2961,85.8245
2022-02-01,0.0,22.7,11.0,bhubaneswar,20.2961,85.8245
2022-02-02,0.0,22.6,15.7,bhubaneswar,20.2961,85.8245
2022-02-03,0.1,23.5,19.4,bhubaneswar,20.2961,85.8245
2022-02-04,12.2,22.3,29.9,bhubaneswar,20.2961,85.8245
2022-02-05,0.0,19.0,13.0,bhubaneswar,20.2961,85.8245
2022-02-06,0.0,19.0,10.2,bhubaneswar,20.2961,85.8245
2022-02-07,0.0,21.3,11.6,bhubaneswar,20.2961,85.8245
2022-02-08,0.0,22.1,16.3,bhubaneswar,20.2961,85.8245
2022-02-09,0.0,22.3,15.8,bhubaneswar,20.2961,85.8245
2022-02-10,1.9,23.0,12.0,bhubaneswar,20.2961,85.8245
2022-02-11,0.0,21.5,15.5,bhubaneswar,20.2961,85.8245
2022-02-12,0.0,20.2,14.1,bhubaneswar,20.2961,85.8245
2022-02-13,0.0,19.6,9.8,bhubaneswar,20.2961,85.8245
2022-02-14,0.0,20.2,9.2,bhubaneswar,20.2961,85.8245
2022-02-15,0.0,21.3,10.4,bhubaneswar,20.2961,85.8245
2022-02-16,0.0,22.8,13.8,bhubaneswar,20.2961,85.8245
2022-02-17,0.0,23.3,14.8,bhubaneswar,20.2961,85.8245
2022-02-18,3.1,23.8,16.3,bhubaneswar,20.2961,85.8245
2022-02-19,0.0,25.0,13.8,bhubaneswar,20.2961,85.8245
2022-02-20,0.8,25.3,17.6,bhubaneswar,20.2961,85.8245
2022-02-21,0.0,24.4,11.2,bhubaneswar,20.2961,85.8245
2022-02-22,0.0,24.8,12.5,bhubaneswar,20.2961,85.8245
2022-02-23,0.0,25.0,19.5,bhubaneswar,20.2961,85.8245
2022-02-24,0.0,24.9,17.6,bhubaneswar,20.2961,85.8245
2022-02-25,0.0,25.1,15.5,bhubaneswar,20.2961,85.8245
2022-02-26,0.4,25.1,13.5,bhubaneswar,20.2961,85.8245
2022-02-27,0.0,24.9,15.6,bhubaneswar,20.2961,85.8245
2022-02-28,0.0,25.7,12.3,bhubaneswar,20.2961,85.8245
2022-03-01,0.0,25.7,18.2,bhubaneswar,20.2961,85.8245
2022-03-02,0.0,25.3,12.0,bhubaneswar,20.2961,85.8245
2022-03-03,0.0,25.6,14.2,bhubaneswar,20.2961,85.8245
2022-03-04,0.0,26.0,16.6,bhubaneswar,20.2961,85.8245
2022-03-05,0.0,27.0,13.1,bhubaneswar,20.2961,85.8245
2022-03-06,0.0,26.5,16.3,bhubaneswar,20.2961,85.8245
2022-03-07,0.0,26.5,15.7,bhubaneswar,20.2961,85.8245
2022-03-08,0.0,27.3,16.8,bhubaneswar,20.2961,85.8245
2022-03-09,0.0,27.3,9.6,bhubaneswar,20.2961,85.8245
2022-03-10,0.0,27.1,16.3,bhubaneswar,20.2961,85.8245
2022-03-11,0.0,27.7,12.3,bhubaneswar,20.2961,85.8245
2022-03-12,0.0,27.8,14.0,bhubaneswar,20.2961,85.8245
2022-03-13,0.0,27.4,13.8,bhubaneswar,20.2961,85.8245
2022-03-14,0.0,27.5,15.0,bhubaneswar,20.2961,85.8245
2022-03-15,0.0,28.2,17.0,bhubaneswar,20.2961,85.8245
2022-03-16,0.0,29.1,19.0,bhubaneswar,20.2961,85.8245
2022-03-17,0.0,28.1,19.8,bhubaneswar,20.2961,85.8245
2022-03-18,0.0,27.9,18.8,bhubaneswar,20.2961,85.8245
2022-03-19,0.0,28.1,17.6,bhubaneswar,20.2961,85.8245
2022-03-20,0.0,28.7,19.6,bhubaneswar,20.2961,85.8245
2022-03-21,0.0,29.6,19.3,bhubaneswar,20.2961,85.8245
2022-03-22,0.0,29.9,19.1,bhubaneswar,20.2961,85.8245
2022-03-23,0.6,29.1,20.9,bhubaneswar,20.2961,85.8245
2022-03-24,0.5,29.1,24.1,bhubaneswar,20.2961,85.8245
2022-03-25,0.0,29.5,22.2,bhubaneswar,20.2961,85.8245
2022-03-26,1.2,29.8,20.5,bhubaneswar,20.2961,85.8245
2022-03-27,0.2,30.2,17.0,bhubaneswar,20.2961,85.8245
2022-03-28,0.0,30.0,23.9,bhubaneswar,20.2961,85.8245
2022-03-29,0.0,29.7,22.3,bhubaneswar,20.2961,85.8245
2022-03-30,0.0,29.6,21.3,bhubaneswar,20.2961,85.8245
2022-03-31,0.0,29.7,22.7,bhubaneswar,20.2961,85.8245
2022-04-01,0.1,29.7,23.0,bhubaneswar,20.2961,85.8245
2022-04-02,0.0,29.8,25.1,bhubaneswar,20.2961,85.8245
2022-04-03,0.0,30.1,22.0,bhubaneswar,20.2961,85.8245
2022-04-04,0.0,29.4,25.0,bhubaneswar,20.2961,85.8245
2022-04-05,0.0,29.2,23.4,bhubaneswar,20.2961,85.8245
2022-04-06,0.0,29.0,20.2,bhubaneswar,20.2961,85.8245
2022-04-07,0.0,29.0,17.0,bhubaneswar,20.2961,85.8245
2022-04-08,0.0,29.6,20.7,bhubaneswar,20.2961,85.8245
2022-04-09,0.0,30.1,25.3,bhubaneswar,20.2961,85.8245
2022-04-10,0.0,29.8,24.0,bhubaneswar,20.2961,85.8245
2022-04-11,0.0,29.9,24.0,bhubaneswar,20.2961,85.8245
2022-04-12,0.0,30.0,23.3,bhubaneswar,20.2961,85.8245
2022-04-13,0.0,30.5,24.4,bhubaneswar,20.2961,85.8245
2022-04-14,0.0,31.0,24.2,bhubaneswar,20.2961,85.8245
2022-04-15,0.0,31.0,19.6,bhubaneswar,20.2961,85.8245
2022-04-16,0.0,30.7,20.4,bhubaneswar,20.2961,85.8245
2022-04-17,0.0,30.5,23.1,bhubaneswar,20.2961,85.8245
2022-04-18,0.0,30.9,21.1,bhubaneswar,20.2961,85.8245
2022-04-19,0.0,30.5,24.7,bhubaneswar,20.2961,85.8245
2022-04-20,0.0,30.4,21.4,bhubaneswar,20.2961,85.8245
2022-04-21,0.0,30.2,25.3,bhubaneswar,20.2961,85.8245
2022-04-22,0.0,31.1,19.8,bhubaneswar,20.2961,85.8245
2022-04-23,0.0,31.8,18.7,bhubaneswar,20.2961,85.8245
2022-04-24,0.0,32.2,18.9,bhubaneswar,20.2961,85.8245
2022-04-25,0.2,31.6,21.1,bhubaneswar,20.2961,85.8245
2022-04-26,0.1,31.5,18.4,bhubaneswar,20.2961,85.8245
2022-04-27,0.0,31.3,18.5,bhubaneswar,20.2961,85.8245
2022-04-28,0.0,31.3,21.0,bhubaneswar,20.2961,85.8245
2022-04-29,0.7,31.2,20.8,bhubaneswar,20.2961,85.8245
2022-04-30,0.0,31.0,24.7,bhubaneswar,20.2961,85.8245
2022-05-01,0.1,30.5,23.9,bhubaneswar,20.2961,85.8245
2022-05-02,0.0,30.8,23.8,bhubaneswar,20.2961,85.8245
2022-05-03,8.3,30.8,23.7,bhubaneswar,20.2961,85.8245
2022-05-04,0.0,31.3,26.3,bhubaneswar,20.2961,85.8245
2022-05-05,21.5,30.1,19.8,bhubaneswar,20.2961,85.8245
2022-05-06,0.0,30.1,15.1,bhubaneswar,20.2961,85.8245
2022-05-07,1.2,29.9,15.2,bhubaneswar,20.2961,85.8245
2022-05-08,0.0,29.8,19.4,bhubaneswar,20.2961,85.8245
2022-05-09,1.6,29.3,17.7,bhubaneswar,20.2961,85.8245
2022-05-10,9.9,28.6,19.0,bhubaneswar,20.2961,85.8245
2022-05-11,1.4,29.2,23.8,bhubaneswar,20.2961,85.8245
2022-05-12,0.3,30.2,24.4,bhubaneswar,20.2961,85.8245
2022-05-13,0.0,30.5,28.0,bhubaneswar,20.2961,85.8245
2022-05-14,0.0,30.8,25.3,bhubaneswar,20.2961,85.8245
2022-05-15,0.1,30.9,23.8,bhubaneswar,20.2961,85.8245
2022-05-16,0.0,30.7,23.9,bhubaneswar,20.2961,85.8245
2022-05-17,0.0,31.0,25.3,bhubaneswar,20.2961,85.8245
2022-05-18,0.0,31.0,23.0,bhubaneswar,20.2961,85.8245
2022-05-19,0.4,31.2,20.6,bhubaneswar,20.2961,85.8245
2022-05-20,0.0,31.6,24.7,bhubaneswar,20.2961,85.8245
2022-05-21,1.4,31.7,21.1,bhubaneswar,20.2961,85.8245
2022-05-22,20.5,29.7,14.7,bhubaneswar,20.2961,85.8245
2022-05-23,1.3,31.5,14.6,bhubaneswar,20.2961,85.8245
2022-05-24,0.4,30.1,16.3,bhubaneswar,20.2961,85.8245
2022-05-25,0.0,31.3,15.9,bhubaneswar,20.2961,85.8245
2022-05-26,0.0,32.0,21.7,bhubaneswar,20.2961,85.8245
2022-05-27,0.0,32.4,16.2,bhubaneswar,20.2961,85.8245
2022-05-28,0.4,32.4,24.2,bhubaneswar,20.2961,85.8245
2022-05-29,1.0,32.5,17.9,bhubaneswar,20.2961,85.8245
2022-05-30,0.0,31.3,15.7,bhubaneswar,20.2961,85.8245
2022-05-31,0.0,32.9,19.4,bhubaneswar,20.2961,85.8245
2022-06-01,0.0,32.8,15.2,bhubaneswar,20.2961,85.8245
2022-06-02,0.0,32.4,18.4,bhubaneswar,20.2961,85.8245
2022-06-03,0.0,31.8,19.7,bhubaneswar,20.2961,85.8245
2022-06-04,0.1,31.5,26.6,bhubaneswar,20.2961,85.8245
2022-06-05,0.0,30.9,24.5,bhubaneswar,20.2961,85.8245
2022-06-06,0.2,30.7,23.2,bhubaneswar,20.2961,85.8245
2022-06-07,0.0,31.4,21.6,bhubaneswar,20.2961,85.8245
2022-06-08,0.0,31.9,20.5,bhubaneswar,20.2961,85.8245
2022-06-09,0.0,31.5,18.0,bhubaneswar,20.2961,85.8245
2022-06-10,8.8,30.8,22.5,bhubaneswar,20.2961,85.8245
2022-06-11,0.0,30.9,25.1,bhubaneswar,20.2961,85.8245
2022-06-12,0.0,31.3,20.8,bhubaneswar,20.2961,85.8245
2022-06-13,0.0,32.2,16.9,bhubaneswar,20.2961,85.8245
2022-06-14,10.2,31.4,25.8,bhubaneswar,20.2961,85.8245
2022-06-15,4.4,30.2,20.4,bhubaneswar,20.2961,85.8245
2022-06-16,0.8,30.4,20.6,bhubaneswar,20.2961,85.8245
2022-06-17,1.4,30.0,27.9,bhubaneswar,20.2961,85.8245
2022-06-18,0.7,30.2,27.4,bhubaneswar,20.2961,85.8245
2022-06-19,17.6,29.1,20.5,bhubaneswar,20.2961,85.8245
2022-06-20,12.3,28.4,16.4,bhubaneswar,20.2961,85.8245
2022-06-21,4.2,28.5,19.2,bhubaneswar,20.2961,85.8245
2022-06-22,5.6,29.0,12.1,bhubaneswar,20.2961,85.8245
2022-06-23,12.1,27.6,15.8,bhubaneswar,20.2961,85.8245
2022-06-24,17.5,27.5,12.2,bhubaneswar,20.2961,85.8245
2022-06-25,7.9,27.9,18.0,bhubaneswar,20.2961,85.8245
2022-06-26,1.8,29.0,20.2,bhubaneswar,20.2961,85.8245
2022-06-27,0.5,28.9,17.9,bhubaneswar,20.2961,85.8245
2022-06-28,0.2,28.8,16.4,bhubaneswar,20.2961,85.8245
2022-06-29,7.1,29.1,16.2,bhubaneswar,20.2961,85.8245
2022-06-30,25.9,28.7,15.1,bhubaneswar,20.2961,85.8245
2022-07-01,33.9,28.3,13.4,bhubaneswar,20.2961,85.8245
2022-07-02,25.4,28.0,13.0,bhubaneswar,20.2961,85.8245
2022-07-03,9.3,28.0,10.0,bhubaneswar,20.2961,85.8245
2022-07-04,37.9,27.7,15.2,bhubaneswar,20.2961,85.8245
2022-07-05,13.1,26.0,9.3,bhubaneswar,20.2961,85.8245
2022-07-06,3.9,28.0,12.3,bhubaneswar,20.2961,85.8245
2022-07-07,8.3,27.8,14.7,bhubaneswar,20.2961,85.8245
2022-07-08,10.9,27.3,22.0,bhubaneswar,20.2961,85.8245
2022-07-09,7.1,26.8,16.4,bhubaneswar,20.2961,85.8245
2022-07-10,13.2,27.5,16.3,bhubaneswar,20.2961,85.8245
2022-07-11,18.6,27.6,18.7,bhubaneswar,20.2961,85.8245
2022-07-12,3.9,27.8,17.9,bhubaneswar,20.2961,85.8245
2022-07-13,39.5,26.6,15.6,bhubaneswar,20.2961,85.8245
2022-07-14,6.7,27.0,9.7,bhubaneswar,20.2961,85.8245
2022-07-15,16.7,27.2,12.6,bhubaneswar,20.2961,85.8245
2022-07-16,17.5,26.4,10.1,bhubaneswar,20.2961,85.8245
2022-07-17,8.9,27.4,24.1,bhubaneswar,20.2961,85.8245
2022-07-18,2.0,27.6,29.2,bhubaneswar,20.2961,85.8245
2022-07-19,3.0,28.5,15.6,bhubaneswar,20.2961,85.8245
2022-07-20,11.3,28.3,13.0,bhubaneswar,20.2961,85.8245
2022-07-21,8.7,28.2,16.1,bhubaneswar,20.2961,85.8245
2022-07-22,22.1,27.5,14.8,bhubaneswar,20.2961,85.8245
2022-07-23,22.4,27.0,18.1,bhubaneswar,20.2961,85.8245
2022-07-24,6.6,27.4,17.3,bhubaneswar,20.2961,85.8245
2022-07-25,5.2,27.3,18.8,bhubaneswar,20.2961,85.8245
2022-07-26,1.2,27.9,19.1,bhubaneswar,20.2961,85.8245
2022-07-27,1.6,28.3,17.6,bhubaneswar,20.2961,85.8245
2022-07-28,0.5,28.9,17.2,bhubaneswar,20.2961,85.8245
2022-07-29,1.2,29.5,15.2,bhubaneswar,20.2961,85.8245
2022-07-30,2.1,29.4,18.3,bhubaneswar,20.2961,85.8245
2022-07-31,4.9,29.7,15.6,bhubaneswar,20.2961,85.8245
2022-08-01,13.2,28.7,13.0,bhubaneswar,20.2961,85.8245
2022-08-02,15.5,28.3,16.0,bhubaneswar,20.2961,85.8245
2022-08-03,1.6,28.7,13.4,bhubaneswar,20.2961,85.8245
2022-08-04,8.9,28.1,14.5,bhubaneswar,20.2961,85.8245
2022-08-05,23.7,27.6,15.9,bhubaneswar,20.2961,85.8245
2022-08-06,44.1,26.5,11.2,bhubaneswar,20.2961,85.8245
2022-08-07,11.3,27.0,18.9,bhubaneswar,20.2961,85.8245
2022-08-08,16.2,27.0,21.1,bhubaneswar,20.2961,85.8245
2022-08-09,4.9,26.7,20.5,bhubaneswar,20.2961,85.8245
2022-08-10,22.2,26.1,18.6,bhubaneswar,20.2961,85.8245
2022-08-11,35.7,26.5,17.3,bhubaneswar,20.2961,85.8245
2022-08-12,47.5,27.0,14.3,bhubaneswar,20.2961,85.8245
2022-08-13,46.1,25.8,19.8,bhubaneswar,20.2961,85.8245
2022-08-14,54.7,25.9,26.3,bhubaneswar,20.2961,85.8245
2022-08-15,0.9,28.6,28.9,bhubaneswar,20.2961,85.8245
2022-08-16,1.0,28.4,13.1,bhubaneswar,20.2961,85.8245
2022-08-17,4.7,29.1,13.6,bhubaneswar,20.2961,85.8245
2022-08-18,17.2,28.7,18.9,bhubaneswar,20.2961,85.8245
2022-08-19,55.4,26.9,24.6,bhubaneswar,20.2961,85.8245
2022-08-20,8.5,27.1,21.3,bhubaneswar,20.2961,85.8245
2022-08-21,2.3,29.2,15.2,bhubaneswar,20.2961,85.8245
2022-08-22,0.3,28.7,13.8,bhubaneswar,20.2961,85.8245
2022-08-23,18.0,28.0,11.1,bhubaneswar,20.2961,85.8245
2022-08-24,23.1,26.2,9.7,bhubaneswar,20.2961,85.8245
2022-08-25,0.5,27.9,13.8,bhubaneswar,20.2961,85.8245
2022-08-26,1.2,28.7,13.2,bhubaneswar,20.2961,85.8245
2022-08-27,12.9,28.6,15.2,bhubaneswar,20.2961,85.8245
2022-08-28,11.2,28.2,13.5,bhubaneswar,20.2961,85.8245
2022-08-29,2.9,28.5,14.4,bhubaneswar,20.2961,85.8245
2022-08-30,0.8,29.0,12.2,bhubaneswar,20.2961,85.8245
2022-08-31,8.9,28.1,16.9,bhubaneswar,20.2961,85.8245
2022-09-01,0.6,28.9,16.9,bhubaneswar,20.2961,85.8245
2022-09-02,0.7,29.3,14.6,bhubaneswar,20.2961,85.8245
2022-09-03,8.5,28.7,14.5,bhubaneswar,20.2961,85.8245
2022-09-04,4.8,28.5,15.9,bhubaneswar,20.2961,85.8245
2022-09-05,5.0,28.7,14.2,bhubaneswar,20.2961,85.8245
2022-09-06,8.1,28.7,11.9,bhubaneswar,20.2961,85.8245
2022-09-07,25.9,27.5,17.1,bhubaneswar,20.2961,85.8245
2022-09-08,15.2,26.8,20.9,bhubaneswar,20.2961,85.8245
2022-09-09,20.3,27.0,24.4,bhubaneswar,20.2961,85.8245
2022-09-10,27.6,26.3,21.3,bhubaneswar,20.2961,85.8245
2022-09-11,17.3,26.2,22.5,bhubaneswar,20.2961,85.8245
2022-09-12,4.8,27.6,29.6,bhubaneswar,20.2961,85.8245
2022-09-13,6.7,27.7,30.3,bhubaneswar,20.2961,85.8245
2022-09-14,2.3,28.0,21.1,bhubaneswar,20.2961,85.8245
2022-09-15,0.9,28.3,13.0,bhubaneswar,20.2961,85.8245
2022-09-16,4.1,28.6,11.5,bhubaneswar,20.2961,85.8245
2022-09-17,1.1,28.3,13.3,bhubaneswar,20.2961,85.8245
2022-09-18,13.4,27.2,16.3,bhubaneswar,20.2961,85.8245
2022-09-19,14.0,26.3,18.1,bhubaneswar,20.2961,85.8245
2022-09-20,16.6,26.7,12.3,bhubaneswar,20.2961,85.8245
2022-09-21,3.6,27.3,15.2,bhubaneswar,20.2961,85.8245
2022-09-22,7.3,26.8,15.8,bhubaneswar,20.2961,85.8245
2022-09-23,14.8,26.4,12.1,bhubaneswar,20.2961,85.8245
2022-09-24,5.3,27.4,8.0,bhubaneswar,20.2961,85.8245
2022-09-25,7.5,27.1,15.3,bhubaneswar,20.2961,85.8245
2022-09-26,5.8,27.0,13.0,bhubaneswar,20.2961,85.8245
2022-09-27,3.1,27.1,15.6,bhubaneswar,20.2961,85.8245
2022-09-28,2.2,27.5,15.9,bhubaneswar,20.2961,85.8245
2022-09-29,3.5,27.4,15.3,bhubaneswar,20.2961,85.8245
2022-09-30,3.9,26.9,13.4,bhubaneswar,20.2961,85.8245
2022-10-01,12.6,26.8,15.3,bhubaneswar,20.2961,85.8245
2022-10-02,6.3,27.0,14.4,bhubaneswar,20.2961,85.8245
2022-10-03,25.3,26.3,15.1,bhubaneswar,20.2961,85.8245
2022-10-04,26.5,25.8,21.9,bhubaneswar,20.2961,85.8245
2022-10-05,19.6,26.1,19.9,bhubaneswar,20.2961,85.8245
2022-10-06,14.7,25.3,20.2,bhubaneswar,20.2961,85.8245
2022-10-07,8.0,26.3,19.7,bhubaneswar,20.2961,85.8245
2022-10-08,12.9,26.1,17.3,bhubaneswar,20.2961,85.8245
2022-10-09,14.0,25.9,14.6,bhubaneswar,20.2961,85.8245
2022-10-10,4.0,26.1,13.0,bhubaneswar,20.2961,85.8245
2022-10-11,4.0,27.0,13.4,bhubaneswar,20.2961,85.8245
2022-10-12,8.9,26.7,16.8,bhubaneswar,20.2961,85.8245
2022-10-13,2.6,26.5,14.8,bhubaneswar,20.2961,85.8245
2022-10-14,8.2,26.3,14.1,bhubaneswar,20.2961,85.8245
2022-10-15,7.7,25.8,11.4,bhubaneswar,20.2961,85.8245
2022-10-16,12.6,26.4,16.5,bhubaneswar,20.2961,85.8245
2022-10-17,1.0,27.5,15.3,bhubaneswar,20.2961,85.8245
2022-10-18,0.3,27.2,11.5,bhubaneswar,20.2961,85.8245
2022-10-19,0.0,26.8,13.2,bhubaneswar,20.2961,85.8245
2022-10-20,0.0,26.4,17.1,bhubaneswar,20.2961,85.8245
2022-10-21,0.0,26.1,16.8,bhubaneswar,20.2961,85.8245
2022-10-22,0.0,26.2,18.3,bhubaneswar,20.2961,85.8245
2022-10-23,0.0,26.5,23.7,bhubaneswar,20.2961,85.8245
2022-10-24,0.2,26.1,22.8,bhubaneswar,20.2961,85.8245
2022-10-25,0.0,26.0,9.2,bhubaneswar,20.2961,85.8245
2022-10-26,0.0,25.8,8.2,bhubaneswar,20.2961,85.8245
2022-10-27,0.0,26.0,9.4,bhubaneswar,20.2961,85.8245
2022-10-28,0.0,25.4,8.6,bhubaneswar,20.2961,85.8245
2022-10-29,0.0,24.3,9.3,bhubaneswar,20.2961,85.8245
2022-10-30,0.0,24.2,9.3,bhubaneswar,20.2961,85.8245
2022-10-31,0.0,25.4,11.1,bhubaneswar,20.2961,85.8245
2022-11-01,0.0,25.9,9.5,bhubaneswar,20.2961,85.8245
2022-11-02,0.0,26.5,10.0,bhubaneswar,20.2961,85.8245
2022-11-03,0.0,25.9,7.8,bhubaneswar,20.2961,85.8245
2022-11-04,0.0,25.3,8.9,bhubaneswar,20.2961,85.8245
2022-11-05,0.0,25.3,9.6,bhubaneswar,20.2961,85.8245
2022-11-06,0.0,25.5,8.8,bhubaneswar,20.2961,85.8245
2022-11-07,0.1,25.0,11.8,bhubaneswar,20.2961,85.8245
2022-11-08,0.0,25.1,9.3,bhubaneswar,20.2961,85.8245
2022-11-09,0.0,24.7,9.2,bhubaneswar,20.2961,85.8245
2022-11-10,0.0,24.4,14.2,bhubaneswar,20.2961,85.8245
2022-11-11,0.0,24.5,11.1,bhubaneswar,20.2961,85.8245
2022-11-12,0.0,24.3,11.9,bhubaneswar,20.2961,85.8245
2022-11-13,0.0,23.5,11.6,bhubaneswar,20.2961,85.8245
2022-11-14,0.0,22.7,11.0,bhubaneswar,20.2961,85.8245
2022-11-15,0.0,22.5,10.3,bhubaneswar,20.2961,85.8245
2022-11-16,0.0,22.6,11.3,bhubaneswar,20.2961,85.8245
2022-11-17,0.0,22.9,15.0,bhubaneswar,20.2961,85.8245
2022-11-18,0.0,23.0,17.9,bhubaneswar,20.2961,85.8245
2022-11-19,0.0,22.2,18.2,bhubaneswar,20.2961,85.8245
2022-11-20,0.0,23.4,15.8,bhubaneswar,20.2961,85.8245
2022-11-21,0.0,24.6,14.3,bhubaneswar,20.2961,85.8245
2022-11-22,0.0,24.5,12.5,bhubaneswar,20.2961,85.8245
2022-11-23,0.0,24.2,9.2,bhubaneswar,20.2961,85.8245
2022-11-24,0.0,23.0,8.9,bhubaneswar,20.2961,85.8245
2022-11-25,0.0,21.7,13.8,bhubaneswar,20.2961,85.8245
2022-11-26,0.0,21.7,10.0,bhubaneswar,20.2961,85.8245
2022-11-27,0.0,21.5,9.2,bhubaneswar,20.2961,85.8245
2022-11-28,0.0,22.4,10.4,bhubaneswar,20.2961,85.8245
2022-11-29,0.0,23.9,17.1,bhubaneswar,20.2961,85.8245
2022-11-30,0.0,24.0,13.8,bhubaneswar,20.2961,85.8245
2022-12-01,0.0,24.5,13.3,bhubaneswar,20.2961,85.8245
2022-12-02,0.0,23.6,11.5,bhubaneswar,20.2961,85.8245
2022-12-03,0.0,22.9,11.0,bhubaneswar,20.2961,85.8245
2022-12-04,0.0,22.5,9.8,bhubaneswar,20.2961,85.8245
2022-12-05,0.0,22.0,10.2,bhubaneswar,20.2961,85.8245
2022-12-06,0.0,21.4,14.6,bhubaneswar,20.2961,85.8245
2022-12-07,0.0,21.0,14.6,bhubaneswar,20.2961,85.8245
2022-12-08,0.0,20.3,17.1,bhubaneswar,20.2961,85.8245
2022-12-09,0.0,22.1,16.9,bhubaneswar,20.2961,85.8245
2022-12-10,0.1,21.0,15.5,bhubaneswar,20.2961,85.8245
2022-12-11,0.0,22.8,10.2,bhubaneswar,20.2961,85.8245
2022-12-12,0.0,23.1,10.9,bhubaneswar,20.2961,85.8245
2022-12-13,0.0,24.2,11.6,bhubaneswar,20.2961,85.8245
2022-12-14,0.0,24.3,13.0,bhubaneswar,20.2961,85.8245
2022-12-15,0.0,23.3,11.7,bhubaneswar,20.2961,85.8245
2022-12-16,0.0,21.7,13.1,bhubaneswar,20.2961,85.8245
2022-12-17,0.0,20.2,11.2,bhubaneswar,20.2961,85.8245
2022-12-18,0.0,19.9,13.7,bhubaneswar,20.2961,85.8245
2022-12-19,0.0,19.8,11.0,bhubaneswar,20.2961,85.8245
2022-12-20,0.0,20.6,12.8,bhubaneswar,20.2961,85.8245
2022-12-21,0.0,20.6,9.8,bhubaneswar,20.2961,85.8245
2022-12-22,0.0,20.5,8.6,bhubaneswar,20.2961,85.8245
2022-12-23,0.0,20.0,10.5,bhubaneswar,20.2961,85.8245
2022-12-24,0.0,21.1,9.9,bhubaneswar,20.2961,85.8245
2022-12-25,0.0,22.2,12.2,bhubaneswar,20.2961,85.8245
2022-12-26,0.0,23.5,9.9,bhubaneswar,20.2961,85.8245
2022-12-27,0.0,25.0,12.0,bhubaneswar,20.2961,85.8245
2022-12-28,0.3,24.8,14.2,bhubaneswar,20.2961,85.8245
2022-12-29,0.0,22.0,12.8,bhubaneswar,20.2961,85.8245
2022-12-30,0.0,21.4,9.2,bhubaneswar,20.2961,85.8245
2022-12-31,0.0,22.8,14.6,bhubaneswar,20.2961,85.8245
2023-01-01,0.8,23.1,9.2,bhubaneswar,20.2961,85.8245
2023-01-02,1.0,21.8,10.8,bhubaneswar,20.2961,85.8245
2023-01-03,0.0,21.5,13.7,bhubaneswar,20.2961,85.8245
2023-01-04,0.0,21.2,13.3,bhubaneswar,20.2961,85.8245
2023-01-05,0.0,20.5,16.6,bhubaneswar,20.2961,85.8245
2023-01-06,0.0,19.9,13.3,bhubaneswar,20.2961,85.8245
2023-01-07,0.0,18.6,10.9,bhubaneswar,20.2961,85.8245
2023-01-08,0.0,18.8,10.1,bhubaneswar,20.2961,85.8245
2023-01-09,0.0,19.1,14.7,bhubaneswar,20.2961,85.8245
2023-01-10,0.0,20.3,10.5,bhubaneswar,20.2961,85.8245
2023-01-11,0.0,20.4,11.3,bhubaneswar,20.2961,85.8245
2023-01-12,0.0,21.3,15.9,bhubaneswar,20.2961,85.8245
2023-01-13,0.0,23.3,16.6,bhubaneswar,20.2961,85.8245
2023-01-14,0.0,23.9,11.5,bhubaneswar,20.2961,85.8245
2023-01-15,0.0,23.4,10.0,bhubaneswar,20.2961,85.8245
2023-01-16,0.0,22.6,15.6,bhubaneswar,20.2961,85.8245
2023-01-17,0.1,22.7,17.3,bhubaneswar,20.2961,85.8245
2023-01-18,2.0,23.2,13.9,bhubaneswar,20.2961,85.8245
2023-01-19,0.2,22.2,17.1,bhubaneswar,20.2961,85.8245
2023-01-20,0.0,22.1,9.4,bhubaneswar,20.2961,85.8245
2023-01-21,0.0,22.3,15.8,bhubaneswar,20.2961,85.8245
2023-01-22,0.0,22.4,13.5,bhubaneswar,20.2961,85.8245
2023-01-23,0.0,23.0,13.7,bhubaneswar,20.2961,85.8245
2023-01-24,0.0,22.9,12.2,bhubaneswar,20.2961,85.8245
2023-01-25,0.0,23.5,13.0,bhubaneswar,20.2961,85.8245
2023-01-26,0.0,24.1,10.1,bhubaneswar,20.2961,85.8245
2023-01-27,0.0,24.2,10.2,bhubaneswar,20.2961,85.8245
2023-01-28,0.0,24.1,15.8,bhubaneswar,20.2961,85.8245
2023-01-29,0.0,23.4,14.1,bhubaneswar,20.2961,85.8245
2023-01-30,0.0,22.9,10.7,bhubaneswar,20.2961,85.8245
2023-01-31,0.0,24.3,9.6,bhubaneswar,20.2961,85.8245
2023-02-01,0.0,23.6,12.7,bhubaneswar,20.2961,85.8245
2023-02-02,0.0,22.0,18.1,bhubaneswar,20.2961,85.8245
2023-02-03,0.0,21.2,11.0,bhubaneswar,20.2961,85.8245
2023-02-04,0.0,21.9,13.3,bhubaneswar,20.2961,85.8245
2023-02-05,0.0,22.5,13.8,bhubaneswar,20.2961,85.8245
2023-02-06,0.0,23.7,12.1,bhubaneswar,20.2961,85.8245
2023-02-07,0.0,24.7,13.1,bhubaneswar,20.2961,85.8245
2023-02-08,0.0,25.5,16.9,bhubaneswar,20.2961,85.8245
2023-02-09,0.0,24.5,12.0,bhubaneswar,20.2961,85.8245
2023-02-10,0.0,25.8,12.5,bhubaneswar,20.2961,85.8245
2023-02-11,0.0,26.7,14.1,bhubaneswar,20.2961,85.8245
2023-02-12,0.0,26.1,18.0,bhubaneswar,20.2961,85.8245
2023-02-13,0.0,23.6,15.5,bhubaneswar,20.2961,85.8245
2023-02-14,0.0,22.6,9.7,bhubaneswar,20.2961,85.8245
2023-02-15,0.0,23.8,15.5,bhubaneswar,20.2961,85.8245
2023-02-16,0.0,24.6,17.3,bhubaneswar,20.2961,85.8245
2023-02-17,0.3,25.3,15.9,bhubaneswar,20.2961,85.8245
2023-02-18,0.0,25.2,16.2,bhubaneswar,20.2961,85.8245
2023-02-19,0.0,26.1,16.3,bhubaneswar,20.2961,85.8245
2023-02-20,0.0,26.9,19.8,bhubaneswar,20.2961,85.8245
2023-02-21,0.0,27.7,14.8,bhubaneswar,20.2961,85.8245
2023-02-22,0.0,27.5,22.7,bhubaneswar,20.2961,85.8245
2023-02-23,0.0,27.7,17.7,bhubaneswar,20.2961,85.8245
2023-02-24,0.0,27.6,15.9,bhubaneswar,20.2961,85.8245
2023-02-25,0.0,27.4,15.6,bhubaneswar,20.2961,85.8245
2023-02-26,0.0,26.9,12.6,bhubaneswar,20.2961,85.8245
2023-02-27,0.0,26.6,23.1,bhubaneswar,20.2961,85.8245
2023-02-28,0.0,26.4,20.4,bhubaneswar,20.2961,85.8245
2023-03-01,0.0,27.1,16.5,bhubaneswar,20.2961,85.8245
2023-03-02,0.0,27.9,20.4,bhubaneswar,20.2961,85.8245
2023-03-03,0.0,27.9,15.4,bhubaneswar,20.2961,85.8245
2023-03-04,0.0,28.2,15.2,bhubaneswar,20.2961,85.8245
2023-03-05,0.0,27.8,14.4,bhubaneswar,20.2961,85.8245
2023-03-06,0.0,27.8,16.1,bhubaneswar,20.2961,85.8245
2023-03-07,0.0,27.7,20.6,bhubaneswar,20.2961,85.8245
2023-03-08,0.0,28.2,13.5,bhubaneswar,20.2961,85.8245
2023-03-09,0.0,28.0,17.1,bhubaneswar,20.2961,85.8245
2023-03-10,0.0,27.5,11.5,bhubaneswar,20.2961,85.8245
2023-03-11,0.0,27.9,17.6,bhubaneswar,20.2961,85.8245
2023-03-12,0.0,28.1,19.0,bhubaneswar,20.2961,85.8245
2023-03-13,0.0,28.6,19.8,bhubaneswar,20.2961,85.8245
2023-03-14,0.0,28.5,19.9,bhubaneswar,20.2961,85.8245
2023-03-15,0.2,28.1,13.8,bhubaneswar,20.2961,85.8245
2023-03-16,0.8,27.7,14.5,bhubaneswar,20.2961,85.8245
2023-03-17,0.0,27.1,13.2,bhubaneswar,20.2961,85.8245
2023-03-18,6.8,26.6,15.4,bhubaneswar,20.2961,85.8245
2023-03-19,7.9,23.0,17.7,bhubaneswar,20.2961,85.8245
2023-03-20,1.1,25.0,23.7,bhubaneswar,20.2961,85.8245
2023-03-21,1.7,24.6,23.0,bhubaneswar,20.2961,85.8245
2023-03-22,3.0,26.1,11.6,bhubaneswar,20.2961,85.8245
2023-03-23,0.4,26.7,15.4,bhubaneswar,20.2961,85.8245
2023-03-24,1.3,26.9,17.1,bhubaneswar,20.2961,85.8245
2023-03-25,0.3,28.4,14.3,bhubaneswar,20.2961,85.8245
2023-03-26,0.2,28.7,17.3,bhubaneswar,20.2961,85.8245
2023-03-27,10.7,28.0,16.0,bhubaneswar,20.2961,85.8245
2023-03-28,0.5,28.4,15.6,bhubaneswar,20.2961,85.8245
2023-03-29,1.0,28.5,17.6,bhubaneswar,20.2961,85.8245
2023-03-30,2.7,28.5,19.8,bhubaneswar,20.2961,85.8245
2023-03-31,27.1,25.5,21.1,bhubaneswar,20.2961,85.8245
2023-04-01,4.3,24.9,11.3,bhubaneswar,20.2961,85.8245
2023-04-02,1.5,27.5,21.9,bhubaneswar,20.2961,85.8245
2023-04-03,0.0,28.9,17.6,bhubaneswar,20.2961,85.8245
2023-04-04,0.3,29.3,18.9,bhubaneswar,20.2961,85.8245
2023-04-05,1.4,29.5,13.9,bhubaneswar,20.2961,85.8245
2023-04-06,2.6,29.0,21.3,bhubaneswar,20.2961,85.8245
2023-04-07,0.0,29.5,13.5,bhubaneswar,20.2961,85.8245
2023-04-08,0.0,29.7,13.3,bhubaneswar,20.2961,85.8245
2023-04-09,0.0,30.3,12.6,bhubaneswar,20.2961,85.8245
2023-04-10,0.0,31.4,17.0,bhubaneswar,20.2961,85.8245
2023-04-11,0.0,31.6,17.0,bhubaneswar,20.2961,85.8245
2023-04-12,0.0,31.3,13.9,bhubaneswar,20.2961,85.8245
2023-04-13,0.0,32.0,14.5,bhubaneswar,20.2961,85.8245
2023-04-14,0.0,32.5,19.8,bhubaneswar,20.2961,85.8245
2023-04-15,0.0,33.1,10.2,bhubaneswar,20.2961,85.8245
2023-04-16,0.0,32.4,13.4,bhubaneswar,20.2961,85.8245
2023-04-17,0.0,32.6,17.7,bhubaneswar,20.2961,85.8245
2023-04-18,0.0,32.6,18.1,bhubaneswar,20.2961,85.8245
2023-04-19,0.0,31.9,13.3,bhubaneswar,20.2961,85.8245
2023-04-20,0.0,32.7,19.5,bhubaneswar,20.2961,85.8245
2023-04-21,0.0,31.0,27.1,bhubaneswar,20.2961,85.8245
2023-04-22,18.0,28.9,31.4,bhubaneswar,20.2961,85.8245
2023-04-23,0.0,26.3,13.8,bhubaneswar,20.2961,85.8245
2023-04-24,4.5,26.9,23.6,bhubaneswar,20.2961,85.8245
2023-04-25,8.9,27.0,9.7,bhubaneswar,20.2961,85.8245
2023-04-26,0.0,29.1,14.4,bhubaneswar,20.2961,85.8245
2023-04-27,0.0,30.2,12.3,bhubaneswar,20.2961,85.8245
2023-04-28,7.9,28.3,18.7,bhubaneswar,20.2961,85.8245
2023-04-29,0.5,29.8,12.2,bhubaneswar,20.2961,85.8245
2023-04-30,1.2,28.8,24.8,bhubaneswar,20.2961,85.8245
2023-05-01,2.5,25.0,15.5,bhubaneswar,20.2961,85.8245
2023-05-02,2.1,28.6,17.5,bhubaneswar,20.2961,85.8245
2023-05-03,10.0,27.3,12.3,bhubaneswar,20.2961,85.8245
2023-05-04,5.7,27.0,15.3,bhubaneswar,20.2961,85.8245
2023-05-05,0.7,29.8,17.9,bhubaneswar,20.2961,85.8245
2023-05-06,0.0,29.9,12.1,bhubaneswar,20.2961,85.8245
2023-05-07,0.0,31.1,16.5,bhubaneswar,20.2961,85.8245
2023-05-08,0.0,31.4,15.2,bhubaneswar,20.2961,85.8245
2023-05-09,0.0,31.5,14.3,bhubaneswar,20.2961,85.8245
2023-05-10,0.7,31.4,14.4,bhubaneswar,20.2961,85.8245
2023-05-11,0.3,30.6,16.6,bhubaneswar,20.2961,85.8245
2023-05-12,0.0,30.8,17.0,bhubaneswar,20.2961,85.8245
2023-05-13,0.0,30.8,22.1,bhubaneswar,20.2961,85.8245
2023-05-14,0.0,31.7,20.3,bhubaneswar,20.2961,85.8245
2023-05-15,0.0,31.7,23.5,bhubaneswar,20.2961,85.8245
2023-05-16,0.1,31.8,24.8,bhubaneswar,20.2961,85.8245
2023-05-17,0.0,32.1,22.5,bhubaneswar,20.2961,85.8245
2023-05-18,0.0,32.1,23.7,bhubaneswar,20.2961,85.8245
2023-05-19,18.1,31.9,26.0,bhubaneswar,20.2961,85.8245
2023-05-20,0.0,31.1,17.4,bhubaneswar,20.2961,85.8245
2023-05-21,0.0,31.4,19.0,bhubaneswar,20.2961,85.8245
2023-05-22,0.0,31.5,23.1,bhubaneswar,20.2961,85.8245
2023-05-23,0.0,32.2,19.1,bhubaneswar,20.2961,85.8245
2023-05-24,0.0,32.4,23.0,bhubaneswar,20.2961,85.8245
2023-05-25,1.8,31.1,22.8,bhubaneswar,20.2961,85.8245
2023-05-26,0.0,31.7,18.9,bhubaneswar,20.2961,85.8245
2023-05-27,1.0,30.7,15.9,bhubaneswar,20.2961,85.8245
2023-05-28,1.6,30.6,17.0,bhubaneswar,20.2961,85.8245
2023-05-29,0.2,31.3,17.6,bhubaneswar,20.2961,85.8245
2023-05-30,19.0,31.1,17.3,bhubaneswar,20.2961,85.8245
2023-05-31,7.4,31.3,7.3,bhubaneswar,20.2961,85.8245
2023-06-01,0.8,31.4,12.8,bhubaneswar,20.2961,85.8245
2023-06-02,7.8,31.0,14.8,bhubaneswar,20.2961,85.8245
2023-06-03,1.4,31.0,22.3,bhubaneswar,20.2961,85.8245
2023-06-04,0.2,31.5,18.4,bhubaneswar,20.2961,85.8245
2023-06-05,0.0,31.4,13.2,bhubaneswar,20.2961,85.8245
2023-06-06,0.5,32.0,12.5,bhubaneswar,20.2961,85.8245
2023-06-07,5.3,30.4,28.8,bhubaneswar,20.2961,85.8245
2023-06-08,0.0,32.2,15.5,bhubaneswar,20.2961,85.8245
2023-06-09,0.3,32.0,19.5,bhubaneswar,20.2961,85.8245
2023-06-10,3.9,30.9,24.7,bhubaneswar,20.2961,85.8245
2023-06-11,0.0,33.5,13.2,bhubaneswar,20.2961,85.8245
2023-06-12,0.2,33.7,16.7,bhubaneswar,20.2961,85.8245
2023-06-13,5.1,31.9,20.5,bhubaneswar,20.2961,85.8245
2023-06-14,10.2,31.7,20.8,bhubaneswar,20.2961,85.8245
2023-06-15,0.0,32.7,22.9,bhubaneswar,20.2961,85.8245
2023-06-16,0.0,34.0,16.1,bhubaneswar,20.2961,85.8245
2023-06-17,0.0,33.1,20.8,bhubaneswar,20.2961,85.8245
2023-06-18,5.3,32.5,24.5,bhubaneswar,20.2961,85.8245
2023-06-19,0.0,31.5,19.9,bhubaneswar,20.2961,85.8245
2023-06-20,3.4,31.6,24.3,bhubaneswar,20.2961,85.8245
2023-06-21,0.4,31.4,22.5,bhubaneswar,20.2961,85.8245
2023-06-22,24.8,28.9,17.3,bhubaneswar,20.2961,85.8245
2023-06-23,6.1,28.9,19.4,bhubaneswar,20.2961,85.8245
2023-06-24,42.2,27.5,14.5,bhubaneswar,20.2961,85.8245
2023-06-25,24.6,26.2,14.3,bhubaneswar,20.2961,85.8245
2023-06-26,10.3,28.1,18.7,bhubaneswar,20.2961,85.8245
2023-06-27,2.2,29.4,28.7,bhubaneswar,20.2961,85.8245
2023-06-28,3.6,29.4,28.7,bhubaneswar,20.2961,85.8245
2023-06-29,3.6,29.9,24.8,bhubaneswar,20.2961,85.8245
2023-06-30,28.1,29.6,22.7,bhubaneswar,20.2961,85.8245
2023-07-01,1.1,30.3,18.7,bhubaneswar,20.2961,85.8245
2023-07-02,0.3,30.2,11.8,bhubaneswar,20.2961,85.8245
2023-07-03,5.1,30.2,14.8,bhubaneswar,20.2961,85.8245
2023-07-04,1.5,29.7,12.6,bhubaneswar,20.2961,85.8245
2023-07-05,20.8,28.2,14.6,bhubaneswar,20.2961,85.8245
2023-07-06,7.6,28.8,18.1,bhubaneswar,20.2961,85.8245
2023-07-07,4.4,29.1,18.1,bhubaneswar,20.2961,85.8245
2023-07-08,3.9,29.3,14.3,bhubaneswar,20.2961,85.8245
2023-07-09,10.1,29.3,13.8,bhubaneswar,20.2961,85.8245
2023-07-10,6.3,29.5,17.3,bhubaneswar,20.2961,85.8245
2023-07-11,4.7,28.7,17.9,bhubaneswar,20.2961,85.8245
2023-07-12,1.5,28.5,18.4,bhubaneswar,20.2961,85.8245
2023-07-13,17.1,28.3,14.2,bhubaneswar,20.2961,85.8245
2023-07-14,18.2,28.6,17.0,bhubaneswar,20.2961,85.8245
2023-07-15,40.6,26.7,15.2,bhubaneswar,20.2961,85.8245
2023-07-16,19.9,27.5,15.6,bhubaneswar,20.2961,85.8245
2023-07-17,16.0,27.4,11.7,bhubaneswar,20.2961,85.8245
2023-07-18,6.7,27.8,10.5,bhubaneswar,20.2961,85.8245
2023-07-19,4.7,27.9,14.5,bhubaneswar,20.2961,85.8245
2023-07-20,18.5,27.7,13.8,bhubaneswar,20.2961,85.8245
2023-07-21,19.7,27.8,16.6,bhubaneswar,20.2961,85.8245
2023-07-22,8.4,28.2,20.5,bhubaneswar,20.2961,85.8245
2023-07-23,5.5,28.4,19.6,bhubaneswar,20.2961,85.8245
2023-07-24,1.3,28.4,21.1,bhubaneswar,20.2961,85.8245
2023-07-25,3.2,28.6,23.6,bhubaneswar,20.2961,85.8245
2023-07-26,6.1,28.4,22.6,bhubaneswar,20.2961,85.8245
2023-07-27,4.7,28.6,24.6,bhubaneswar,20.2961,85.8245
2023-07-28,4.2,28.7,14.5,bhubaneswar,20.2961,85.8245
2023-07-29,24.5,28.7,17.7,bhubaneswar,20.2961,85.8245
2023-07-30,16.1,28.8,21.0,bhubaneswar,20.2961,85.8245
2023-07-31,31.9,28.8,17.1,bhubaneswar,20.2961,85.8245
2023-08-01,52.2,27.2,20.9,bhubaneswar,20.2961,85.8245
2023-08-02,66.9,26.4,26.8,bhubaneswar,20.2961,85.8245
2023-08-03,1.8,29.5,27.4,bhubaneswar,20.2961,85.8245
2023-08-04,4.1,29.4,23.2,bhubaneswar,20.2961,85.8245
2023-08-05,2.2,29.4,18.4,bhubaneswar,20.2961,85.8245
2023-08-06,3.0,29.0,18.8,bhubaneswar,20.2961,85.8245
2023-08-07,5.7,29.0,20.7,bhubaneswar,20.2961,85.8245
2023-08-08,0.4,29.4,16.7,bhubaneswar,20.2961,85.8245
2023-08-09,0.6,29.4,14.7,bhubaneswar,20.2961,85.8245
2023-08-10,0.0,30.1,13.4,bhubaneswar,20.2961,85.8245
2023-08-11,1.8,29.9,15.2,bhubaneswar,20.2961,85.8245
2023-08-12,7.8,29.0,16.3,bhubaneswar,20.2961,85.8245
2023-08-13,11.2,28.3,15.7,bhubaneswar,20.2961,85.8245
2023-08-14,8.9,27.9,13.5,bhubaneswar,20.2961,85.8245
2023-08-15,7.7,29.0,14.1,bhubaneswar,20.2961,85.8245
2023-08-16,12.7,28.6,16.7,bhubaneswar,20.2961,85.8245
2023-08-17,20.8,27.1,14.6,bhubaneswar,20.2961,85.8245
2023-08-18,16.0,26.2,15.1,bhubaneswar,20.2961,85.8245
2023-08-19,1.5,28.4,19.8,bhubaneswar,20.2961,85.8245
2023-08-20,2.0,28.7,20.3,bhubaneswar,20.2961,85.8245
2023-08-21,5.0,28.4,13.0,bhubaneswar,20.2961,85.8245
2023-08-22,7.0,28.8,17.1,bhubaneswar,20.2961,85.8245
2023-08-23,19.5,28.1,17.1,bhubaneswar,20.2961,85.8245
2023-08-24,14.7,27.6,22.2,bhubaneswar,20.2961,85.8245
2023-08-25,12.3,27.4,20.5,bhubaneswar,20.2961,85.8245
2023-08-26,19.6,27.7,22.7,bhubaneswar,20.2961,85.8245
2023-08-27,0.0,29.5,16.9,bhubaneswar,20.2961,85.8245
2023-08-28,0.0,29.4,16.9,bhubaneswar,20.2961,85.8245
2023-08-29,1.7,29.1,14.3,bhubaneswar,20.2961,85.8245
2023-08-30,0.2,29.4,12.0,bhubaneswar,20.2961,85.8245
2023-08-31,0.0,30.1,8.7,bhubaneswar,20.2961,85.8245
2023-09-01,6.4,29.5,10.0,bhubaneswar,20.2961,85.8245
2023-09-02,16.3,27.9,15.5,bhubaneswar,20.2961,85.8245
2023-09-03,14.6,27.7,18.1,bhubaneswar,20.2961,85.8245
2023-09-04,25.5,27.1,17.4,bhubaneswar,20.2961,85.8245
2023-09-05,13.4,26.2,17.0,bhubaneswar,20.2961,85.8245
2023-09-06,6.1,27.3,16.1,bhubaneswar,20.2961,85.8245
2023-09-07,8.6,27.1,13.2,bhubaneswar,20.2961,85.8245
2023-09-08,7.3,28.7,22.2,bhubaneswar,20.2961,85.8245
2023-09-09,1.5,28.7,18.3,bhubaneswar,20.2961,85.8245
2023-09-10,6.1,28.6,15.8,bhubaneswar,20.2961,85.8245
2023-09-11,19.0,28.1,12.5,bhubaneswar,20.2961,85.8245
2023-09-12,30.5,27.7,9.7,bhubaneswar,20.2961,85.8245
2023-09-13,89.2,26.9,17.1,bhubaneswar,20.2961,85.8245
2023-09-14,41.0,26.9,17.0,bhubaneswar,20.2961,85.8245
2023-09-15,6.1,28.7,17.5,bhubaneswar,20.2961,85.8245
2023-09-16,19.6,27.4,11.2,bhubaneswar,20.2961,85.8245
2023-09-17,4.1,27.7,17.2,bhubaneswar,20.2961,85.8245
2023-09-18,2.3,28.1,13.1,bhubaneswar,20.2961,85.8245
2023-09-19,34.0,27.3,15.0,bhubaneswar,20.2961,85.8245
2023-09-20,15.0,26.2,15.3,bhubaneswar,20.2961,85.8245
2023-09-21,4.5,28.1,19.7,bhubaneswar,20.2961,85.8245
2023-09-22,2.3,28.8,17.4,bhubaneswar,20.2961,85.8245
2023-09-23,6.4,28.0,19.8,bhubaneswar,20.2961,85.8245
2023-09-24,16.6,27.6,14.9,bhubaneswar,20.2961,85.8245
2023-09-25,8.1,27.4,15.2,bhubaneswar,20.2961,85.8245
2023-09-26,4.5,27.9,12.9,bhubaneswar,20.2961,85.8245
2023-09-27,4.6,28.4,10.4,bhubaneswar,20.2961,85.8245
2023-09-28,0.6,29.3,11.7,bhubaneswar,20.2961,85.8245
2023-09-29,6.7,28.8,12.6,bhubaneswar,20.2961,85.8245
2023-09-30,7.5,27.4,16.1,bhubaneswar,20.2961,85.8245
2023-10-01,43.0,27.3,16.3,bhubaneswar,20.2961,85.8245
2023-10-02,56.5,26.9,12.0,bhubaneswar,20.2961,85.8245
2023-10-03,36.9,26.4,18.0,bhubaneswar,20.2961,85.8245
2023-10-04,7.3,27.9,12.6,bhubaneswar,20.2961,85.8245
2023-10-05,0.2,29.1,12.7,bhubaneswar,20.2961,85.8245
2023-10-06,0.4,29.0,9.7,bhubaneswar,20.2961,85.8245
2023-10-07,0.2,29.0,12.2,bhubaneswar,20.2961,85.8245
2023-10-08,4.2,28.7,11.3,bhubaneswar,20.2961,85.8245
2023-10-09,0.0,29.3,10.2,bhubaneswar,20.2961,85.8245
2023-10-10,0.0,29.1,8.7,bhubaneswar,20.2961,85.8245
2023-10-11,0.0,28.9,11.1,bhubaneswar,20.2961,85.8245
2023-10-12,0.0,29.0,6.9,bhubaneswar,20.2961,85.8245
2023-10-13,0.1,27.9,12.8,bhubaneswar,20.2961,85.8245
2023-10-14,0.2,28.3,10.9,bhubaneswar,20.2961,85.8245
2023-10-15,0.0,27.9,8.8,bhubaneswar,20.2961,85.8245
2023-10-16,0.0,28.0,8.9,bhubaneswar,20.2961,85.8245
2023-10-17,0.2,27.1,12.9,bhubaneswar,20.2961,85.8245
2023-10-18,0.0,27.7,9.5,bhubaneswar,20.2961,85.8245
2023-10-19,0.7,26.9,12.7,bhubaneswar,20.2961,85.8245
2023-10-20,0.0,27.1,14.8,bhubaneswar,20.2961,85.8245
2023-10-21,0.0,26.6,17.1,bhubaneswar,20.2961,85.8245
2023-10-22,0.9,26.6,20.4,bhubaneswar,20.2961,85.8245
2023-10-23,0.5,25.8,23.4,bhubaneswar,20.2961,85.8245
2023-10-24,0.0,27.5,16.9,bhubaneswar,20.2961,85.8245
2023-10-25,0.2,27.2,9.2,bhubaneswar,20.2961,85.8245
2023-10-26,0.0,27.1,12.3,bhubaneswar,20.2961,85.8245
2023-10-27,0.0,26.3,9.3,bhubaneswar,20.2961,85.8245
2023-10-28,0.0,26.0,10.6,bhubaneswar,20.2961,85.8245
2023-10-29,0.0,25.8,10.8,bhubaneswar,20.2961,85.8245
2023-10-30,0.0,25.6,10.3,bhubaneswar,20.2961,85.8245
2023-10-31,0.0,26.2,12.5,bhubaneswar,20.2961,85.8245
2023-11-01,4.2,26.8,11.0,bhubaneswar,20.2961,85.8245
2023-11-02,0.2,27.3,9.4,bhubaneswar,20.2961,85.8245
2023-11-03,0.8,27.0,12.6,bhubaneswar,20.2961,85.8245
2023-11-04,2.3,26.1,10.1,bhubaneswar,20.2961,85.8245
2023-11-05,1.3,26.0,10.8,bhubaneswar,20.2961,85.8245
2023-11-06,0.1,26.8,14.2,bhubaneswar,20.2961,85.8245
2023-11-07,0.0,26.3,8.0,bhubaneswar,20.2961,85.8245
2023-11-08,0.0,25.9,9.8,bhubaneswar,20.2961,85.8245
2023-11-09,0.0,25.1,10.4,bhubaneswar,20.2961,85.8245
2023-11-10,0.0,25.5,9.4,bhubaneswar,20.2961,85.8245
2023-11-11,0.0,26.0,10.4,bhubaneswar,20.2961,85.8245
2023-11-12,0.0,26.1,12.4,bhubaneswar,20.2961,85.8245
2023-11-13,0.0,25.7,13.0,bhubaneswar,20.2961,85.8245
2023-11-14,0.0,24.9,17.5,bhubaneswar,20.2961,85.8245
2023-11-15,0.0,26.2,20.1,bhubaneswar,20.2961,85.8245
2023-11-16,11.0,25.7,27.5,bhubaneswar,20.2961,85.8245
2023-11-17,0.0,26.2,15.6,bhubaneswar,20.2961,85.8245
2023-11-18,0.0,25.8,13.6,bhubaneswar,20.2961,85.8245
2023-11-19,0.0,25.0,15.8,bhubaneswar,20.2961,85.8245
2023-11-20,0.3,25.6,15.5,bhubaneswar,20.2961,85.8245
2023-11-21,1.9,24.2,8.1,bhubaneswar,20.2961,85.8245
2023-11-22,0.0,25.0,12.5,bhubaneswar,20.2961,85.8245
2023-11-23,0.0,24.5,10.0,bhubaneswar,20.2961,85.8245
2023-11-24,0.0,24.2,11.2,bhubaneswar,20.2961,85.8245
2023-11-25,0.0,24.4,13.5,bhubaneswar,20.2961,85.8245
2023-11-26,0.0,23.7,13.3,bhubaneswar,20.2961,85.8245
2023-11-27,0.0,23.7,8.2,bhubaneswar,20.2961,85.8245
2023-11-28,0.0,24.4,8.9,bhubaneswar,20.2961,85.8245
2023-11-29,0.0,24.5,10.2,bhubaneswar,20.2961,85.8245
2023-11-30,0.0,24.9,10.2,bhubaneswar,20.2961,85.8245
2023-12-01,0.0,24.4,17.1,bhubaneswar,20.2961,85.8245
2023-12-02,0.0,24.8,18.8,bhubaneswar,20.2961,85.8245
2023-12-03,0.0,25.2,19.4,bhubaneswar,20.2961,85.8245
2023-12-04,0.4,25.5,14.8,bhubaneswar,20.2961,85.8245
2023-12-05,0.6,24.4,15.5,bhubaneswar,20.2961,85.8245
2023-12-06,11.5,22.8,21.2,bhubaneswar,20.2961,85.8245
2023-12-07,0.8,22.8,18.1,bhubaneswar,20.2961,85.8245
2023-12-08,0.4,21.9,12.1,bhubaneswar,20.2961,85.8245
2023-12-09,0.3,22.8,10.4,bhubaneswar,20.2961,85.8245
2023-12-10,0.0,21.4,8.6,bhubaneswar,20.2961,85.8245
2023-12-11,0.0,20.3,11.0,bhubaneswar,20.2961,85.8245
2023-12-12,0.0,20.2,9.7,bhubaneswar,20.2961,85.8245
2023-12-13,0.0,20.9,10.0,bhubaneswar,20.2961,85.8245
2023-12-14,0.0,20.7,9.3,bhubaneswar,20.2961,85.8245
2023-12-15,0.0,20.0,12.0,bhubaneswar,20.2961,85.8245
2023-12-16,0.0,19.8,10.0,bhubaneswar,20.2961,85.8245
2023-12-17,0.0,19.6,12.2,bhubaneswar,20.2961,85.8245
2023-12-18,0.0,20.0,11.5,bhubaneswar,20.2961,85.8245
2023-12-19,0.0,19.4,14.7,bhubaneswar,20.2961,85.8245
2023-12-20,0.0,19.4,12.1,bhubaneswar,20.2961,85.8245
2023-12-21,0.0,19.5,10.0,bhubaneswar,20.2961,85.8245
2023-12-22,0.0,20.1,8.1,bhubaneswar,20.2961,85.8245
2023-12-23,0.0,21.1,7.8,bhubaneswar,20.2961,85.8245
2023-12-24,0.0,21.2,8.8,bhubaneswar,20.2961,85.8245
2023-12-25,0.0,21.0,7.4,bhubaneswar,20.2961,85.8245
2023-12-26,0.0,21.2,10.0,bhubaneswar,20.2961,85.8245
2023-12-27,0.0,21.4,8.8,bhubaneswar,20.2961,85.8245
2023-12-28,0.0,21.3,9.7,bhubaneswar,20.2961,85.8245
2023-12-29,0.0,21.3,11.4,bhubaneswar,20.2961,85.8245
2023-12-30,0.0,21.5,9.4,bhubaneswar,20.2961,85.8245
2023-12-31,0.0,21.3,12.8,bhubaneswar,20.2961,85.8245
2024-01-01,0.0,20.8,9.7,bhubaneswar,20.2961,85.8245
2024-01-02,0.0,20.7,9.9,bhubaneswar,20.2961,85.8245
2024-01-03,0.0,20.0,12.0,bhubaneswar,20.2961,85.8245
2024-01-04,0.0,20.3,10.7,bhubaneswar,20.2961,85.8245
2024-01-05,0.0,20.9,11.0,bhubaneswar,20.2961,85.8245
2024-01-06,0.0,20.9,10.2,bhubaneswar,20.2961,85.8245
2024-01-07,0.0,21.3,14.3,bhubaneswar,20.2961,85.8245
2024-01-08,0.0,21.5,15.3,bhubaneswar,20.2961,85.8245
2024-01-09,0.0,21.1,12.3,bhubaneswar,20.2961,85.8245
2024-01-10,0.0,23.3,13.0,bhubaneswar,20.2961,85.8245
2024-01-11,0.0,23.2,12.6,bhubaneswar,20.2961,85.8245
2024-01-12,0.0,21.0,13.3,bhubaneswar,20.2961,85.8245
2024-01-13,0.0,20.2,15.8,bhubaneswar,20.2961,85.8245
2024-01-14,0.0,21.0,10.8,bhubaneswar,20.2961,85.8245
2024-01-15,0.0,22.1,9.7,bhubaneswar,20.2961,85.8245
2024-01-16,0.3,22.2,12.7,bhubaneswar,20.2961,85.8245
2024-01-17,3.5,21.7,12.1,bhubaneswar,20.2961,85.8245
2024-01-18,0.4,22.9,21.6,bhubaneswar,20.2961,85.8245
2024-01-19,0.0,22.0,13.8,bhubaneswar,20.2961,85.8245
2024-01-20,0.1,21.6,13.3,bhubaneswar,20.2961,85.8245
2024-01-21,5.9,21.6,11.1,bhubaneswar,20.2961,85.8245
2024-01-22,0.5,19.9,15.7,bhubaneswar,20.2961,85.8245
2024-01-23,5.3,21.8,15.3,bhubaneswar,20.2961,85.8245
2024-01-24,17.6,19.6,18.7,bhubaneswar,20.2961,85.8245
2024-01-25,0.7,19.4,14.9,bhubaneswar,20.2961,85.8245
2024-01-26,0.0,19.3,11.6,bhubaneswar,20.2961,85.8245
2024-01-27,0.0,19.4,9.7,bhubaneswar,20.2961,85.8245
2024-01-28,0.0,20.0,12.5,bhubaneswar,20.2961,85.8245
2024-01-29,0.0,21.1,15.1,bhubaneswar,20.2961,85.8245
2024-01-30,0.0,22.7,13.7,bhubaneswar,20.2961,85.8245
2024-01-31,0.0,23.3,15.7,bhubaneswar,20.2961,85.8245
2024-02-01,0.0,23.9,19.3,bhubaneswar,20.2961,85.8245
2024-02-02,0.6,23.4,14.0,bhubaneswar,20.2961,85.8245
2024-02-03,0.0,23.4,15.5,bhubaneswar,20.2961,85.8245
2024-02-04,0.4,24.5,13.7,bhubaneswar,20.2961,85.8245
2024-02-05,0.0,24.5,15.4,bhubaneswar,20.2961,85.8245
2024-02-06,0.6,26.0,20.3,bhubaneswar,20.2961,85.8245
2024-02-07,0.0,25.1,17.9,bhubaneswar,20.2961,85.8245
2024-02-08,0.1,23.4,16.8,bhubaneswar,20.2961,85.8245
2024-02-09,0.0,21.4,15.7,bhubaneswar,20.2961,85.8245
2024-02-10,0.0,21.4,9.4,bhubaneswar,20.2961,85.8245
2024-02-11,0.0,22.9,12.8,bhubaneswar,20.2961,85.8245
2024-02-12,0.0,23.7,14.7,bhubaneswar,20.2961,85.8245
2024-02-13,0.0,23.8,15.3,bhubaneswar,20.2961,85.8245
2024-02-14,0.0,23.5,16.3,bhubaneswar,20.2961,85.8245
2024-02-15,0.1,24.4,17.4,bhubaneswar,20.2961,85.8245
2024-02-16,0.0,24.9,14.2,bhubaneswar,20.2961,85.8245
2024-02-17,0.1,25.6,14.4,bhubaneswar,20.2961,85.8245
2024-02-18,0.1,25.9,15.9,bhubaneswar,20.2961,85.8245
2024-02-19,0.0,26.2,15.8,bhubaneswar,20.2961,85.8245
2024-02-20,0.0,27.6,17.2,bhubaneswar,20.2961,85.8245
2024-02-21,0.0,27.8,21.6,bhubaneswar,20.2961,85.8245
2024-02-22,0.4,27.5,25.0,bhubaneswar,20.2961,85.8245
2024-02-23,0.5,25.9,14.0,bhubaneswar,20.2961,85.8245
2024-02-24,11.0,24.2,14.3,bhubaneswar,20.2961,85.8245
2024-02-25,4.5,24.3,17.7,bhubaneswar,20.2961,85.8245
2024-02-26,0.0,25.2,14.7,bhubaneswar,20.2961,85.8245
2024-02-27,0.4,25.5,16.7,bhubaneswar,20.2961,85.8245
2024-02-28,0.0,26.8,11.1,bhubaneswar,20.2961,85.8245
2024-02-29,0.0,27.0,11.5,bhubaneswar,20.2961,85.8245
2024-03-01,0.0,27.1,12.6,bhubaneswar,20.2961,85.8245
2024-03-02,0.0,27.3,19.9,bhubaneswar,20.2961,85.8245
2024-03-03,0.0,27.6,16.9,bhubaneswar,20.2961,85.8245
2024-03-04,1.0,27.6,17.4,bhubaneswar,20.2961,85.8245
2024-03-05,0.6,27.7,18.7,bhubaneswar,20.2961,85.8245
2024-03-06,1.4,26.9,13.8,bhubaneswar,20.2961,85.8245
2024-03-07,20.6,26.7,13.7,bhubaneswar,20.2961,85.8245
2024-03-08,3.2,25.5,12.0,bhubaneswar,20.2961,85.8245
2024-03-09,0.0,26.4,14.6,bhubaneswar,20.2961,85.8245
2024-03-10,0.0,26.8,16.6,bhubaneswar,20.2961,85.8245
2024-03-11,0.0,27.6,16.5,bhubaneswar,20.2961,85.8245
2024-03-12,0.7,29.2,15.2,bhubaneswar,20.2961,85.8245
2024-03-13,0.4,29.6,20.2,bhubaneswar,20.2961,85.8245
2024-03-14,0.3,29.4,17.9,bhubaneswar,20.2961,85.8245
2024-03-15,0.3,28.8,16.9,bhubaneswar,20.2961,85.8245
2024-03-16,1.5,28.3,15.5,bhubaneswar,20.2961,85.8245
2024-03-17,1.6,28.2,10.9,bhubaneswar,20.2961,85.8245
2024-03-18,7.3,27.7,18.1,bhubaneswar,20.2961,85.8245
2024-03-19,17.1,24.4,19.2,bhubaneswar,20.2961,85.8245
2024-03-20,21.3,20.8,17.4,bhubaneswar,20.2961,85.8245
2024-03-21,0.2,24.3,16.6,bhubaneswar,20.2961,85.8245
2024-03-22,1.2,26.8,18.2,bhubaneswar,20.2961,85.8245
2024-03-23,0.0,28.3,19.0,bhubaneswar,20.2961,85.8245
2024-03-24,0.4,28.6,20.6,bhubaneswar,20.2961,85.8245
2024-03-25,0.0,29.1,16.8,bhubaneswar,20.2961,85.8245
2024-03-26,0.0,29.0,21.1,bhubaneswar,20.2961,85.8245
2024-03-27,0.0,29.7,18.1,bhubaneswar,20.2961,85.8245
2024-03-28,0.0,29.7,18.8,bhubaneswar,20.2961,85.8245
2024-03-29,0.1,30.4,19.8,bhubaneswar,20.2961,85.8245
2024-03-30,1.0,30.3,17.2,bhubaneswar,20.2961,85.8245
2024-03-31,0.0,30.5,18.6,bhubaneswar,20.2961,85.8245
2024-04-01,0.2,31.0,19.3,bhubaneswar,20.2961,85.8245
2024-04-02,0.0,30.9,16.9,bhubaneswar,20.2961,85.8245
2024-04-03,0.0,30.7,15.3,bhubaneswar,20.2961,85.8245
2024-04-04,0.0,31.0,16.8,bhubaneswar,20.2961,85.8245
2024-04-05,0.0,32.2,19.5,bhubaneswar,20.2961,85.8245
2024-04-06,0.0,31.6,19.1,bhubaneswar,20.2961,85.8245
2024-04-07,16.7,29.6,15.9,bhubaneswar,20.2961,85.8245
2024-04-08,0.0,27.6,25.3,bhubaneswar,20.2961,85.8245
2024-04-09,0.0,28.7,25.0,bhubaneswar,20.2961,85.8245
2024-04-10,0.1,29.5,9.4,bhubaneswar,20.2961,85.8245
2024-04-11,0.1,25.5,25.8,bhubaneswar,20.2961,85.8245
2024-04-12,0.0,27.4,14.9,bhubaneswar,20.2961,85.8245
2024-04-13,0.0,29.8,11.6,bhubaneswar,20.2961,85.8245
2024-04-14,0.0,30.8,11.5,bhubaneswar,20.2961,85.8245
2024-04-15,0.0,31.7,16.7,bhubaneswar,20.2961,85.8245
2024-04-16,0.0,33.0,15.2,bhubaneswar,20.2961,85.8245
2024-04-17,0.0,33.5,15.8,bhubaneswar,20.2961,85.8245
2024-04-18,0.0,32.6,16.6,bhubaneswar,20.2961,85.8245
2024-04-19,0.0,32.3,21.6,bhubaneswar,20.2961,85.8245
2024-04-20,0.0,32.4,20.3,bhubaneswar,20.2961,85.8245
2024-04-21,0.1,33.4,20.4,bhubaneswar,20.2961,85.8245
2024-04-22,1.0,33.5,23.6,bhubaneswar,20.2961,85.8245
2024-04-23,0.0,32.8,17.8,bhubaneswar,20.2961,85.8245
2024-04-24,1.0,32.0,28.9,bhubaneswar,20.2961,85.8245
2024-04-25,0.0,33.0,17.7,bhubaneswar,20.2961,85.8245
2024-04-26,1.7,32.8,19.3,bhubaneswar,20.2961,85.8245
2024-04-27,1.0,32.6,17.3,bhubaneswar,20.2961,85.8245
2024-04-28,0.4,33.1,15.6,bhubaneswar,20.2961,85.8245
2024-04-29,0.0,33.6,17.6,bhubaneswar,20.2961,85.8245
2024-04-30,0.0,33.6,22.0,bhubaneswar,20.2961,85.8245
2024-05-01,0.0,33.0,21.4,bhubaneswar,20.2961,85.8245
2024-05-02,0.0,32.3,23.0,bhubaneswar,20.2961,85.8245
2024-05-03,0.0,32.3,18.3,bhubaneswar,20.2961,85.8245
2024-05-04,0.0,32.0,22.0,bhubaneswar,20.2961,85.8245
2024-05-05,0.0,31.9,26.2,bhubaneswar,20.2961,85.8245
2024-05-06,0.0,31.5,27.8,bhubaneswar,20.2961,85.8245
2024-05-07,3.9,29.5,31.6,bhubaneswar,20.2961,85.8245
2024-05-08,4.9,29.9,16.6,bhubaneswar,20.2961,85.8245
2024-05-09,1.2,30.5,22.6,bhubaneswar,20.2961,85.8245
2024-05-10,0.0,30.7,23.5,bhubaneswar,20.2961,85.8245
2024-05-11,0.0,31.4,20.8,bhubaneswar,20.2961,85.8245
2024-05-12,13.7,29.9,21.2,bhubaneswar,20.2961,85.8245
2024-05-13,7.9,30.1,13.3,bhubaneswar,20.2961,85.8245
2024-05-14,0.9,29.8,15.7,bhubaneswar,20.2961,85.8245
2024-05-15,0.2,31.1,18.0,bhubaneswar,20.2961,85.8245
2024-05-16,0.0,30.9,17.3,bhubaneswar,20.2961,85.8245
2024-05-17,0.0,32.0,18.2,bhubaneswar,20.2961,85.8245
2024-05-18,3.3,31.5,15.0,bhubaneswar,20.2961,85.8245
2024-05-19,0.3,31.3,14.5,bhubaneswar,20.2961,85.8245
2024-05-20,0.9,31.5,18.9,bhubaneswar,20.2961,85.8245
2024-05-21,0.4,31.2,18.1,bhubaneswar,20.2961,85.8245
2024-05-22,0.0,31.0,20.5,bhubaneswar,20.2961,85.8245
2024-05-23,0.0,31.1,16.4,bhubaneswar,20.2961,85.8245
2024-05-24,0.4,30.9,19.7,bhubaneswar,20.2961,85.8245
2024-05-25,12.0,31.0,20.0,bhubaneswar,20.2961,85.8245
2024-05-26,16.9,29.8,18.4,bhubaneswar,20.2961,85.8245
2024-05-27,0.2,32.0,23.8,bhubaneswar,20.2961,85.8245
2024-05-28,0.0,32.9,24.9,bhubaneswar,20.2961,85.8245
2024-05-29,0.0,32.9,26.3,bhubaneswar,20.2961,85.8245
2024-05-30,0.1,32.5,26.8,bhubaneswar,20.2961,85.8245
2024-05-31,0.0,32.3,25.1,bhubaneswar,20.2961,85.8245
2024-06-01,0.0,31.7,24.6,bhubaneswar,20.2961,85.8245
2024-06-02,21.8,31.1,25.5,bhubaneswar,20.2961,85.8245
2024-06-03,0.0,30.7,21.8,bhubaneswar,20.2961,85.8245
2024-06-04,10.9,31.1,18.0,bhubaneswar,20.2961,85.8245
2024-06-05,0.0,31.8,13.0,bhubaneswar,20.2961,85.8245
2024-06-06,3.1,32.4,20.4,bhubaneswar,20.2961,85.8245
2024-06-07,0.1,31.6,20.9,bhubaneswar,20.2961,85.8245
2024-06-08,0.0,31.7,23.0,bhubaneswar,20.2961,85.8245
2024-06-09,0.0,32.2,23.0,bhubaneswar,20.2961,85.8245
2024-06-10,0.0,31.8,22.6,bhubaneswar,20.2961,85.8245
2024-06-11,0.0,31.5,22.3,bhubaneswar,20.2961,85.8245
2024-06-12,8.3,31.8,19.5,bhubaneswar,20.2961,85.8245
2024-06-13,0.0,32.1,24.8,bhubaneswar,20.2961,85.8245
2024-06-14,0.0,32.7,21.1,bhubaneswar,20.2961,85.8245
2024-06-15,2.0,32.9,22.7,bhubaneswar,20.2961,85.8245
2024-06-16,9.8,31.6,16.7,bhubaneswar,20.2961,85.8245
2024-06-17,24.0,31.1,26.7,bhubaneswar,20.2961,85.8245
2024-06-18,9.9,31.1,26.1,bhubaneswar,20.2961,85.8245
2024-06-19,0.0,32.1,18.0,bhubaneswar,20.2961,85.8245
2024-06-20,6.2,31.0,16.8,bhubaneswar,20.2961,85.8245
2024-06-21,13.2,28.8,10.5,bhubaneswar,20.2961,85.8245
2024-06-22,3.9,29.4,15.2,bhubaneswar,20.2961,85.8245
2024-06-23,0.4,30.2,21.0,bhubaneswar,20.2961,85.8245
2024-06-24,0.1,30.5,17.7,bhubaneswar,20.2961,85.8245
2024-06-25,7.8,30.3,14.5,bhubaneswar,20.2961,85.8245
2024-06-26,8.8,29.2,14.8,bhubaneswar,20.2961,85.8245
2024-06-27,10.5,28.5,18.4,bhubaneswar,20.2961,85.8245
2024-06-28,4.7,29.1,13.0,bhubaneswar,20.2961,85.8245
2024-06-29,24.5,28.6,18.9,bhubaneswar,20.2961,85.8245
2024-06-30,22.5,28.1,18.7,bhubaneswar,20.2961,85.8245
2024-07-01,2.3,28.6,20.2,bhubaneswar,20.2961,85.8245
2024-07-02,4.1,29.2,16.9,bhubaneswar,20.2961,85.8245
2024-07-03,11.3,28.1,11.2,bhubaneswar,20.2961,85.8245
2024-07-04,13.9,28.8,18.0,bhubaneswar,20.2961,85.8245
2024-07-05,4.2,28.9,20.8,bhubaneswar,20.2961,85.8245
2024-07-06,8.2,28.6,19.6,bhubaneswar,20.2961,85.8245
2024-07-07,13.5,28.2,14.6,bhubaneswar,20.2961,85.8245
2024-07-08,3.4,28.2,15.6,bhubaneswar,20.2961,85.8245
2024-07-09,2.3,28.8,21.1,bhubaneswar,20.2961,85.8245
2024-07-10,0.6,29.4,19.7,bhubaneswar,20.2961,85.8245
2024-07-11,10.3,29.1,20.3,bhubaneswar,20.2961,85.8245
2024-07-12,9.7,28.3,18.1,bhubaneswar,20.2961,85.8245
2024-07-13,13.9,28.7,10.6,bhubaneswar,20.2961,85.8245
2024-07-14,7.0,28.4,15.6,bhubaneswar,20.2961,85.8245
2024-07-15,11.6,28.0,16.9,bhubaneswar,20.2961,85.8245
2024-07-16,6.1,28.5,14.8,bhubaneswar,20.2961,85.8245
2024-07-17,5.7,28.8,13.6,bhubaneswar,20.2961,85.8245
2024-07-18,17.6,28.9,19.4,bhubaneswar,20.2961,85.8245
2024-07-19,10.0,28.6,26.2,bhubaneswar,20.2961,85.8245
2024-07-20,6.5,28.4,18.1,bhubaneswar,20.2961,85.8245
2024-07-21,1.6,29.0,22.6,bhubaneswar,20.2961,85.8245
2024-07-22,2.4,28.3,22.7,bhubaneswar,20.2961,85.8245
2024-07-23,7.2,27.7,20.6,bhubaneswar,20.2961,85.8245
2024-07-24,7.7,27.7,23.1,bhubaneswar,20.2961,85.8245
2024-07-25,8.8,27.7,19.1,bhubaneswar,20.2961,85.8245
2024-07-26,3.9,28.7,21.6,bhubaneswar,20.2961,85.8245
2024-07-27,2.2,29.1,16.0,bhubaneswar,20.2961,85.8245
2024-07-28,33.0,28.9,12.0,bhubaneswar,20.2961,85.8245
2024-07-29,12.1,28.5,13.1,bhubaneswar,20.2961,85.8245
2024-07-30,25.8,28.2,15.0,bhubaneswar,20.2961,85.8245
2024-07-31,28.2,28.0,13.5,bhubaneswar,20.2961,85.8245
2024-08-01,15.1,27.6,18.9,bhubaneswar,20.2961,85.8245
2024-08-02,1.4,28.2,22.9,bhubaneswar,20.2961,85.8245
2024-08-03,2.3,28.6,21.1,bhubaneswar,20.2961,85.8245
2024-08-04,18.7,29.0,13.5,bhubaneswar,20.2961,85.8245
2024-08-05,10.2,28.0,17.8,bhubaneswar,20.2961,85.8245
2024-08-06,25.9,27.0,15.9,bhubaneswar,20.2961,85.8245
2024-08-07,14.1,26.8,15.0,bhubaneswar,20.2961,85.8245
2024-08-08,21.5,27.8,15.9,bhubaneswar,20.2961,85.8245
2024-08-09,34.9,27.9,13.3,bhubaneswar,20.2961,85.8245
2024-08-10,19.7,28.1,14.7,bhubaneswar,20.2961,85.8245
2024-08-11,18.5,28.4,16.2,bhubaneswar,20.2961,85.8245
2024-08-12,13.9,29.0,14.2,bhubaneswar,20.2961,85.8245
2024-08-13,31.6,28.7,13.4,bhubaneswar,20.2961,85.8245
2024-08-14,32.5,27.9,13.9,bhubaneswar,20.2961,85.8245
2024-08-15,32.0,27.9,15.1,bhubaneswar,20.2961,85.8245
2024-08-16,13.0,27.2,13.3,bhubaneswar,20.2961,85.8245
2024-08-17,31.0,27.1,16.1,bhubaneswar,20.2961,85.8245
2024-08-18,10.0,27.7,14.6,bhubaneswar,20.2961,85.8245
2024-08-19,7.7,27.8,18.2,bhubaneswar,20.2961,85.8245
2024-08-20,16.7,28.3,15.9,bhubaneswar,20.2961,85.8245
2024-08-21,15.0,28.0,18.1,bhubaneswar,20.2961,85.8245
2024-08-22,4.8,27.7,17.7,bhubaneswar,20.2961,85.8245
2024-08-23,33.1,26.3,14.6,bhubaneswar,20.2961,85.8245
2024-08-24,10.5,26.8,19.2,bhubaneswar,20.2961,85.8245
2024-08-25,21.2,27.3,15.6,bhubaneswar,20.2961,85.8245
2024-08-26,17.7,27.2,10.4,bhubaneswar,20.2961,85.8245
2024-08-27,10.9,27.7,10.7,bhubaneswar,20.2961,85.8245
2024-08-28,21.7,26.8,7.6,bhubaneswar,20.2961,85.8245
2024-08-29,2.9,27.4,15.6,bhubaneswar,20.2961,85.8245
2024-08-30,2.7,28.2,21.7,bhubaneswar,20.2961,85.8245
2024-08-31,4.7,27.9,24.4,bhubaneswar,20.2961,85.8245
2024-09-01,6.3,27.6,20.8,bhubaneswar,20.2961,85.8245
2024-09-02,11.1,27.4,14.4,bhubaneswar,20.2961,85.8245
2024-09-03,1.1,27.8,17.7,bhubaneswar,20.2961,85.8245
2024-09-04,0.7,28.1,15.6,bhubaneswar,20.2961,85.8245
2024-09-05,8.8,27.9,11.4,bhubaneswar,20.2961,85.8245
2024-09-06,12.9,28.2,13.8,bhubaneswar,20.2961,85.8245
2024-09-07,14.6,27.5,25.0,bhubaneswar,20.2961,85.8245
2024-09-08,13.1,27.6,23.8,bhubaneswar,20.2961,85.8245
2024-09-09,4.8,28.1,22.9,bhubaneswar,20.2961,85.8245
2024-09-10,0.9,29.3,20.3,bhubaneswar,20.2961,85.8245
2024-09-11,1.8,29.2,14.5,bhubaneswar,20.2961,85.8245
2024-09-12,0.1,29.1,12.7,bhubaneswar,20.2961,85.8245
2024-09-13,26.5,28.7,18.1,bhubaneswar,20.2961,85.8245
2024-09-14,14.7,27.3,24.8,bhubaneswar,20.2961,85.8245
2024-09-15,5.9,27.1,28.2,bhubaneswar,20.2961,85.8245
2024-09-16,20.2,27.4,20.9,bhubaneswar,20.2961,85.8245
2024-09-17,7.8,27.7,13.9,bhubaneswar,20.2961,85.8245
2024-09-18,4.5,27.6,8.7,bhubaneswar,20.2961,85.8245
2024-09-19,0.2,28.7,10.7,bhubaneswar,20.2961,85.8245
2024-09-20,5.9,28.4,14.0,bhubaneswar,20.2961,85.8245
2024-09-21,1.3,28.7,14.1,bhubaneswar,20.2961,85.8245
2024-09-22,21.3,27.9,12.2,bhubaneswar,20.2961,85.8245
2024-09-23,18.4,27.3,16.9,bhubaneswar,20.2961,85.8245
2024-09-24,21.8,26.8,14.2,bhubaneswar,20.2961,85.8245
2024-09-25,34.3,26.8,16.4,bhubaneswar,20.2961,85.8245
2024-09-26,12.3,26.4,23.6,bhubaneswar,20.2961,85.8245
2024-09-27,9.1,27.4,22.9,bhubaneswar,20.2961,85.8245
2024-09-28,0.6,28.6,20.7,bhubaneswar,20.2961,85.8245
2024-09-29,5.1,28.9,12.9,bhubaneswar,20.2961,85.8245
2024-09-30,2.8,28.8,14.5,bhubaneswar,20.2961,85.8245
2024-10-01,0.1,30.2,13.5,bhubaneswar,20.2961,85.8245
2024-10-02,8.8,28.2,15.4,bhubaneswar,20.2961,85.8245
2024-10-03,0.1,28.7,20.5,bhubaneswar,20.2961,85.8245
2024-10-04,0.0,29.3,13.2,bhubaneswar,20.2961,85.8245
2024-10-05,2.1,27.2,19.0,bhubaneswar,20.2961,85.8245
2024-10-06,11.3,26.9,14.6,bhubaneswar,20.2961,85.8245
2024-10-07,11.6,26.7,15.7,bhubaneswar,20.2961,85.8245
2024-10-08,6.0,26.8,14.7,bhubaneswar,20.2961,85.8245
2024-10-09,0.1,27.4,11.8,bhubaneswar,20.2961,85.8245
2024-10-10,0.1,27.6,12.8,bhubaneswar,20.2961,85.8245
2024-10-11,0.3,28.2,10.9,bhubaneswar,20.2961,85.8245
2024-10-12,1.1,28.1,11.6,bhubaneswar,20.2961,85.8245
2024-10-13,0.6,28.0,11.4,bhubaneswar,20.2961,85.8245
2024-10-14,0.3,28.1,9.9,bhubaneswar,20.2961,85.8245
2024-10-15,1.8,27.9,9.1,bhubaneswar,20.2961,85.8245
2024-10-16,1.4,27.8,10.9,bhubaneswar,20.2961,85.8245
2024-10-17,3.2,27.7,12.7,bhubaneswar,20.2961,85.8245
2024-10-18,3.5,28.2,11.3,bhubaneswar,20.2961,85.8245
2024-10-19,43.8,27.1,10.7,bhubaneswar,20.2961,85.8245
2024-10-20,3.3,26.4,10.7,bhubaneswar,20.2961,85.8245
2024-10-21,0.2,27.3,13.9,bhubaneswar,20.2961,85.8245
2024-10-22,0.0,27.3,14.8,bhubaneswar,20.2961,85.8245
2024-10-23,22.4,27.1,29.5,bhubaneswar,20.2961,85.8245
2024-10-24,43.9,25.1,34.1,bhubaneswar,20.2961,85.8245
2024-10-25,9.9,25.3,26.2,bhubaneswar,20.2961,85.8245
2024-10-26,25.3,24.4,14.7,bhubaneswar,20.2961,85.8245
2024-10-27,2.7,26.0,9.8,bhubaneswar,20.2961,85.8245
2024-10-28,6.8,25.7,12.6,bhubaneswar,20.2961,85.8245
2024-10-29,0.8,26.4,11.8,bhubaneswar,20.2961,85.8245
2024-10-30,2.4,26.5,8.6,bhubaneswar,20.2961,85.8245
2024-10-31,0.0,27.3,10.0,bhubaneswar,20.2961,85.8245
2024-11-01,34.2,25.5,17.1,bhubaneswar,20.2961,85.8245
2024-11-02,0.0,26.1,10.0,bhubaneswar,20.2961,85.8245
2024-11-03,0.0,25.7,9.9,bhubaneswar,20.2961,85.8245
2024-11-04,0.0,25.5,8.0,bhubaneswar,20.2961,85.8245
2024-11-05,3.9,25.0,12.5,bhubaneswar,20.2961,85.8245
2024-11-06,0.9,25.3,18.4,bhubaneswar,20.2961,85.8245
2024-11-07,0.1,25.6,10.5,bhubaneswar,20.2961,85.8245
2024-11-08,0.0,25.6,12.4,bhubaneswar,20.2961,85.8245
2024-11-09,0.0,25.3,11.5,bhubaneswar,20.2961,85.8245
2024-11-10,0.0,24.9,16.5,bhubaneswar,20.2961,85.8245
2024-11-11,0.2,25.1,14.7,bhubaneswar,20.2961,85.8245
2024-11-12,1.3,24.9,15.9,bhubaneswar,20.2961,85.8245
2024-11-13,0.0,26.0,13.7,bhubaneswar,20.2961,85.8245
2024-11-14,0.0,25.6,12.9,bhubaneswar,20.2961,85.8245
2024-11-15,0.0,24.8,8.8,bhubaneswar,20.2961,85.8245
2024-11-16,0.0,23.7,11.9,bhubaneswar,20.2961,85.8245
2024-11-17,0.0,23.8,10.6,bhubaneswar,20.2961,85.8245
2024-11-18,0.0,23.7,9.7,bhubaneswar,20.2961,85.8245
2024-11-19,0.0,23.5,9.8,bhubaneswar,20.2961,85.8245
2024-11-20,0.0,23.3,8.9,bhubaneswar,20.2961,85.8245
2024-11-21,0.0,23.4,9.0,bhubaneswar,20.2961,85.8245
2024-11-22,0.0,23.2,8.9,bhubaneswar,20.2961,85.8245
2024-11-23,0.0,23.3,10.2,bhubaneswar,20.2961,85.8245
2024-11-24,0.0,22.7,9.4,bhubaneswar,20.2961,85.8245
2024-11-25,0.0,22.2,11.3,bhubaneswar,20.2961,85.8245
2024-11-26,0.0,22.1,10.1,bhubaneswar,20.2961,85.8245
2024-11-27,0.0,21.9,14.4,bhubaneswar,20.2961,85.8245
2024-11-28,0.0,23.9,19.1,bhubaneswar,20.2961,85.8245
2024-11-29,6.9,22.7,21.5,bhubaneswar,20.2961,85.8245
2024-11-30,0.0,23.5,17.7,bhubaneswar,20.2961,85.8245
2024-12-01,0.6,24.2,14.7,bhubaneswar,20.2961,85.8245
2024-12-02,0.1,24.1,13.4,bhubaneswar,20.2961,85.8245
2024-12-03,0.0,24.1,11.8,bhubaneswar,20.2961,85.8245
2024-12-04,0.0,24.6,10.2,bhubaneswar,20.2961,85.8245
2024-12-05,0.0,24.8,10.1,bhubaneswar,20.2961,85.8245
2024-12-06,0.1,24.7,11.0,bhubaneswar,20.2961,85.8245
2024-12-07,0.3,24.1,9.9,bhubaneswar,20.2961,85.8245
2024-12-08,3.6,23.1,9.8,bhubaneswar,20.2961,85.8245
2024-12-09,4.3,23.9,11.9,bhubaneswar,20.2961,85.8245
2024-12-10,0.8,23.4,10.5,bhubaneswar,20.2961,85.8245
2024-12-11,0.0,21.3,14.5,bhubaneswar,20.2961,85.8245
2024-12-12,0.0,20.2,11.3,bhubaneswar,20.2961,85.8245
2024-12-13,0.0,20.0,12.0,bhubaneswar,20.2961,85.8245
2024-12-14,0.0,19.6,14.4,bhubaneswar,20.2961,85.8245
2024-12-15,0.0,18.7,12.9,bhubaneswar,20.2961,85.8245
2024-12-16,0.0,19.0,13.2,bhubaneswar,20.2961,85.8245
2024-12-17,0.0,21.5,11.2,bhubaneswar,20.2961,85.8245
2024-12-18,0.0,23.3,12.6,bhubaneswar,20.2961,85.8245
2024-12-19,0.0,23.5,15.7,bhubaneswar,20.2961,85.8245
2024-12-20,40.8,20.7,13.9,bhubaneswar,20.2961,85.8245
2024-12-21,29.8,19.1,15.4,bhubaneswar,20.2961,85.8245
2024-12-22,0.0,21.5,12.6,bhubaneswar,20.2961,85.8245
2024-12-23,0.2,22.5,14.4,bhubaneswar,20.2961,85.8245
2024-12-24,1.7,21.0,12.3,bhubaneswar,20.2961,85.8245
2024-12-25,10.6,20.6,11.2,bhubaneswar,20.2961,85.8245
2024-12-26,0.0,22.4,10.5,bhubaneswar,20.2961,85.8245
2024-12-27,0.0,22.3,13.7,bhubaneswar,20.2961,85.8245
2024-12-28,0.0,21.9,7.4,bhubaneswar,20.2961,85.8245
2024-12-29,0.0,23.1,8.7,bhubaneswar,20.2961,85.8245
2024-12-30,0.0,22.8,9.5,bhubaneswar,20.2961,85.8245
2024-12-31,0.0,21.2,12.3,bhubaneswar,20.2961,85.8245
2025-01-01,0.0,19.5,10.3,bhubaneswar,20.2961,85.8245
2025-01-02,0.0,18.8,12.5,bhubaneswar,20.2961,85.8245
2025-01-03,0.0,18.6,10.5,bhubaneswar,20.2961,85.8245
2025-01-04,0.0,19.1,9.9,bhubaneswar,20.2961,85.8245
2025-01-05,0.0,19.9,9.0,bhubaneswar,20.2961,85.8245
2025-01-06,0.0,20.7,8.9,bhubaneswar,20.2961,85.8245
2025-01-07,0.0,21.2,10.6,bhubaneswar,20.2961,85.8245
2025-01-08,0.0,20.2,11.5,bhubaneswar,20.2961,85.8245
2025-01-09,0.0,19.1,10.3,bhubaneswar,20.2961,85.8245
2025-01-10,0.0,18.6,10.9,bhubaneswar,20.2961,85.8245
2025-01-11,0.0,19.0,11.5,bhubaneswar,20.2961,85.8245
2025-01-12,0.0,19.4,8.1,bhubaneswar,20.2961,85.8245
2025-01-13,0.0,20.8,5.6,bhubaneswar,20.2961,85.8245
2025-01-14,0.0,21.4,13.5,bhubaneswar,20.2961,85.8245
2025-01-15,0.0,21.2,13.0,bhubaneswar,20.2961,85.8245
2025-01-16,0.0,19.7,12.9,bhubaneswar,20.2961,85.8245
2025-01-17,0.0,19.8,13.6,bhubaneswar,20.2961,85.8245
2025-01-18,0.0,20.2,12.1,bhubaneswar,20.2961,85.8245
2025-01-19,0.0,20.8,8.8,bhubaneswar,20.2961,85.8245
2025-01-20,0.0,20.9,10.0,bhubaneswar,20.2961,85.8245
2025-01-21,0.0,21.7,7.8,bhubaneswar,20.2961,85.8245
2025-01-22,0.0,22.6,10.2,bhubaneswar,20.2961,85.8245
2025-01-23,0.0,23.6,13.2,bhubaneswar,20.2961,85.8245
2025-01-24,0.0,23.5,14.5,bhubaneswar,20.2961,85.8245
2025-01-25,0.0,23.5,9.9,bhubaneswar,20.2961,85.8245
2025-01-26,0.5,23.1,10.9,bhubaneswar,20.2961,85.8245
2025-01-27,0.0,22.9,10.1,bhubaneswar,20.2961,85.8245
2025-01-28,0.0,23.8,16.3,bhubaneswar,20.2961,85.8245
2025-01-29,0.1,24.2,16.1,bhubaneswar,20.2961,85.8245
2025-01-30,0.0,24.3,18.8,bhubaneswar,20.2961,85.8245
2025-01-31,0.0,25.8,15.1,bhubaneswar,20.2961,85.8245
2025-02-01,0.0,26.2,12.7,bhubaneswar,20.2961,85.8245
2025-02-02,0.0,26.6,12.9,bhubaneswar,20.2961,85.8245
2025-02-03,0.0,26.2,13.3,bhubaneswar,20.2961,85.8245
2025-02-04,0.0,26.6,13.3,bhubaneswar,20.2961,85.8245
2025-02-05,0.0,27.2,14.8,bhubaneswar,20.2961,85.8245
2025-02-06,0.0,26.4,12.3,bhubaneswar,20.2961,85.8245
2025-02-07,0.0,25.2,13.3,bhubaneswar,20.2961,85.8245
2025-02-08,0.0,24.4,13.9,bhubaneswar,20.2961,85.8245
2025-02-09,0.0,24.7,10.0,bhubaneswar,20.2961,85.8245
2025-02-10,0.0,25.5,17.3,bhubaneswar,20.2961,85.8245
2025-02-11,0.0,26.6,14.3,bhubaneswar,20.2961,85.8245
2025-02-12,0.0,27.6,15.6,bhubaneswar,20.2961,85.8245
2025-02-13,0.0,27.1,13.2,bhubaneswar,20.2961,85.8245
2025-02-14,0.0,25.2,13.7,bhubaneswar,20.2961,85.8245
2025-02-15,0.0,25.1,11.2,bhubaneswar,20.2961,85.8245
2025-02-16,0.0,26.4,15.2,bhubaneswar,20.2961,85.8245
2025-02-17,0.0,26.6,16.4,bhubaneswar,20.2961,85.8245
2025-02-18,0.0,26.8,16.6,bhubaneswar,20.2961,85.8245
2025-02-19,0.4,27.0,14.6,bhubaneswar,20.2961,85.8245
2025-02-20,1.0,26.6,17.8,bhubaneswar,20.2961,85.8245
2025-02-21,0.1,26.2,16.9,bhubaneswar,20.2961,85.8245
2025-02-22,1.1,26.5,13.6,bhubaneswar,20.2961,85.8245
2025-02-23,0.1,25.7,15.0,bhubaneswar,20.2961,85.8245
2025-02-24,0.2,25.5,13.5,bhubaneswar,20.2961,85.8245
2025-02-25,1.1,25.8,12.9,bhubaneswar,20.2961,85.8245
2025-02-26,0.2,25.6,13.2,bhubaneswar,20.2961,85.8245
2025-02-27,0.0,26.1,16.6,bhubaneswar,20.2961,85.8245
2025-02-28,0.0,26.7,14.8,bhubaneswar,20.2961,85.8245
2025-03-01,0.0,27.1,15.9,bhubaneswar,20.2961,85.8245
2025-03-02,0.0,28.4,16.5,bhubaneswar,20.2961,85.8245
2025-03-03,0.0,28.9,13.0,bhubaneswar,20.2961,85.8245
2025-03-04,0.0,28.4,14.9,bhubaneswar,20.2961,85.8245
2025-03-05,0.0,28.2,13.0,bhubaneswar,20.2961,85.8245
2025-03-06,0.0,25.4,14.1,bhubaneswar,20.2961,85.8245
2025-03-07,0.0,26.1,15.1,bhubaneswar,20.2961,85.8245
2025-03-08,0.0,27.3,15.7,bhubaneswar,20.2961,85.8245
2025-03-09,0.0,27.0,19.8,bhubaneswar,20.2961,85.8245
2025-03-10,0.0,26.7,14.6,bhubaneswar,20.2961,85.8245
2025-03-11,0.0,27.6,20.0,bhubaneswar,20.2961,85.8245
2025-03-12,0.0,28.8,18.0,bhubaneswar,20.2961,85.8245
2025-03-13,0.0,30.2,18.9,bhubaneswar,20.2961,85.8245
2025-03-14,0.0,30.2,18.4,bhubaneswar,20.2961,85.8245
2025-03-15,0.0,30.5,19.1,bhubaneswar,20.2961,85.8245
2025-03-16,0.0,30.5,20.8,bhubaneswar,20.2961,85.8245
2025-03-17,0.0,30.4,18.3,bhubaneswar,20.2961,85.8245
2025-03-18,0.0,29.6,15.2,bhubaneswar,20.2961,85.8245
2025-03-19,0.6,29.0,16.3,bhubaneswar,20.2961,85.8245
2025-03-20,0.0,29.0,19.3,bhubaneswar,20.2961,85.8245
2025-03-21,0.3,28.1,23.9,bhubaneswar,20.2961,85.8245
2025-03-22,7.9,23.2,14.7,bhubaneswar,20.2961,85.8245
2025-03-23,47.4,24.9,19.7,bhubaneswar,20.2961,85.8245
2025-03-24,1.7,26.1,11.2,bhubaneswar,20.2961,85.8245
2025-03-25,0.0,27.7,14.3,bhubaneswar,20.2961,85.8245
2025-03-26,0.0,28.8,17.2,bhubaneswar,20.2961,85.8245
2025-03-27,0.0,29.5,15.4,bhubaneswar,20.2961,85.8245
2025-03-28,0.0,30.3,15.5,bhubaneswar,20.2961,85.8245
2025-03-29,0.0,30.4,15.7,bhubaneswar,20.2961,85.8245
2025-03-30,0.0,29.7,17.4,bhubaneswar,20.2961,85.8245
2025-03-31,0.0,29.4,18.4,bhubaneswar,20.2961,85.8245
2025-04-01,0.0,29.1,17.0,bhubaneswar,20.2961,85.8245
2025-04-02,0.1,28.6,16.0,bhubaneswar,20.2961,85.8245
2025-04-03,0.0,28.6,16.1,bhubaneswar,20.2961,85.8245
2025-04-04,0.1,29.3,11.5,bhubaneswar,20.2961,85.8245
2025-04-05,0.0,30.6,18.9,bhubaneswar,20.2961,85.8245
2025-04-06,0.0,30.8,19.2,bhubaneswar,20.2961,85.8245
2025-04-07,0.0,29.9,18.2,bhubaneswar,20.2961,85.8245
2025-04-08,0.1,28.9,17.7,bhubaneswar,20.2961,85.8245
2025-04-09,0.8,28.5,19.0,bhubaneswar,20.2961,85.8245
2025-04-10,1.1,28.8,15.3,bhubaneswar,20.2961,85.8245
2025-04-11,0.0,29.2,16.3,bhubaneswar,20.2961,85.8245
2025-04-12,3.2,29.4,16.8,bhubaneswar,20.2961,85.8245
2025-04-13,0.1,30.1,17.5,bhubaneswar,20.2961,85.8245
2025-04-14,1.5,29.3,14.1,bhubaneswar,20.2961,85.8245
2025-04-15,6.6,27.6,16.3,bhubaneswar,20.2961,85.8245
2025-04-16,0.0,28.9,20.6,bhubaneswar,20.2961,85.8245
2025-04-17,1.6,30.1,19.4,bhubaneswar,20.2961,85.8245
2025-04-18,0.4,30.2,22.5,bhubaneswar,20.2961,85.8245
2025-04-19,0.0,31.0,18.9,bhubaneswar,20.2961,85.8245
2025-04-20,0.4,32.0,19.2,bhubaneswar,20.2961,85.8245
2025-04-21,0.0,31.5,19.5,bhubaneswar,20.2961,85.8245
2025-04-22,0.0,31.6,20.8,bhubaneswar,20.2961,85.8245
2025-04-23,0.0,32.1,20.6,bhubaneswar,20.2961,85.8245
2025-04-24,0.0,32.0,24.3,bhubaneswar,20.2961,85.8245
2025-04-25,0.0,31.5,21.9,bhubaneswar,20.2961,85.8245
2025-04-26,0.0,31.0,23.3,bhubaneswar,20.2961,85.8245
2025-04-27,0.0,30.7,18.0,bhubaneswar,20.2961,85.8245
2025-04-28,9.9,28.2,14.5,bhubaneswar,20.2961,85.8245
2025-04-29,2.4,28.8,14.7,bhubaneswar,20.2961,85.8245
2025-04-30,0.0,27.8,13.4,bhubaneswar,20.2961,85.8245
2025-05-01,8.9,27.3,14.3,bhubaneswar,20.2961,85.8245
2025-05-02,0.1,27.9,16.9,bhubaneswar,20.2961,85.8245
2025-05-03,8.7,28.5,13.5,bhubaneswar,20.2961,85.8245
2025-05-04,0.0,28.4,17.8,bhubaneswar,20.2961,85.8245
2025-05-05,0.0,29.9,16.2,bhubaneswar,20.2961,85.8245
2025-05-06,1.0,30.3,16.2,bhubaneswar,20.2961,85.8245
2025-05-07,0.3,30.5,15.8,bhubaneswar,20.2961,85.8245
2025-05-08,0.0,30.8,15.7,bhubaneswar,20.2961,85.8245
2025-05-09,0.0,31.1,14.6,bhubaneswar,20.2961,85.8245
2025-05-10,0.0,31.2,15.0,bhubaneswar,20.2961,85.8245
2025-05-11,0.0,31.8,16.4,bhubaneswar,20.2961,85.8245
2025-05-12,0.1,32.2,15.3,bhubaneswar,20.2961,85.8245
2025-05-13,0.0,31.5,16.9,bhubaneswar,20.2961,85.8245
2025-05-14,0.3,31.7,18.5,bhubaneswar,20.2961,85.8245
2025-05-15,0.1,31.7,16.4,bhubaneswar,20.2961,85.8245
2025-05-16,2.0,31.4,15.6,bhubaneswar,20.2961,85.8245
2025-05-17,0.6,30.6,20.0,bhubaneswar,20.2961,85.8245
2025-05-18,2.0,30.2,18.1,bhubaneswar,20.2961,85.8245
2025-05-19,2.6,30.6,14.2,bhubaneswar,20.2961,85.8245
2025-05-20,0.4,30.3,23.1,bhubaneswar,20.2961,85.8245
2025-05-21,5.1,29.5,17.1,bhubaneswar,20.2961,85.8245
2025-05-22,7.5,28.9,10.1,bhubaneswar,20.2961,85.8245
2025-05-23,8.1,28.8,10.1,bhubaneswar,20.2961,85.8245
2025-05-24,16.9,27.8,11.4,bhubaneswar,20.2961,85.8245
2025-05-25,25.9,27.5,12.8,bhubaneswar,20.2961,85.8245
2025-05-26,7.0,28.7,12.8,bhubaneswar,20.2961,85.8245
2025-05-27,33.2,27.8,19.2,bhubaneswar,20.2961,85.8245
2025-05-28,23.6,27.6,20.5,bhubaneswar,20.2961,85.8245
2025-05-29,21.1,28.8,20.3,bhubaneswar,20.2961,85.8245
2025-05-30,0.4,30.9,15.1,bhubaneswar,20.2961,85.8245
2025-05-31,3.8,30.0,13.1,bhubaneswar,20.2961,85.8245
2025-06-01,0.0,31.9,13.5,bhubaneswar,20.2961,85.8245
2025-06-02,0.0,32.3,19.4,bhubaneswar,20.2961,85.8245
2025-06-03,2.8,31.1,16.9,bhubaneswar,20.2961,85.8245
2025-06-04,3.6,31.1,13.5,bhubaneswar,20.2961,85.8245
2025-06-05,0.9,30.3,10.5,bhubaneswar,20.2961,85.8245
2025-06-06,3.5,30.0,12.4,bhubaneswar,20.2961,85.8245
2025-06-07,0.0,30.7,9.3,bhubaneswar,20.2961,85.8245
2025-06-08,0.0,30.8,9.1,bhubaneswar,20.2961,85.8245
2025-06-09,12.2,29.7,12.0,bhubaneswar,20.2961,85.8245
2025-06-10,5.4,29.0,12.6,bhubaneswar,20.2961,85.8245
2025-06-11,3.1,29.1,16.1,bhubaneswar,20.2961,85.8245
2025-06-12,10.9,28.6,14.9,bhubaneswar,20.2961,85.8245
2025-06-13,2.1,29.5,10.6,bhubaneswar,20.2961,85.8245
2025-06-14,0.8,30.2,17.1,bhubaneswar,20.2961,85.8245
2025-06-15,8.0,28.5,13.9,bhubaneswar,20.2961,85.8245
2025-06-16,18.0,27.2,12.6,bhubaneswar,20.2961,85.8245
2025-06-17,17.5,28.0,19.7,bhubaneswar,20.2961,85.8245
2025-06-18,4.8,27.9,19.0,bhubaneswar,20.2961,85.8245
2025-06-19,1.6,28.6,20.9,bhubaneswar,20.2961,85.8245
2025-06-20,0.2,29.7,16.2,bhubaneswar,20.2961,85.8245
2025-06-21,1.0,30.5,12.5,bhubaneswar,20.2961,85.8245
2025-06-22,7.0,29.7,11.1,bhubaneswar,20.2961,85.8245
2025-06-23,15.9,27.7,10.6,bhubaneswar,20.2961,85.8245
2025-06-24,18.1,28.2,15.1,bhubaneswar,20.2961,85.8245
2025-06-25,32.6,27.0,14.0,bhubaneswar,20.2961,85.8245
2025-06-26,22.3,27.7,17.8,bhubaneswar,20.2961,85.8245
2025-06-27,15.9,28.1,16.9,bhubaneswar,20.2961,85.8245
2025-06-28,8.1,27.9,18.8,bhubaneswar,20.2961,85.8245
2025-06-29,5.0,27.6,19.9,bhubaneswar,20.2961,85.8245
2025-06-30,13.5,26.8,17.9,bhubaneswar,20.2961,85.8245
2025-07-01,31.1,27.0,18.1,bhubaneswar,20.2961,85.8245
2025-07-02,14.7,27.1,13.3,bhubaneswar,20.2961,85.8245
2025-07-03,13.8,27.7,15.3,bhubaneswar,20.2961,85.8245
2025-07-04,21.4,27.3,15.3,bhubaneswar,20.2961,85.8245
2025-07-05,13.3,27.0,16.6,bhubaneswar,20.2961,85.8245
2025-07-06,23.2,27.0,18.1,bhubaneswar,20.2961,85.8245
2025-07-07,10.2,27.5,18.0,bhubaneswar,20.2961,85.8245
2025-07-08,4.9,27.9,17.1,bhubaneswar,20.2961,85.8245
2025-07-09,0.7,28.1,19.5,bhubaneswar,20.2961,85.8245
2025-07-10,5.5,28.4,14.5,bhubaneswar,20.2961,85.8245
2025-07-11,9.0,28.7,12.4,bhubaneswar,20.2961,85.8245
2025-07-12,11.4,29.5,14.6,bhubaneswar,20.2961,85.8245
2025-07-13,24.1,28.2,12.6,bhubaneswar,20.2961,85.8245
2025-07-14,25.5,27.3,14.8,bhubaneswar,20.2961,85.8245
2025-07-15,2.9,29.3,15.5,bhubaneswar,20.2961,85.8245
2025-07-16,16.6,28.7,13.5,bhubaneswar,20.2961,85.8245
2025-07-17,5.6,29.1,17.6,bhubaneswar,20.2961,85.8245
2025-07-18,3.1,29.3,10.6,bhubaneswar,20.2961,85.8245
2025-07-19,10.6,29.3,11.2,bhubaneswar,20.2961,85.8245
2025-07-20,3.3,28.7,9.9,bhubaneswar,20.2961,85.8245
2025-07-21,4.9,28.8,12.4,bhubaneswar,20.2961,85.8245
2025-07-22,1.8,28.9,13.1,bhubaneswar,20.2961,85.8245
2025-07-23,10.4,28.7,14.2,bhubaneswar,20.2961,85.8245
2025-07-24,18.1,27.7,20.9,bhubaneswar,20.2961,85.8245
2025-07-25,24.8,26.6,16.2,bhubaneswar,20.2961,85.8245
2025-07-26,3.2,28.8,23.9,bhubaneswar,20.2961,85.8245
2025-07-27,0.8,29.3,17.2,bhubaneswar,20.2961,85.8245
2025-07-28,0.4,29.0,17.5,bhubaneswar,20.2961,85.8245
2025-07-29,19.9,27.1,19.0,bhubaneswar,20.2961,85.8245
2025-07-30,6.9,28.0,16.5,bhubaneswar,20.2961,85.8245
2025-07-31,0.9,28.7,13.9,bhubaneswar,20.2961,85.8245
2025-08-01,1.0,29.7,17.6,bhubaneswar,20.2961,85.8245
2025-08-02,6.5,29.7,14.5,bhubaneswar,20.2961,85.8245
2025-08-03,14.9,28.8,16.6,bhubaneswar,20.2961,85.8245
2025-08-04,1.1,29.6,15.3,bhubaneswar,20.2961,85.8245
2025-08-05,4.2,29.6,13.7,bhubaneswar,20.2961,85.8245
2025-08-06,6.8,28.6,15.4,bhubaneswar,20.2961,85.8245
2025-08-07,23.7,28.3,14.6,bhubaneswar,20.2961,85.8245
2025-08-08,7.7,26.9,19.2,bhubaneswar,20.2961,85.8245
2025-08-09,3.3,28.1,13.5,bhubaneswar,20.2961,85.8245
2025-08-10,5.7,28.8,16.1,bhubaneswar,20.2961,85.8245
2025-08-11,5.8,28.8,9.9,bhubaneswar,20.2961,85.8245
2025-08-12,9.2,29.3,11.5,bhubaneswar,20.2961,85.8245
2025-08-13,12.8,28.2,15.5,bhubaneswar,20.2961,85.8245
2025-08-14,3.3,27.7,13.1,bhubaneswar,20.2961,85.8245
2025-08-15,5.4,27.9,13.6,bhubaneswar,20.2961,85.8245
2025-08-16,5.4,28.1,18.6,bhubaneswar,20.2961,85.8245
2025-08-17,25.3,27.3,22.2,bhubaneswar,20.2961,85.8245
2025-08-18,6.7,27.1,25.1,bhubaneswar,20.2961,85.8245
2025-08-19,6.4,27.6,17.3,bhubaneswar,20.2961,85.8245
2025-08-20,1.1,28.5,16.7,bhubaneswar,20.2961,85.8245
2025-08-21,20.9,27.4,16.7,bhubaneswar,20.2961,85.8245
2025-08-22,32.3,26.3,16.7,bhubaneswar,20.2961,85.8245
2025-08-23,6.9,27.7,20.0,bhubaneswar,20.2961,85.8245
2025-08-24,1.1,27.2,17.2,bhubaneswar,20.2961,85.8245
2025-08-25,38.1,26.3,13.3,bhubaneswar,20.2961,85.8245
2025-08-26,5.4,27.5,15.3,bhubaneswar,20.2961,85.8245
2025-08-27,24.0,26.7,15.4,bhubaneswar,20.2961,85.8245
2025-08-28,12.1,27.8,20.3,bhubaneswar,20.2961,85.8245
2025-08-29,4.4,28.4,20.6,bhubaneswar,20.2961,85.8245
2025-08-30,11.6,27.4,15.2,bhubaneswar,20.2961,85.8245
2025-08-31,9.8,27.0,9.0,bhubaneswar,20.2961,85.8245
2025-09-01,17.3,28.0,12.9,bhubaneswar,20.2961,85.8245
2025-09-02,17.8,26.3,10.3,bhubaneswar,20.2961,85.8245
2025-09-03,77.9,25.7,17.5,bhubaneswar,20.2961,85.8245
2025-09-04,8.6,27.4,8.4,bhubaneswar,20.2961,85.8245
2025-09-05,12.4,27.7,11.0,bhubaneswar,20.2961,85.8245
2025-09-06,9.8,27.0,8.3,bhubaneswar,20.2961,85.8245
2025-09-07,5.5,27.5,14.6,bhubaneswar,20.2961,85.8245
2025-09-08,3.8,28.0,13.2,bhubaneswar,20.2961,85.8245
2025-09-09,1.3,28.7,12.0,bhubaneswar,20.2961,85.8245
2025-09-10,6.7,28.8,14.1,bhubaneswar,20.2961,85.8245
2025-09-11,5.6,27.9,14.8,bhubaneswar,20.2961,85.8245
2025-09-12,5.1,27.5,16.3,bhubaneswar,20.2961,85.8245
2025-09-13,13.3,27.6,13.1,bhubaneswar,20.2961,85.8245
2025-09-14,10.0,27.8,12.9,bhubaneswar,20.2961,85.8245
2025-09-15,7.9,27.5,13.5,bhubaneswar,20.2961,85.8245
2025-09-16,16.9,27.0,14.7,bhubaneswar,20.2961,85.8245
2025-09-17,5.6,28.3,14.8,bhubaneswar,20.2961,85.8245
2025-09-18,0.3,29.1,11.8,bhubaneswar,20.2961,85.8245
2025-09-19,0.5,29.2,9.7,bhubaneswar,20.2961,85.8245
2025-09-20,8.8,28.7,10.7,bhubaneswar,20.2961,85.8245
2025-09-21,9.0,27.7,13.5,bhubaneswar,20.2961,85.8245
2025-09-22,7.8,27.7,15.4,bhubaneswar,20.2961,85.8245
2025-09-23,22.3,26.4,15.4,bhubaneswar,20.2961,85.8245
2025-09-24,5.8,26.9,8.0,bhubaneswar,20.2961,85.8245
2025-09-25,16.1,27.3,15.9,bhubaneswar,20.2961,85.8245
2025-09-26,17.9,26.0,17.5,bhubaneswar,20.2961,85.8245
2025-09-27,9.9,26.8,18.1,bhubaneswar,20.2961,85.8245
2025-09-28,7.2,27.1,17.2,bhubaneswar,20.2961,85.8245
2025-09-29,8.1,27.1,14.4,bhubaneswar,20.2961,85.8245
2025-09-30,0.7,28.4,8.6,bhubaneswar,20.2961,85.8245
2025-10-01,28.5,28.1,20.3,bhubaneswar,20.2961,85.8245
2025-10-02,16.3,26.8,26.8,bhubaneswar,20.2961,85.8245
2025-10-03,1.9,28.6,25.2,bhubaneswar,20.2961,85.8245
2025-10-04,5.8,27.9,18.6,bhubaneswar,20.2961,85.8245
2025-10-05,14.4,26.7,14.5,bhubaneswar,20.2961,85.8245
2025-10-06,11.2,26.5,10.8,bhubaneswar,20.2961,85.8245
2025-10-07,3.4,26.8,10.0,bhubaneswar,20.2961,85.8245
2025-10-08,5.1,26.5,7.4,bhubaneswar,20.2961,85.8245
2025-10-09,11.4,26.9,10.2,bhubaneswar,20.2961,85.8245
2025-10-10,3.5,26.9,10.8,bhubaneswar,20.2961,85.8245
2025-10-11,1.4,27.1,13.2,bhubaneswar,20.2961,85.8245
2025-10-12,0.8,27.2,17.4,bhubaneswar,20.2961,85.8245
2025-10-13,7.1,26.2,15.7,bhubaneswar,20.2961,85.8245
2025-10-14,0.2,27.3,12.4,bhubaneswar,20.2961,85.8245
2025-10-15,0.0,27.5,13.2,bhubaneswar,20.2961,85.8245
2025-10-16,0.0,27.1,8.9,bhubaneswar,20.2961,85.8245
2025-10-17,0.0,27.1,11.5,bhubaneswar,20.2961,85.8245
2025-10-18,2.4,26.8,12.6,bhubaneswar,20.2961,85.8245
2025-10-19,6.3,26.6,16.8,bhubaneswar,20.2961,85.8245
2025-10-20,5.8,26.6,12.1,bhubaneswar,20.2961,85.8245
2025-10-21,1.1,27.7,19.4,bhubaneswar,20.2961,85.8245
2025-10-22,0.5,27.9,17.1,bhubaneswar,20.2961,85.8245
2025-10-23,0.8,27.6,12.7,bhubaneswar,20.2961,85.8245
2025-10-24,0.1,27.2,12.7,bhubaneswar,20.2961,85.8245
2025-10-25,2.6,27.0,14.8,bhubaneswar,20.2961,85.8245
2025-10-26,0.1,27.8,12.5,bhubaneswar,20.2961,85.8245
2025-10-27,13.9,27.1,21.5,bhubaneswar,20.2961,85.8245
2025-10-28,17.1,25.7,21.5,bhubaneswar,20.2961,85.8245
2025-10-29,17.6,26.0,19.6,bhubaneswar,20.2961,85.8245
2025-10-30,6.4,26.5,17.5,bhubaneswar,20.2961,85.8245
2025-10-31,0.3,28.0,14.8,bhubaneswar,20.2961,85.8245
2025-11-01,10.0,27.8,13.2,bhubaneswar,20.2961,85.8245
2025-11-02,0.5,27.0,9.0,bhubaneswar,20.2961,85.8245
2025-11-03,0.2,26.1,9.0,bhubaneswar,20.2961,85.8245
2025-11-04,0.0,25.5,12.8,bhubaneswar,20.2961,85.8245
2025-11-05,0.0,24.9,10.1,bhubaneswar,20.2961,85.8245
2025-11-06,0.0,26.0,8.6,bhubaneswar,20.2961,85.8245
2025-11-07,0.0,26.0,13.3,bhubaneswar,20.2961,85.8245
2025-11-08,0.0,24.7,13.5,bhubaneswar,20.2961,85.8245
2025-11-09,0.0,23.6,11.0,bhubaneswar,20.2961,85.8245
2025-11-10,0.0,23.6,11.1,bhubaneswar,20.2961,85.8245
2025-11-11,0.0,23.7,9.9,bhubaneswar,20.2961,85.8245
2025-11-12,0.0,23.0,10.5,bhubaneswar,20.2961,85.8245
2025-11-13,0.0,23.0,11.3,bhubaneswar,20.2961,85.8245
2025-11-14,0.0,22.8,11.0,bhubaneswar,20.2961,85.8245
2025-11-15,0.0,22.2,14.8,bhubaneswar,20.2961,85.8245
2025-11-16,0.0,22.2,14.7,bhubaneswar,20.2961,85.8245
2025-11-17,0.0,22.1,13.1,bhubaneswar,20.2961,85.8245
2025-11-18,0.0,22.6,10.1,bhubaneswar,20.2961,85.8245
2025-11-19,0.0,24.5,9.7,bhubaneswar,20.2961,85.8245
2025-11-20,0.0,25.4,13.7,bhubaneswar,20.2961,85.8245
2025-11-21,0.0,25.2,13.0,bhubaneswar,20.2961,85.8245
2025-11-22,0.0,25.3,9.6,bhubaneswar,20.2961,85.8245
2025-11-23,0.0,25.1,8.3,bhubaneswar,20.2961,85.8245
2025-11-24,0.0,23.8,11.4,bhubaneswar,20.2961,85.8245
2025-11-25,0.0,22.6,13.5,bhubaneswar,20.2961,85.8245
2025-11-26,0.0,21.6,15.8,bhubaneswar,20.2961,85.8245
2025-11-27,0.0,21.2,13.9,bhubaneswar,20.2961,85.8245
2025-11-28,0.0,22.6,11.2,bhubaneswar,20.2961,85.8245
2025-11-29,0.0,23.4,10.0,bhubaneswar,20.2961,85.8245
2025-11-30,0.0,23.1,10.5,bhubaneswar,20.2961,85.8245
2025-12-01,0.1,22.5,11.1,bhubaneswar,20.2961,85.8245
2025-12-02,0.0,23.4,10.9,bhubaneswar,20.2961,85.8245
2025-12-03,0.0,23.2,10.3,bhubaneswar,20.2961,85.8245
2025-12-04,0.0,22.3,14.3,bhubaneswar,20.2961,85.8245
2025-12-05,0.0,21.5,15.7,bhubaneswar,20.2961,85.8245
2025-12-06,0.0,20.5,11.7,bhubaneswar,20.2961,85.8245
2025-12-07,0.0,20.7,10.1,bhubaneswar,20.2961,85.8245
2025-12-08,0.0,21.1,8.7,bhubaneswar,20.2961,85.8245
2025-12-09,0.0,21.3,11.5,bhubaneswar,20.2961,85.8245
2025-12-10,0.0,20.8,11.7,bhubaneswar,20.2961,85.8245
2025-12-11,0.0,20.5,8.6,bhubaneswar,20.2961,85.8245
2025-12-12,0.0,20.9,6.6,bhubaneswar,20.2961,85.8245
2025-12-13,0.0,21.0,10.2,bhubaneswar,20.2961,85.8245
2025-12-14,0.0,20.9,10.5,bhubaneswar,20.2961,85.8245
2025-12-15,0.0,21.3,7.9,bhubaneswar,20.2961,85.8245
2025-12-16,0.0,21.3,7.2,bhubaneswar,20.2961,85.8245
2025-12-17,0.0,21.2,8.4,bhubaneswar,20.2961,85.8245
2025-12-18,0.0,20.8,8.8,bhubaneswar,20.2961,85.8245
2025-12-19,0.0,21.0,7.1,bhubaneswar,20.2961,85.8245
2025-12-20,0.0,20.9,9.8,bhubaneswar,20.2961,85.8245
2025-12-21,0.0,20.3,10.7,bhubaneswar,20.2961,85.8245
2025-12-22,0.0,20.0,11.5,bhubaneswar,20.2961,85.8245
2025-12-23,0.0,20.6,8.2,bhubaneswar,20.2961,85.8245
2025-12-24,0.0,20.7,9.0,bhubaneswar,20.2961,85.8245
2025-12-25,0.0,19.8,11.8,bhubaneswar,20.2961,85.8245
2025-12-26,0.0,19.1,10.7,bhubaneswar,20.2961,85.8245
2025-12-27,0.0,19.5,9.6,bhubaneswar,20.2961,85.8245
2025-12-28,0.0,19.5,8.4,bhubaneswar,20.2961,85.8245
2025-12-29,0.0,19.1,9.7,bhubaneswar,20.2961,85.8245
2025-12-30,0.0,18.8,10.4,bhubaneswar,20.2961,85.8245
2025-12-31,0.0,18.8,10.2,bhubaneswar,20.2961,85.8245
